[INFO] Scanning for projects...
[INFO] 
[INFO] -------------------< com.ecommerce:cnj70-ecommerce >--------------------
[INFO] Building CNJ70 Ecommerce 1.0.0
[INFO]   from pom.xml
[INFO] --------------------------------[ jar ]---------------------------------
[INFO] 
[INFO] >>> spring-boot:3.2.0:run (default-cli) > test-compile @ cnj70-ecommerce >>>
[INFO] 
[INFO] --- resources:3.3.1:resources (default-resources) @ cnj70-ecommerce ---
[INFO] Copying 2 resources from src\main\resources to target\classes
[INFO] Copying 136 resources from src\main\resources to target\classes
[INFO] 
[INFO] --- compiler:3.11.0:compile (default-compile) @ cnj70-ecommerce ---
[INFO] Nothing to compile - all classes are up to date
[INFO] 
[INFO] --- resources:3.3.1:testResources (default-testResources) @ cnj70-ecommerce ---
[INFO] Copying 1 resource from src\test\resources to target\test-classes
[INFO] 
[INFO] --- compiler:3.11.0:testCompile (default-testCompile) @ cnj70-ecommerce ---
[INFO] Nothing to compile - all classes are up to date
[INFO] 
[INFO] <<< spring-boot:3.2.0:run (default-cli) < test-compile @ cnj70-ecommerce <<<
[INFO] 
[INFO] 
[INFO] --- spring-boot:3.2.0:run (default-cli) @ cnj70-ecommerce ---
[INFO] Attaching agents: []

  .   ____          _            __ _ _
 /\\ / ___'_ __ _ _(_)_ __  __ _ \ \ \ \
( ( )\___ | '_ | '_| | '_ \/ _` | \ \ \ \
 \\/  ___)| |_)| | | | | || (_| |  ) ) ) )
  '  |____| .__|_| |_|_| |_\__, | / / / /
 =========|_|==============|___/=/_/_/_/
 :: Spring Boot ::                (v3.2.0)

2026-09-25T17:41:28.254+07:00  INFO 36788 --- [CNJ70 Ecommerce] [  restartedMain] c.e.cnj70.config.DotenvInitializer       : DotenvInitializer: Loaded 86 environment variables from .env
2026-09-25T17:41:28.262+07:00  INFO 36788 --- [CNJ70 Ecommerce] [  restartedMain] c.e.cnj70.Cnj70EcommerceApplication      : Starting Cnj70EcommerceApplication using Java 21.0.12 with PID 36788 (D:\Code Full\Java\BTL_E_commerce\Ecommerce_Java\target\classes started by Asus in D:\Code Full\Java\BTL_E_commerce\Ecommerce_Java)
2026-09-25T17:41:28.262+07:00 DEBUG 36788 --- [CNJ70 Ecommerce] [  restartedMain] c.e.cnj70.Cnj70EcommerceApplication      : Running with Spring Boot v3.2.0, Spring v6.1.1
2026-09-25T17:41:28.263+07:00  INFO 36788 --- [CNJ70 Ecommerce] [  restartedMain] c.e.cnj70.Cnj70EcommerceApplication      : No active profile set, falling back to 1 default profile: "default"
2026-09-25T17:41:28.323+07:00  INFO 36788 --- [CNJ70 Ecommerce] [  restartedMain] .e.DevToolsPropertyDefaultsPostProcessor : Devtools property defaults active! Set 'spring.devtools.add-properties' to 'false' to disable
2026-09-25T17:41:28.323+07:00  INFO 36788 --- [CNJ70 Ecommerce] [  restartedMain] .e.DevToolsPropertyDefaultsPostProcessor : For additional web related logging consider setting the 'logging.level.web' property to 'DEBUG'
2026-09-25T17:41:29.668+07:00  INFO 36788 --- [CNJ70 Ecommerce] [  restartedMain] .s.d.r.c.RepositoryConfigurationDelegate : Bootstrapping Spring Data MongoDB repositories in DEFAULT mode.
2026-09-25T17:41:29.878+07:00  INFO 36788 --- [CNJ70 Ecommerce] [  restartedMain] .s.d.r.c.RepositoryConfigurationDelegate : Finished Spring Data repository scanning in 202 ms. Found 22 MongoDB repository interfaces.
2026-09-25T17:41:30.610+07:00  INFO 36788 --- [CNJ70 Ecommerce] [  restartedMain] o.s.b.w.embedded.tomcat.TomcatWebServer  : Tomcat initialized with port 8081 (http)
2026-09-25T17:41:30.625+07:00  INFO 36788 --- [CNJ70 Ecommerce] [  restartedMain] o.apache.catalina.core.StandardService   : Starting service [Tomcat]
2026-09-25T17:41:30.626+07:00  INFO 36788 --- [CNJ70 Ecommerce] [  restartedMain] o.apache.catalina.core.StandardEngine    : Starting Servlet engine: [Apache Tomcat/10.1.16]
2026-09-25T17:41:30.679+07:00  INFO 36788 --- [CNJ70 Ecommerce] [  restartedMain] o.a.c.c.C.[Tomcat].[localhost].[/]       : Initializing Spring embedded WebApplicationContext
2026-09-25T17:41:30.679+07:00  INFO 36788 --- [CNJ70 Ecommerce] [  restartedMain] w.s.c.ServletWebServerApplicationContext : Root WebApplicationContext: initialization completed in 2355 ms
2026-09-25T17:41:30.946+07:00  INFO 36788 --- [CNJ70 Ecommerce] [  restartedMain] org.mongodb.driver.client                : MongoClient with metadata {"driver": {"name": "mongo-java-driver|sync|spring-boot", "version": "4.11.1"}, "os": {"type": "Windows", "name": "Windows 11", "architecture": "amd64", "version": "10.0"}, "platform": "Java/Oracle Corporation/21.0.12+7-LTS-205"} created with settings MongoClientSettings{readPreference=primary, writeConcern=WriteConcern{w=null, wTimeout=null ms, journal=null}, retryWrites=true, retryReads=true, readConcern=ReadConcern{level=null}, credential=MongoCredential{mechanism=null, userName='nguyenquocanh170205_db_user', source='admin', password=<hidden>, mechanismProperties=<hidden>}, transportSettings=null, streamFactoryFactory=null, commandListeners=[], codecRegistry=ProvidersCodecRegistry{codecProviders=[ValueCodecProvider{}, BsonValueCodecProvider{}, DBRefCodecProvider{}, DBObjectCodecProvider{}, DocumentCodecProvider{}, CollectionCodecProvider{}, IterableCodecProvider{}, MapCodecProvider{}, GeoJsonCodecProvider{}, GridFSFileCodecProvider{}, Jsr310CodecProvider{}, JsonObjectCodecProvider{}, BsonCodecProvider{}, EnumCodecProvider{}, com.mongodb.client.model.mql.ExpressionCodecProvider@6464b69b, com.mongodb.Jep395RecordCodecProvider@f1449e, com.mongodb.KotlinCodecProvider@301dc2f0]}, loggerSettings=LoggerSettings{maxDocumentLength=1000}, clusterSettings={hosts=[127.0.0.1:27017], srvHost=cluster0.2pu37z6.mongodb.net, srvServiceName=mongodb, mode=MULTIPLE, requiredClusterType=REPLICA_SET, requiredReplicaSetName='atlas-i9pmeb-shard-0', serverSelector='null', clusterListeners='[]', serverSelectionTimeout='30000 ms', localThreshold='15 ms'}, socketSettings=SocketSettings{connectTimeoutMS=10000, readTimeoutMS=0, receiveBufferSize=0, proxySettings=ProxySettings{host=null, port=null, username=null, password=null}}, heartbeatSocketSettings=SocketSettings{connectTimeoutMS=10000, readTimeoutMS=10000, receiveBufferSize=0, proxySettings=ProxySettings{host=null, port=null, username=null, password=null}}, connectionPoolSettings=ConnectionPoolSettings{maxSize=100, minSize=0, maxWaitTimeMS=120000, maxConnectionLifeTimeMS=0, maxConnectionIdleTimeMS=0, maintenanceInitialDelayMS=0, maintenanceFrequencyMS=60000, connectionPoolListeners=[], maxConnecting=2}, serverSettings=ServerSettings{heartbeatFrequencyMS=10000, minHeartbeatFrequencyMS=500, serverListeners='[]', serverMonitorListeners='[]'}, sslSettings=SslSettings{enabled=true, invalidHostNameAllowed=false, context=null}, applicationName='null', compressorList=[], uuidRepresentation=JAVA_LEGACY, serverApi=null, autoEncryptionSettings=null, dnsClient=null, inetAddressResolver=null, contextProvider=null}
2026-09-25T17:41:31.041+07:00  INFO 36788 --- [CNJ70 Ecommerce] [7z6.mongodb.net] org.mongodb.driver.cluster               : Adding discovered server ac-i3gkoj7-shard-00-00.2pu37z6.mongodb.net:27017 to client view of cluster
2026-09-25T17:41:31.077+07:00  INFO 36788 --- [CNJ70 Ecommerce] [7z6.mongodb.net] org.mongodb.driver.cluster               : Adding discovered server ac-i3gkoj7-shard-00-01.2pu37z6.mongodb.net:27017 to client view of cluster
2026-09-25T17:41:31.080+07:00  INFO 36788 --- [CNJ70 Ecommerce] [7z6.mongodb.net] org.mongodb.driver.cluster               : Adding discovered server ac-i3gkoj7-shard-00-02.2pu37z6.mongodb.net:27017 to client view of cluster
2026-09-25T17:41:31.387+07:00 DEBUG 36788 --- [CNJ70 Ecommerce] [  restartedMain] .m.c.i.MongoPersistentEntityIndexCreator : Analyzing class class com.ecommerce.cnj70.document.Order$OrderItem for index information
2026-09-25T17:41:31.389+07:00 DEBUG 36788 --- [CNJ70 Ecommerce] [  restartedMain] .m.c.i.MongoPersistentEntityIndexCreator : Analyzing class class com.ecommerce.cnj70.document.Category for index information
2026-09-25T17:41:31.460+07:00  INFO 36788 --- [CNJ70 Ecommerce] [  restartedMain] org.mongodb.driver.cluster               : No server chosen by WritableServerSelector from cluster description ClusterDescription{type=REPLICA_SET, connectionMode=MULTIPLE, serverDescriptions=[ServerDescription{address=ac-i3gkoj7-shard-00-00.2pu37z6.mongodb.net:27017, type=UNKNOWN, state=CONNECTING}, ServerDescription{address=ac-i3gkoj7-shard-00-02.2pu37z6.mongodb.net:27017, type=UNKNOWN, state=CONNECTING}, ServerDescription{address=ac-i3gkoj7-shard-00-01.2pu37z6.mongodb.net:27017, type=UNKNOWN, state=CONNECTING}]}. Waiting for 30000 ms before timing out
2026-09-25T17:41:31.727+07:00  INFO 36788 --- [CNJ70 Ecommerce] [ngodb.net:27017] org.mongodb.driver.cluster               : Monitor thread successfully connected to server with description ServerDescription{address=ac-i3gkoj7-shard-00-00.2pu37z6.mongodb.net:27017, type=REPLICA_SET_SECONDARY, state=CONNECTED, ok=true, minWireVersion=0, maxWireVersion=25, maxDocumentSize=16777216, logicalSessionTimeoutMinutes=30, roundTripTimeNanos=331702100, setName='atlas-i9pmeb-shard-0', canonicalAddress=ac-i3gkoj7-shard-00-00.2pu37z6.mongodb.net:27017, hosts=[ac-i3gkoj7-shard-00-00.2pu37z6.mongodb.net:27017, ac-i3gkoj7-shard-00-01.2pu37z6.mongodb.net:27017, ac-i3gkoj7-shard-00-02.2pu37z6.mongodb.net:27017], passives=[], arbiters=[], primary='ac-i3gkoj7-shard-00-02.2pu37z6.mongodb.net:27017', tagSet=TagSet{[Tag{name='availabilityZone', value='apse1-az1'}, Tag{name='cacheState', value='READY'}, Tag{name='diskState', value='READY'}, Tag{name='nodeType', value='ELECTABLE'}, Tag{name='provider', value='AWS'}, Tag{name='region', value='AP_SOUTHEAST_1'}, Tag{name='workloadType', value='OPERATIONAL'}]}, electionId=null, setVersion=65, topologyVersion=TopologyVersion{processId=6aa571ca69bd1640bfc04f00, counter=10}, lastWriteDate=Fri Sep 25 17:41:32 ICT 2026, lastUpdateTimeNanos=642222567664000}
2026-09-25T17:41:31.727+07:00  INFO 36788 --- [CNJ70 Ecommerce] [ngodb.net:27017] org.mongodb.driver.cluster               : Monitor thread successfully connected to server with description ServerDescription{address=ac-i3gkoj7-shard-00-02.2pu37z6.mongodb.net:27017, type=REPLICA_SET_PRIMARY, state=CONNECTED, ok=true, minWireVersion=0, maxWireVersion=25, maxDocumentSize=16777216, logicalSessionTimeoutMinutes=30, roundTripTimeNanos=336707300, setName='atlas-i9pmeb-shard-0', canonicalAddress=ac-i3gkoj7-shard-00-02.2pu37z6.mongodb.net:27017, hosts=[ac-i3gkoj7-shard-00-00.2pu37z6.mongodb.net:27017, ac-i3gkoj7-shard-00-01.2pu37z6.mongodb.net:27017, ac-i3gkoj7-shard-00-02.2pu37z6.mongodb.net:27017], passives=[], arbiters=[], primary='ac-i3gkoj7-shard-00-02.2pu37z6.mongodb.net:27017', tagSet=TagSet{[Tag{name='availabilityZone', value='apse1-az3'}, Tag{name='cacheState', value='READY'}, Tag{name='diskState', value='READY'}, Tag{name='nodeType', value='ELECTABLE'}, Tag{name='provider', value='AWS'}, Tag{name='region', value='AP_SOUTHEAST_1'}, Tag{name='workloadType', value='OPERATIONAL'}]}, electionId=7fffffff000000000000006b, setVersion=65, topologyVersion=TopologyVersion{processId=6aa57074fe73bbb10be7cb83, counter=12}, lastWriteDate=Fri Sep 25 17:41:32 ICT 2026, lastUpdateTimeNanos=642222567663900}
2026-09-25T17:41:31.727+07:00  INFO 36788 --- [CNJ70 Ecommerce] [ngodb.net:27017] org.mongodb.driver.cluster               : Monitor thread successfully connected to server with description ServerDescription{address=ac-i3gkoj7-shard-00-01.2pu37z6.mongodb.net:27017, type=REPLICA_SET_SECONDARY, state=CONNECTED, ok=true, minWireVersion=0, maxWireVersion=25, maxDocumentSize=16777216, logicalSessionTimeoutMinutes=30, roundTripTimeNanos=345185400, setName='atlas-i9pmeb-shard-0', canonicalAddress=ac-i3gkoj7-shard-00-01.2pu37z6.mongodb.net:27017, hosts=[ac-i3gkoj7-shard-00-00.2pu37z6.mongodb.net:27017, ac-i3gkoj7-shard-00-01.2pu37z6.mongodb.net:27017, ac-i3gkoj7-shard-00-02.2pu37z6.mongodb.net:27017], passives=[], arbiters=[], primary='ac-i3gkoj7-shard-00-02.2pu37z6.mongodb.net:27017', tagSet=TagSet{[Tag{name='availabilityZone', value='apse1-az2'}, Tag{name='cacheState', value='READY'}, Tag{name='diskState', value='READY'}, Tag{name='nodeType', value='ELECTABLE'}, Tag{name='provider', value='AWS'}, Tag{name='region', value='AP_SOUTHEAST_1'}, Tag{name='workloadType', value='OPERATIONAL'}]}, electionId=null, setVersion=65, topologyVersion=TopologyVersion{processId=6aa573647c864f06dabc38b1, counter=9}, lastWriteDate=Fri Sep 25 17:41:32 ICT 2026, lastUpdateTimeNanos=642222568054000}
2026-09-25T17:41:31.733+07:00  INFO 36788 --- [CNJ70 Ecommerce] [ngodb.net:27017] org.mongodb.driver.cluster               : Discovered replica set primary ac-i3gkoj7-shard-00-02.2pu37z6.mongodb.net:27017 with max election id 7fffffff000000000000006b and max set version 65
2026-09-25T17:41:32.195+07:00 DEBUG 36788 --- [CNJ70 Ecommerce] [  restartedMain] .m.c.i.MongoPersistentEntityIndexCreator : Analyzing class class com.ecommerce.cnj70.document.Escalation for index information
2026-09-25T17:41:32.443+07:00 DEBUG 36788 --- [CNJ70 Ecommerce] [  restartedMain] .m.c.i.MongoPersistentEntityIndexCreator : Analyzing class class com.ecommerce.cnj70.document.Review for index information
2026-09-25T17:41:32.784+07:00 DEBUG 36788 --- [CNJ70 Ecommerce] [  restartedMain] .m.c.i.MongoPersistentEntityIndexCreator : Analyzing class class com.ecommerce.cnj70.document.Complaint for index information
2026-09-25T17:41:33.276+07:00 DEBUG 36788 --- [CNJ70 Ecommerce] [  restartedMain] .m.c.i.MongoPersistentEntityIndexCreator : Analyzing class class com.ecommerce.cnj70.document.ProductVariant for index information
2026-09-25T17:41:33.278+07:00 DEBUG 36788 --- [CNJ70 Ecommerce] [  restartedMain] .m.c.i.MongoPersistentEntityIndexCreator : Analyzing class class com.ecommerce.cnj70.document.RefundRequest for index information
2026-09-25T17:41:33.866+07:00 DEBUG 36788 --- [CNJ70 Ecommerce] [  restartedMain] .m.c.i.MongoPersistentEntityIndexCreator : Analyzing class class com.ecommerce.cnj70.document.Product for index information
2026-09-25T17:41:34.040+07:00 DEBUG 36788 --- [CNJ70 Ecommerce] [  restartedMain] .m.c.i.MongoPersistentEntityIndexCreator : Analyzing class class com.ecommerce.cnj70.document.ReturnRequest for index information
2026-09-25T17:41:34.551+07:00 DEBUG 36788 --- [CNJ70 Ecommerce] [  restartedMain] .m.c.i.MongoPersistentEntityIndexCreator : Analyzing class class com.ecommerce.cnj70.document.ModerationHistory for index information
2026-09-25T17:41:34.722+07:00 DEBUG 36788 --- [CNJ70 Ecommerce] [  restartedMain] .m.c.i.MongoPersistentEntityIndexCreator : Analyzing class class com.ecommerce.cnj70.document.ProductSpecification for index information
2026-09-25T17:41:34.723+07:00 DEBUG 36788 --- [CNJ70 Ecommerce] [  restartedMain] .m.c.i.MongoPersistentEntityIndexCreator : Analyzing class class com.ecommerce.cnj70.document.Voucher for index information
2026-09-25T17:41:34.805+07:00 DEBUG 36788 --- [CNJ70 Ecommerce] [  restartedMain] .m.c.i.MongoPersistentEntityIndexCreator : Analyzing class class com.ecommerce.cnj70.document.Order for index information
2026-09-25T17:41:34.887+07:00 DEBUG 36788 --- [CNJ70 Ecommerce] [  restartedMain] .m.c.i.MongoPersistentEntityIndexCreator : Analyzing class class com.ecommerce.cnj70.document.Order$SubOrderShipping for index information
2026-09-25T17:41:34.888+07:00 DEBUG 36788 --- [CNJ70 Ecommerce] [  restartedMain] .m.c.i.MongoPersistentEntityIndexCreator : Analyzing class class com.ecommerce.cnj70.document.SchedulerIdempotencyRecord for index information
2026-09-25T17:41:35.480+07:00 DEBUG 36788 --- [CNJ70 Ecommerce] [  restartedMain] .m.c.i.MongoPersistentEntityIndexCreator : Analyzing class class com.ecommerce.cnj70.document.LegalDocument for index information
2026-09-25T17:41:35.562+07:00 DEBUG 36788 --- [CNJ70 Ecommerce] [  restartedMain] .m.c.i.MongoPersistentEntityIndexCreator : Analyzing class class com.ecommerce.cnj70.document.Shop for index information
2026-09-25T17:41:35.646+07:00 DEBUG 36788 --- [CNJ70 Ecommerce] [  restartedMain] .m.c.i.MongoPersistentEntityIndexCreator : Analyzing class class com.ecommerce.cnj70.document.KycProfile for index information
2026-09-25T17:41:35.736+07:00 DEBUG 36788 --- [CNJ70 Ecommerce] [  restartedMain] .m.c.i.MongoPersistentEntityIndexCreator : Analyzing class class com.ecommerce.cnj70.document.Violation for index information
2026-09-25T17:41:36.061+07:00 DEBUG 36788 --- [CNJ70 Ecommerce] [  restartedMain] .m.c.i.MongoPersistentEntityIndexCreator : Analyzing class class com.ecommerce.cnj70.document.AuditLogEntry for index information
2026-09-25T17:41:36.767+07:00 DEBUG 36788 --- [CNJ70 Ecommerce] [  restartedMain] .m.c.i.MongoPersistentEntityIndexCreator : Analyzing class class com.ecommerce.cnj70.document.User for index information
2026-09-25T17:41:36.851+07:00 DEBUG 36788 --- [CNJ70 Ecommerce] [  restartedMain] .m.c.i.MongoPersistentEntityIndexCreator : Analyzing class class com.ecommerce.cnj70.document.AuditLog for index information
2026-09-25T17:41:37.371+07:00 DEBUG 36788 --- [CNJ70 Ecommerce] [  restartedMain] .m.c.i.MongoPersistentEntityIndexCreator : Analyzing class class com.ecommerce.cnj70.document.Cart$CartItem for index information
2026-09-25T17:41:37.372+07:00 DEBUG 36788 --- [CNJ70 Ecommerce] [  restartedMain] .m.c.i.MongoPersistentEntityIndexCreator : Analyzing class class com.ecommerce.cnj70.document.Banner for index information
2026-09-25T17:41:37.631+07:00 DEBUG 36788 --- [CNJ70 Ecommerce] [  restartedMain] .m.c.i.MongoPersistentEntityIndexCreator : Analyzing class class com.ecommerce.cnj70.document.ReportCase for index information
2026-09-25T17:41:38.293+07:00 DEBUG 36788 --- [CNJ70 Ecommerce] [  restartedMain] .m.c.i.MongoPersistentEntityIndexCreator : Analyzing class class com.ecommerce.cnj70.document.Cart for index information
2026-09-25T17:41:38.597+07:00 DEBUG 36788 --- [CNJ70 Ecommerce] [  restartedMain] c.e.c.security.JwtAuthenticationFilter   : Filter 'jwtAuthenticationFilter' configured for use
2026-09-25T17:41:38.619+07:00  INFO 36788 --- [CNJ70 Ecommerce] [  restartedMain] o.s.b.d.a.OptionalLiveReloadServer       : LiveReload server is running on port 35729
2026-09-25T17:41:38.785+07:00  INFO 36788 --- [CNJ70 Ecommerce] [  restartedMain] c.ecommerce.cnj70.config.DotenvConfig    : Loaded environment variables from .env file
2026-09-25T17:41:39.452+07:00  INFO 36788 --- [CNJ70 Ecommerce] [  restartedMain] com.ecommerce.cnj70.util.CryptoUtil      : ENCRYPTION_KEY resolved from JVM system property
2026-09-25T17:41:39.464+07:00  INFO 36788 --- [CNJ70 Ecommerce] [  restartedMain] e.c.s.i.NoopAutoModerationResultProvider : NoopAutoModerationResultProvider active — Auto Moderation backend not wired in. Phase 2A UI will display 'Auto Moderation Result: not available'.
2026-09-25T17:41:39.494+07:00  INFO 36788 --- [CNJ70 Ecommerce] [  restartedMain] c.e.c.s.impl.LoggingEscalationWriter     : LoggingEscalationWriter active — Phase 3A Admin Escalation consumer not wired in. Escalations will be persisted to the 'escalations' collection only (no Admin notification).
2026-09-25T17:41:39.505+07:00  INFO 36788 --- [CNJ70 Ecommerce] [  restartedMain] c.e.c.s.i.NoopVerifiedPurchaseGateway    : NoopVerifiedPurchaseGateway active — Verified Purchase integration not wired in. Phase 2B UI will display 'Verified Purchase: not available'.
2026-09-25T17:41:39.507+07:00  INFO 36788 --- [CNJ70 Ecommerce] [  restartedMain] c.e.c.s.impl.NoopReviewReportGateway     : NoopReviewReportGateway active — ReportCase backend not wired in. Phase 2B UI will display 'Report Count: not available'.
2026-09-25T17:41:39.511+07:00  INFO 36788 --- [CNJ70 Ecommerce] [  restartedMain] c.s.i.NoopReviewViolationContextProvider : NoopReviewViolationContextProvider active — Review Violation backend not wired in. Phase 2B UI will display 'Auto Moderation Result: not available'.
2026-09-25T17:41:39.993+07:00  INFO 36788 --- [CNJ70 Ecommerce] [  restartedMain] o.s.s.web.DefaultSecurityFilterChain     : Will secure any request with [org.springframework.security.web.session.DisableEncodeUrlFilter@79f3052, org.springframework.security.web.context.request.async.WebAsyncManagerIntegrationFilter@66c4d7de, org.springframework.security.web.context.SecurityContextHolderFilter@78347f0d, org.springframework.security.web.header.HeaderWriterFilter@40914a5f, org.springframework.web.filter.CorsFilter@29a365e7, org.springframework.security.web.authentication.logout.LogoutFilter@109c5dd9, com.ecommerce.cnj70.security.JwtAuthenticationFilter@7270f26d, org.springframework.security.web.savedrequest.RequestCacheAwareFilter@1765f711, org.springframework.security.web.servletapi.SecurityContextHolderAwareRequestFilter@228256ae, org.springframework.security.web.authentication.AnonymousAuthenticationFilter@7cc7205a, org.springframework.security.web.session.SessionManagementFilter@5029ca8f, org.springframework.security.web.access.ExceptionTranslationFilter@457445b9, org.springframework.security.web.access.intercept.AuthorizationFilter@5f57cda2]
2026-09-25T17:41:40.352+07:00  INFO 36788 --- [CNJ70 Ecommerce] [  restartedMain] o.s.b.w.embedded.tomcat.TomcatWebServer  : Tomcat started on port 8081 (http) with context path ''
2026-09-25T17:41:40.363+07:00  INFO 36788 --- [CNJ70 Ecommerce] [  restartedMain] c.e.cnj70.Cnj70EcommerceApplication      : Started Cnj70EcommerceApplication in 12.643 seconds (process running for 13.105)
2026-09-25T17:41:40.376+07:00 DEBUG 36788 --- [CNJ70 Ecommerce] [  restartedMain] o.s.data.mongodb.core.MongoTemplate      : Executing count: {} in collection: legal_documents
2026-09-25T17:41:40.474+07:00  INFO 36788 --- [CNJ70 Ecommerce] [  restartedMain] c.e.cnj70.config.LegalDocumentSeeder     : [LegalDocumentSeeder] Legal documents already exist, skipping
2026-09-25T17:41:40.479+07:00 DEBUG 36788 --- [CNJ70 Ecommerce] [  restartedMain] o.s.data.mongodb.core.MongoTemplate      : find using query: {} fields: Document{{}} for class: class com.ecommerce.cnj70.document.Product in collection: products
2026-09-25T17:41:40.673+07:00 DEBUG 36788 --- [CNJ70 Ecommerce] [  restartedMain] o.s.data.mongodb.core.MongoTemplate      : Saving Document containing fields: [_id, shopId, shopName, name, description, price, stock, specifications, variants, status, moderationStatus, moderationActorId, moderationReason, moderationAt, rating, reviewCount, sold, createdAt, updatedAt, _class]
2026-09-25T17:41:40.762+07:00 DEBUG 36788 --- [CNJ70 Ecommerce] [  restartedMain] o.s.data.mongodb.core.MongoTemplate      : Saving Document containing fields: [_id, shopId, shopName, name, description, price, stock, specifications, variants, status, moderationStatus, moderationActorId, moderationAt, rating, reviewCount, sold, createdAt, updatedAt, _class]
2026-09-25T17:41:40.835+07:00 DEBUG 36788 --- [CNJ70 Ecommerce] [  restartedMain] o.s.data.mongodb.core.MongoTemplate      : Saving Document containing fields: [_id, shopId, shopName, name, description, price, stock, specifications, variants, status, moderationStatus, rating, reviewCount, sold, createdAt, updatedAt, _class]
2026-09-25T17:41:40.915+07:00  INFO 36788 --- [CNJ70 Ecommerce] [  restartedMain] c.e.cnj70.config.SoldCountSeeder         : Đã seed số 'Đã bán' cho 3 sản phẩm.
2026-09-25T17:42:46.418+07:00  INFO 36788 --- [CNJ70 Ecommerce] [nio-8081-exec-1] o.a.c.c.C.[Tomcat].[localhost].[/]       : Initializing Spring DispatcherServlet 'dispatcherServlet'
2026-09-25T17:42:46.419+07:00  INFO 36788 --- [CNJ70 Ecommerce] [nio-8081-exec-1] o.s.web.servlet.DispatcherServlet        : Initializing Servlet 'dispatcherServlet'
2026-09-25T17:42:46.422+07:00  INFO 36788 --- [CNJ70 Ecommerce] [nio-8081-exec-1] o.s.web.servlet.DispatcherServlet        : Completed initialization in 2 ms
2026-09-25T17:42:46.434+07:00 DEBUG 36788 --- [CNJ70 Ecommerce] [nio-8081-exec-1] o.s.security.web.FilterChainProxy        : Securing GET /auth/login
2026-09-25T17:42:46.633+07:00 DEBUG 36788 --- [CNJ70 Ecommerce] [nio-8081-exec-1] o.s.d.m.r.query.MongoQueryCreator        : Created query Query: { "email" : "moderator_test@gmail.com"}, Fields: {}, Sort: {}
2026-09-25T17:42:46.641+07:00 DEBUG 36788 --- [CNJ70 Ecommerce] [nio-8081-exec-1] o.s.data.mongodb.core.MongoTemplate      : find using query: { "email" : "moderator_test@gmail.com"} fields: Document{{}} for class: class com.ecommerce.cnj70.document.User in collection: users
2026-09-25T17:42:46.729+07:00  WARN 36788 --- [CNJ70 Ecommerce] [nio-8081-exec-1] o.s.w.s.h.HandlerMappingIntrospector     : Cache miss for REQUEST dispatch to '/auth/login' (previous null). Performing MatchableHandlerMapping lookup. This is logged once only at WARN level, and every time at TRACE.
2026-09-25T17:42:46.743+07:00 DEBUG 36788 --- [CNJ70 Ecommerce] [nio-8081-exec-1] o.s.security.web.FilterChainProxy        : Secured GET /auth/login
2026-09-25T17:42:46.767+07:00 DEBUG 36788 --- [CNJ70 Ecommerce] [nio-8081-exec-1] o.s.d.m.r.query.MongoQueryCreator        : Created query Query: { "email" : "moderator_test@gmail.com"}, Fields: {}, Sort: {}
2026-09-25T17:42:46.768+07:00 DEBUG 36788 --- [CNJ70 Ecommerce] [nio-8081-exec-1] o.s.data.mongodb.core.MongoTemplate      : find using query: { "email" : "moderator_test@gmail.com"} fields: Document{{}} for class: class com.ecommerce.cnj70.document.User in collection: users
2026-09-25T17:42:46.838+07:00 DEBUG 36788 --- [CNJ70 Ecommerce] [nio-8081-exec-1] o.s.data.mongodb.core.MongoTemplate      : find using query: {} fields: Document{{}} for class: class com.ecommerce.cnj70.document.Voucher in collection: vouchers
2026-09-25T17:42:47.360+07:00 DEBUG 36788 --- [CNJ70 Ecommerce] [nio-8081-exec-2] o.s.security.web.FilterChainProxy        : Securing GET /css/home.css
2026-09-25T17:42:47.361+07:00 DEBUG 36788 --- [CNJ70 Ecommerce] [nio-8081-exec-3] o.s.security.web.FilterChainProxy        : Securing GET /css/auth.css
2026-09-25T17:42:47.366+07:00 DEBUG 36788 --- [CNJ70 Ecommerce] [nio-8081-exec-3] o.s.d.m.r.query.MongoQueryCreator        : Created query Query: { "email" : "moderator_test@gmail.com"}, Fields: {}, Sort: {}
2026-09-25T17:42:47.366+07:00 DEBUG 36788 --- [CNJ70 Ecommerce] [nio-8081-exec-2] o.s.d.m.r.query.MongoQueryCreator        : Created query Query: { "email" : "moderator_test@gmail.com"}, Fields: {}, Sort: {}
2026-09-25T17:42:47.367+07:00 DEBUG 36788 --- [CNJ70 Ecommerce] [nio-8081-exec-3] o.s.data.mongodb.core.MongoTemplate      : find using query: { "email" : "moderator_test@gmail.com"} fields: Document{{}} for class: class com.ecommerce.cnj70.document.User in collection: users
2026-09-25T17:42:47.367+07:00 DEBUG 36788 --- [CNJ70 Ecommerce] [nio-8081-exec-2] o.s.data.mongodb.core.MongoTemplate      : find using query: { "email" : "moderator_test@gmail.com"} fields: Document{{}} for class: class com.ecommerce.cnj70.document.User in collection: users
2026-09-25T17:42:47.443+07:00 DEBUG 36788 --- [CNJ70 Ecommerce] [nio-8081-exec-3] o.s.security.web.FilterChainProxy        : Secured GET /css/auth.css
2026-09-25T17:42:47.736+07:00 DEBUG 36788 --- [CNJ70 Ecommerce] [nio-8081-exec-2] o.s.security.web.FilterChainProxy        : Secured GET /css/home.css
2026-09-25T17:42:57.971+07:00 DEBUG 36788 --- [CNJ70 Ecommerce] [nio-8081-exec-5] o.s.security.web.FilterChainProxy        : Securing POST /auth/login
2026-09-25T17:42:57.983+07:00 DEBUG 36788 --- [CNJ70 Ecommerce] [nio-8081-exec-5] o.s.d.m.r.query.MongoQueryCreator        : Created query Query: { "email" : "moderator_test@gmail.com"}, Fields: {}, Sort: {}
2026-09-25T17:42:57.984+07:00 DEBUG 36788 --- [CNJ70 Ecommerce] [nio-8081-exec-5] o.s.data.mongodb.core.MongoTemplate      : find using query: { "email" : "moderator_test@gmail.com"} fields: Document{{}} for class: class com.ecommerce.cnj70.document.User in collection: users
2026-09-25T17:42:58.037+07:00 DEBUG 36788 --- [CNJ70 Ecommerce] [nio-8081-exec-5] o.s.security.web.FilterChainProxy        : Secured POST /auth/login
2026-09-25T17:42:58.039+07:00 DEBUG 36788 --- [CNJ70 Ecommerce] [nio-8081-exec-5] o.s.d.m.r.query.MongoQueryCreator        : Created query Query: { "email" : "moderator_test@gmail.com"}, Fields: {}, Sort: {}
2026-09-25T17:42:58.039+07:00 DEBUG 36788 --- [CNJ70 Ecommerce] [nio-8081-exec-5] o.s.data.mongodb.core.MongoTemplate      : find using query: { "email" : "moderator_test@gmail.com"} fields: Document{{}} for class: class com.ecommerce.cnj70.document.User in collection: users
2026-09-25T17:42:58.095+07:00 DEBUG 36788 --- [CNJ70 Ecommerce] [nio-8081-exec-5] o.s.data.mongodb.core.MongoTemplate      : find using query: {} fields: Document{{}} for class: class com.ecommerce.cnj70.document.Voucher in collection: vouchers
2026-09-25T17:42:58.163+07:00 DEBUG 36788 --- [CNJ70 Ecommerce] [nio-8081-exec-5] o.s.d.m.r.query.MongoQueryCreator        : Created query Query: { "email" : "admin2@gmail.com"}, Fields: {}, Sort: {}
2026-09-25T17:42:58.165+07:00 DEBUG 36788 --- [CNJ70 Ecommerce] [nio-8081-exec-5] o.s.data.mongodb.core.MongoTemplate      : find using query: { "email" : "admin2@gmail.com"} fields: Document{{}} for class: class com.ecommerce.cnj70.document.User in collection: users
2026-09-25T17:42:58.296+07:00 DEBUG 36788 --- [CNJ70 Ecommerce] [nio-8081-exec-5] o.s.data.mongodb.core.MongoTemplate      : Inserting Document containing fields: [actorId, actorUsername, actorRole, action, resourceType, resourceId, reason, severity, metadata, createdAt, _class] in collection: audit_logs
2026-09-25T17:42:58.368+07:00 DEBUG 36788 --- [CNJ70 Ecommerce] [nio-8081-exec-5] o.s.data.mongodb.core.MongoTemplate      : Inserting Document containing fields: [actorId, actorEmail, role, action, resourceType, resourceId, reason, severity, createdAt, _class] in collection: audit_logs
2026-09-25T17:42:58.425+07:00  INFO 36788 --- [CNJ70 Ecommerce] [nio-8081-exec-5] c.e.c.service.impl.AuditLogServiceImpl   : [AUDIT] LOGIN_SUCCESS | actor=admin2@gmail.com(ADMIN) | resource=USER:6a8e9389f003d8236cd8267b | severity=INFO | reason=User đăng nhập thành công
2026-09-25T17:42:58.476+07:00 DEBUG 36788 --- [CNJ70 Ecommerce] [nio-8081-exec-4] o.s.security.web.FilterChainProxy        : Securing GET /admin/dashboard
2026-09-25T17:42:58.479+07:00 DEBUG 36788 --- [CNJ70 Ecommerce] [nio-8081-exec-4] o.s.d.m.r.query.MongoQueryCreator        : Created query Query: { "email" : "admin2@gmail.com"}, Fields: {}, Sort: {}
2026-09-25T17:42:58.481+07:00 DEBUG 36788 --- [CNJ70 Ecommerce] [nio-8081-exec-4] o.s.data.mongodb.core.MongoTemplate      : find using query: { "email" : "admin2@gmail.com"} fields: Document{{}} for class: class com.ecommerce.cnj70.document.User in collection: users
2026-09-25T17:42:58.537+07:00 DEBUG 36788 --- [CNJ70 Ecommerce] [nio-8081-exec-4] o.s.security.web.FilterChainProxy        : Secured GET /admin/dashboard
2026-09-25T17:42:58.538+07:00 DEBUG 36788 --- [CNJ70 Ecommerce] [nio-8081-exec-4] o.s.d.m.r.query.MongoQueryCreator        : Created query Query: { "email" : "admin2@gmail.com"}, Fields: {}, Sort: {}
2026-09-25T17:42:58.539+07:00 DEBUG 36788 --- [CNJ70 Ecommerce] [nio-8081-exec-4] o.s.data.mongodb.core.MongoTemplate      : find using query: { "email" : "admin2@gmail.com"} fields: Document{{}} for class: class com.ecommerce.cnj70.document.User in collection: users
2026-09-25T17:42:58.592+07:00 DEBUG 36788 --- [CNJ70 Ecommerce] [nio-8081-exec-4] o.s.data.mongodb.core.MongoTemplate      : find using query: {} fields: Document{{}} for class: class com.ecommerce.cnj70.document.Voucher in collection: vouchers
2026-09-25T17:42:58.647+07:00 DEBUG 36788 --- [CNJ70 Ecommerce] [nio-8081-exec-4] o.s.data.mongodb.core.MongoTemplate      : Executing count: {} in collection: users
2026-09-25T17:42:58.701+07:00 DEBUG 36788 --- [CNJ70 Ecommerce] [nio-8081-exec-4] o.s.data.mongodb.core.MongoTemplate      : Executing count: {} in collection: shops
2026-09-25T17:42:58.755+07:00 DEBUG 36788 --- [CNJ70 Ecommerce] [nio-8081-exec-4] o.s.data.mongodb.core.MongoTemplate      : Executing count: {} in collection: products
2026-09-25T17:42:58.808+07:00 DEBUG 36788 --- [CNJ70 Ecommerce] [nio-8081-exec-4] o.s.data.mongodb.core.MongoTemplate      : Executing count: {} in collection: orders
2026-09-25T17:42:58.862+07:00 DEBUG 36788 --- [CNJ70 Ecommerce] [nio-8081-exec-4] o.s.data.mongodb.core.MongoTemplate      : find using query: {} fields: Document{{}} for class: class com.ecommerce.cnj70.document.Order in collection: orders
2026-09-25T17:42:59.013+07:00 DEBUG 36788 --- [CNJ70 Ecommerce] [nio-8081-exec-4] o.s.d.m.r.query.MongoQueryCreator        : Created query Query: { "moderationStatus" : { "$in" : [ { "$java" : PENDING_MANUAL }, { "$java" : AUTO_PASSED }, { "$java" : AUTO_REJECTED } ] } }, Fields: {}, Sort: {}
2026-09-25T17:42:59.017+07:00 DEBUG 36788 --- [CNJ70 Ecommerce] [nio-8081-exec-4] o.s.data.mongodb.core.MongoTemplate      : Executing count: { "moderationStatus" : { "$in" : ["PENDING_MANUAL", "AUTO_PASSED", "AUTO_REJECTED"]}} in collection: products
2026-09-25T17:42:59.073+07:00 DEBUG 36788 --- [CNJ70 Ecommerce] [nio-8081-exec-4] o.s.d.m.r.query.MongoQueryCreator        : Created query Query: { "pipelineModerationStatus" : { "$in" : [ { "$java" : PENDING_MANUAL }, { "$java" : AUTO_PASSED }, { "$java" : AUTO_REJECTED } ] } }, Fields: {}, Sort: {}
2026-09-25T17:42:59.074+07:00 DEBUG 36788 --- [CNJ70 Ecommerce] [nio-8081-exec-4] o.s.data.mongodb.core.MongoTemplate      : Executing count: { "pipelineModerationStatus" : { "$in" : ["PENDING_MANUAL", "AUTO_PASSED", "AUTO_REJECTED"]}} in collection: reviews
2026-09-25T17:42:59.133+07:00 DEBUG 36788 --- [CNJ70 Ecommerce] [nio-8081-exec-4] o.s.d.m.r.query.MongoQueryCreator        : Created query Query: { "status" : { "$in" : [ { "$java" : IN_REVIEW }, { "$java" : PENDING } ] } }, Fields: {}, Sort: {}
2026-09-25T17:42:59.134+07:00 DEBUG 36788 --- [CNJ70 Ecommerce] [nio-8081-exec-4] o.s.data.mongodb.core.MongoTemplate      : Executing count: { "status" : { "$in" : ["IN_REVIEW", "PENDING"]}} in collection: escalations
2026-09-25T17:42:59.188+07:00 DEBUG 36788 --- [CNJ70 Ecommerce] [nio-8081-exec-4] o.s.d.m.r.query.MongoQueryCreator        : Created query Query: { "resolvedAt" : null}, Fields: {}, Sort: {}
2026-09-25T17:42:59.189+07:00 DEBUG 36788 --- [CNJ70 Ecommerce] [nio-8081-exec-4] o.s.data.mongodb.core.MongoTemplate      : Executing count: { "resolvedAt" : null} in collection: violations
2026-09-25T17:42:59.242+07:00 DEBUG 36788 --- [CNJ70 Ecommerce] [nio-8081-exec-4] o.s.d.m.r.query.MongoQueryCreator        : Created query Query: { "status" : { "$java" : SUSPENDED } }, Fields: {}, Sort: {}
2026-09-25T17:42:59.243+07:00 DEBUG 36788 --- [CNJ70 Ecommerce] [nio-8081-exec-4] o.s.data.mongodb.core.MongoTemplate      : Executing count: { "status" : "SUSPENDED"} in collection: shops
2026-09-25T17:42:59.297+07:00 DEBUG 36788 --- [CNJ70 Ecommerce] [nio-8081-exec-4] o.s.d.m.r.query.MongoQueryCreator        : Created query Query: { "status" : { "$java" : RESTRICTED } }, Fields: {}, Sort: {}
2026-09-25T17:42:59.298+07:00 DEBUG 36788 --- [CNJ70 Ecommerce] [nio-8081-exec-4] o.s.data.mongodb.core.MongoTemplate      : Executing count: { "status" : "RESTRICTED"} in collection: shops
2026-09-25T17:42:59.352+07:00 DEBUG 36788 --- [CNJ70 Ecommerce] [nio-8081-exec-4] o.s.d.m.r.query.MongoQueryCreator        : Created query Query: { "status" : { "$java" : PENDING_THIRD_PARTY } }, Fields: {}, Sort: {}
2026-09-25T17:42:59.353+07:00 DEBUG 36788 --- [CNJ70 Ecommerce] [nio-8081-exec-4] o.s.data.mongodb.core.MongoTemplate      : Executing count: { "status" : "PENDING_THIRD_PARTY"} in collection: kyc_profiles
2026-09-25T17:42:59.482+07:00 DEBUG 36788 --- [CNJ70 Ecommerce] [nio-8081-exec-6] o.s.security.web.FilterChainProxy        : Securing GET /css/dashboard.css
2026-09-25T17:42:59.484+07:00 DEBUG 36788 --- [CNJ70 Ecommerce] [io-8081-exec-10] o.s.security.web.FilterChainProxy        : Securing GET /css/foundation/index.css
2026-09-25T17:42:59.484+07:00 DEBUG 36788 --- [CNJ70 Ecommerce] [nio-8081-exec-7] o.s.security.web.FilterChainProxy        : Securing GET /css/admin-dashboard.css
2026-09-25T17:42:59.484+07:00 DEBUG 36788 --- [CNJ70 Ecommerce] [nio-8081-exec-9] o.s.security.web.FilterChainProxy        : Securing GET /css/admin-ui.css
2026-09-25T17:42:59.487+07:00 DEBUG 36788 --- [CNJ70 Ecommerce] [nio-8081-exec-6] o.s.d.m.r.query.MongoQueryCreator        : Created query Query: { "email" : "admin2@gmail.com"}, Fields: {}, Sort: {}
2026-09-25T17:42:59.488+07:00 DEBUG 36788 --- [CNJ70 Ecommerce] [nio-8081-exec-6] o.s.data.mongodb.core.MongoTemplate      : find using query: { "email" : "admin2@gmail.com"} fields: Document{{}} for class: class com.ecommerce.cnj70.document.User in collection: users
2026-09-25T17:42:59.488+07:00 DEBUG 36788 --- [CNJ70 Ecommerce] [io-8081-exec-10] o.s.d.m.r.query.MongoQueryCreator        : Created query Query: { "email" : "admin2@gmail.com"}, Fields: {}, Sort: {}
2026-09-25T17:42:59.488+07:00 DEBUG 36788 --- [CNJ70 Ecommerce] [nio-8081-exec-7] o.s.d.m.r.query.MongoQueryCreator        : Created query Query: { "email" : "admin2@gmail.com"}, Fields: {}, Sort: {}
2026-09-25T17:42:59.489+07:00 DEBUG 36788 --- [CNJ70 Ecommerce] [io-8081-exec-10] o.s.data.mongodb.core.MongoTemplate      : find using query: { "email" : "admin2@gmail.com"} fields: Document{{}} for class: class com.ecommerce.cnj70.document.User in collection: users
2026-09-25T17:42:59.489+07:00 DEBUG 36788 --- [CNJ70 Ecommerce] [nio-8081-exec-9] o.s.d.m.r.query.MongoQueryCreator        : Created query Query: { "email" : "admin2@gmail.com"}, Fields: {}, Sort: {}
2026-09-25T17:42:59.489+07:00 DEBUG 36788 --- [CNJ70 Ecommerce] [nio-8081-exec-7] o.s.data.mongodb.core.MongoTemplate      : find using query: { "email" : "admin2@gmail.com"} fields: Document{{}} for class: class com.ecommerce.cnj70.document.User in collection: users
2026-09-25T17:42:59.490+07:00 DEBUG 36788 --- [CNJ70 Ecommerce] [nio-8081-exec-9] o.s.data.mongodb.core.MongoTemplate      : find using query: { "email" : "admin2@gmail.com"} fields: Document{{}} for class: class com.ecommerce.cnj70.document.User in collection: users
2026-09-25T17:42:59.545+07:00 DEBUG 36788 --- [CNJ70 Ecommerce] [nio-8081-exec-6] o.s.security.web.FilterChainProxy        : Secured GET /css/dashboard.css
2026-09-25T17:42:59.559+07:00 DEBUG 36788 --- [CNJ70 Ecommerce] [io-8081-exec-10] o.s.security.web.FilterChainProxy        : Secured GET /css/foundation/index.css
2026-09-25T17:42:59.568+07:00 DEBUG 36788 --- [CNJ70 Ecommerce] [nio-8081-exec-1] o.s.security.web.FilterChainProxy        : Securing GET /css/foundation/base.css
2026-09-25T17:42:59.568+07:00 DEBUG 36788 --- [CNJ70 Ecommerce] [nio-8081-exec-3] o.s.security.web.FilterChainProxy        : Securing GET /css/foundation/components.css
2026-09-25T17:42:59.569+07:00 DEBUG 36788 --- [CNJ70 Ecommerce] [nio-8081-exec-8] o.s.security.web.FilterChainProxy        : Securing GET /css/foundation/tokens.css
2026-09-25T17:42:59.569+07:00 DEBUG 36788 --- [CNJ70 Ecommerce] [nio-8081-exec-2] o.s.security.web.FilterChainProxy        : Securing GET /css/foundation/layout.css
2026-09-25T17:42:59.571+07:00 DEBUG 36788 --- [CNJ70 Ecommerce] [nio-8081-exec-3] o.s.d.m.r.query.MongoQueryCreator        : Created query Query: { "email" : "admin2@gmail.com"}, Fields: {}, Sort: {}
2026-09-25T17:42:59.571+07:00 DEBUG 36788 --- [CNJ70 Ecommerce] [nio-8081-exec-8] o.s.d.m.r.query.MongoQueryCreator        : Created query Query: { "email" : "admin2@gmail.com"}, Fields: {}, Sort: {}
2026-09-25T17:42:59.573+07:00 DEBUG 36788 --- [CNJ70 Ecommerce] [nio-8081-exec-1] o.s.d.m.r.query.MongoQueryCreator        : Created query Query: { "email" : "admin2@gmail.com"}, Fields: {}, Sort: {}
2026-09-25T17:42:59.573+07:00 DEBUG 36788 --- [CNJ70 Ecommerce] [nio-8081-exec-3] o.s.data.mongodb.core.MongoTemplate      : find using query: { "email" : "admin2@gmail.com"} fields: Document{{}} for class: class com.ecommerce.cnj70.document.User in collection: users
2026-09-25T17:42:59.574+07:00 DEBUG 36788 --- [CNJ70 Ecommerce] [nio-8081-exec-8] o.s.data.mongodb.core.MongoTemplate      : find using query: { "email" : "admin2@gmail.com"} fields: Document{{}} for class: class com.ecommerce.cnj70.document.User in collection: users
2026-09-25T17:42:59.574+07:00 DEBUG 36788 --- [CNJ70 Ecommerce] [nio-8081-exec-1] o.s.data.mongodb.core.MongoTemplate      : find using query: { "email" : "admin2@gmail.com"} fields: Document{{}} for class: class com.ecommerce.cnj70.document.User in collection: users
2026-09-25T17:42:59.575+07:00 DEBUG 36788 --- [CNJ70 Ecommerce] [nio-8081-exec-2] o.s.d.m.r.query.MongoQueryCreator        : Created query Query: { "email" : "admin2@gmail.com"}, Fields: {}, Sort: {}
2026-09-25T17:42:59.576+07:00 DEBUG 36788 --- [CNJ70 Ecommerce] [nio-8081-exec-2] o.s.data.mongodb.core.MongoTemplate      : find using query: { "email" : "admin2@gmail.com"} fields: Document{{}} for class: class com.ecommerce.cnj70.document.User in collection: users
2026-09-25T17:42:59.629+07:00 DEBUG 36788 --- [CNJ70 Ecommerce] [nio-8081-exec-8] o.s.security.web.FilterChainProxy        : Secured GET /css/foundation/tokens.css
2026-09-25T17:42:59.633+07:00 DEBUG 36788 --- [CNJ70 Ecommerce] [nio-8081-exec-5] o.s.security.web.FilterChainProxy        : Securing GET /css/foundation/responsive.css
2026-09-25T17:42:59.637+07:00 DEBUG 36788 --- [CNJ70 Ecommerce] [nio-8081-exec-5] o.s.d.m.r.query.MongoQueryCreator        : Created query Query: { "email" : "admin2@gmail.com"}, Fields: {}, Sort: {}
2026-09-25T17:42:59.637+07:00 DEBUG 36788 --- [CNJ70 Ecommerce] [nio-8081-exec-5] o.s.data.mongodb.core.MongoTemplate      : find using query: { "email" : "admin2@gmail.com"} fields: Document{{}} for class: class com.ecommerce.cnj70.document.User in collection: users
2026-09-25T17:42:59.643+07:00 DEBUG 36788 --- [CNJ70 Ecommerce] [nio-8081-exec-3] o.s.security.web.FilterChainProxy        : Secured GET /css/foundation/components.css
2026-09-25T17:42:59.648+07:00 DEBUG 36788 --- [CNJ70 Ecommerce] [nio-8081-exec-4] o.s.security.web.FilterChainProxy        : Securing GET /css/foundation/accessibility.css
2026-09-25T17:42:59.651+07:00 DEBUG 36788 --- [CNJ70 Ecommerce] [nio-8081-exec-4] o.s.d.m.r.query.MongoQueryCreator        : Created query Query: { "email" : "admin2@gmail.com"}, Fields: {}, Sort: {}
2026-09-25T17:42:59.652+07:00 DEBUG 36788 --- [CNJ70 Ecommerce] [nio-8081-exec-4] o.s.data.mongodb.core.MongoTemplate      : find using query: { "email" : "admin2@gmail.com"} fields: Document{{}} for class: class com.ecommerce.cnj70.document.User in collection: users
2026-09-25T17:42:59.680+07:00 DEBUG 36788 --- [CNJ70 Ecommerce] [nio-8081-exec-1] o.s.security.web.FilterChainProxy        : Secured GET /css/foundation/base.css
2026-09-25T17:42:59.711+07:00 DEBUG 36788 --- [CNJ70 Ecommerce] [nio-8081-exec-2] o.s.security.web.FilterChainProxy        : Secured GET /css/foundation/layout.css
2026-09-25T17:42:59.731+07:00 DEBUG 36788 --- [CNJ70 Ecommerce] [nio-8081-exec-5] o.s.security.web.FilterChainProxy        : Secured GET /css/foundation/responsive.css
2026-09-25T17:42:59.777+07:00 DEBUG 36788 --- [CNJ70 Ecommerce] [nio-8081-exec-4] o.s.security.web.FilterChainProxy        : Secured GET /css/foundation/accessibility.css
2026-09-25T17:42:59.831+07:00 DEBUG 36788 --- [CNJ70 Ecommerce] [nio-8081-exec-7] o.s.security.web.FilterChainProxy        : Secured GET /css/admin-dashboard.css
2026-09-25T17:42:59.847+07:00 DEBUG 36788 --- [CNJ70 Ecommerce] [nio-8081-exec-9] o.s.security.web.FilterChainProxy        : Secured GET /css/admin-ui.css
2026-09-25T17:43:17.984+07:00 DEBUG 36788 --- [CNJ70 Ecommerce] [nio-8081-exec-6] o.s.security.web.FilterChainProxy        : Securing GET /admin/violations
2026-09-25T17:43:17.988+07:00 DEBUG 36788 --- [CNJ70 Ecommerce] [nio-8081-exec-6] o.s.d.m.r.query.MongoQueryCreator        : Created query Query: { "email" : "admin2@gmail.com"}, Fields: {}, Sort: {}
2026-09-25T17:43:17.991+07:00 DEBUG 36788 --- [CNJ70 Ecommerce] [nio-8081-exec-6] o.s.data.mongodb.core.MongoTemplate      : find using query: { "email" : "admin2@gmail.com"} fields: Document{{}} for class: class com.ecommerce.cnj70.document.User in collection: users
2026-09-25T17:43:18.053+07:00 DEBUG 36788 --- [CNJ70 Ecommerce] [nio-8081-exec-6] o.s.security.web.FilterChainProxy        : Secured GET /admin/violations
2026-09-25T17:43:18.063+07:00 DEBUG 36788 --- [CNJ70 Ecommerce] [nio-8081-exec-6] o.s.d.m.r.query.MongoQueryCreator        : Created query Query: { "email" : "admin2@gmail.com"}, Fields: {}, Sort: {}
2026-09-25T17:43:18.064+07:00 DEBUG 36788 --- [CNJ70 Ecommerce] [nio-8081-exec-6] o.s.data.mongodb.core.MongoTemplate      : find using query: { "email" : "admin2@gmail.com"} fields: Document{{}} for class: class com.ecommerce.cnj70.document.User in collection: users
2026-09-25T17:43:18.123+07:00 DEBUG 36788 --- [CNJ70 Ecommerce] [nio-8081-exec-6] o.s.data.mongodb.core.MongoTemplate      : find using query: {} fields: Document{{}} for class: class com.ecommerce.cnj70.document.Voucher in collection: vouchers
2026-09-25T17:43:18.194+07:00 DEBUG 36788 --- [CNJ70 Ecommerce] [nio-8081-exec-6] o.s.data.mongodb.core.MongoTemplate      : Executing count: {} in collection: violations
2026-09-25T17:43:18.257+07:00 DEBUG 36788 --- [CNJ70 Ecommerce] [nio-8081-exec-6] o.s.data.mongodb.core.MongoTemplate      : find using query: {} fields: Document{{}} for class: class com.ecommerce.cnj70.document.Violation in collection: violations
2026-09-25T17:43:18.371+07:00 DEBUG 36788 --- [CNJ70 Ecommerce] [io-8081-exec-10] o.s.security.web.FilterChainProxy        : Securing GET /css/dashboard.css
2026-09-25T17:43:18.371+07:00 DEBUG 36788 --- [CNJ70 Ecommerce] [nio-8081-exec-8] o.s.security.web.FilterChainProxy        : Securing GET /css/admin-dashboard.css
2026-09-25T17:43:18.372+07:00 DEBUG 36788 --- [CNJ70 Ecommerce] [nio-8081-exec-1] o.s.security.web.FilterChainProxy        : Securing GET /css/admin-ui.css
2026-09-25T17:43:18.372+07:00 DEBUG 36788 --- [CNJ70 Ecommerce] [nio-8081-exec-3] o.s.security.web.FilterChainProxy        : Securing GET /css/foundation/index.css
2026-09-25T17:43:18.375+07:00 DEBUG 36788 --- [CNJ70 Ecommerce] [io-8081-exec-10] o.s.d.m.r.query.MongoQueryCreator        : Created query Query: { "email" : "admin2@gmail.com"}, Fields: {}, Sort: {}
2026-09-25T17:43:18.375+07:00 DEBUG 36788 --- [CNJ70 Ecommerce] [nio-8081-exec-8] o.s.d.m.r.query.MongoQueryCreator        : Created query Query: { "email" : "admin2@gmail.com"}, Fields: {}, Sort: {}
2026-09-25T17:43:18.375+07:00 DEBUG 36788 --- [CNJ70 Ecommerce] [nio-8081-exec-1] o.s.d.m.r.query.MongoQueryCreator        : Created query Query: { "email" : "admin2@gmail.com"}, Fields: {}, Sort: {}
2026-09-25T17:43:18.376+07:00 DEBUG 36788 --- [CNJ70 Ecommerce] [nio-8081-exec-3] o.s.d.m.r.query.MongoQueryCreator        : Created query Query: { "email" : "admin2@gmail.com"}, Fields: {}, Sort: {}
2026-09-25T17:43:18.376+07:00 DEBUG 36788 --- [CNJ70 Ecommerce] [nio-8081-exec-8] o.s.data.mongodb.core.MongoTemplate      : find using query: { "email" : "admin2@gmail.com"} fields: Document{{}} for class: class com.ecommerce.cnj70.document.User in collection: users
2026-09-25T17:43:18.376+07:00 DEBUG 36788 --- [CNJ70 Ecommerce] [io-8081-exec-10] o.s.data.mongodb.core.MongoTemplate      : find using query: { "email" : "admin2@gmail.com"} fields: Document{{}} for class: class com.ecommerce.cnj70.document.User in collection: users
2026-09-25T17:43:18.377+07:00 DEBUG 36788 --- [CNJ70 Ecommerce] [nio-8081-exec-1] o.s.data.mongodb.core.MongoTemplate      : find using query: { "email" : "admin2@gmail.com"} fields: Document{{}} for class: class com.ecommerce.cnj70.document.User in collection: users
2026-09-25T17:43:18.377+07:00 DEBUG 36788 --- [CNJ70 Ecommerce] [nio-8081-exec-3] o.s.data.mongodb.core.MongoTemplate      : find using query: { "email" : "admin2@gmail.com"} fields: Document{{}} for class: class com.ecommerce.cnj70.document.User in collection: users
2026-09-25T17:43:18.470+07:00 DEBUG 36788 --- [CNJ70 Ecommerce] [io-8081-exec-10] o.s.security.web.FilterChainProxy        : Secured GET /css/dashboard.css
2026-09-25T17:43:18.477+07:00 DEBUG 36788 --- [CNJ70 Ecommerce] [nio-8081-exec-1] o.s.security.web.FilterChainProxy        : Secured GET /css/admin-ui.css
2026-09-25T17:43:18.498+07:00 DEBUG 36788 --- [CNJ70 Ecommerce] [nio-8081-exec-3] o.s.security.web.FilterChainProxy        : Secured GET /css/foundation/index.css
2026-09-25T17:43:18.506+07:00 DEBUG 36788 --- [CNJ70 Ecommerce] [nio-8081-exec-2] o.s.security.web.FilterChainProxy        : Securing GET /css/foundation/tokens.css
2026-09-25T17:43:18.506+07:00 DEBUG 36788 --- [CNJ70 Ecommerce] [nio-8081-exec-5] o.s.security.web.FilterChainProxy        : Securing GET /css/foundation/base.css
2026-09-25T17:43:18.507+07:00 DEBUG 36788 --- [CNJ70 Ecommerce] [nio-8081-exec-4] o.s.security.web.FilterChainProxy        : Securing GET /css/foundation/components.css
2026-09-25T17:43:18.507+07:00 DEBUG 36788 --- [CNJ70 Ecommerce] [nio-8081-exec-7] o.s.security.web.FilterChainProxy        : Securing GET /css/foundation/layout.css
2026-09-25T17:43:18.507+07:00 DEBUG 36788 --- [CNJ70 Ecommerce] [nio-8081-exec-9] o.s.security.web.FilterChainProxy        : Securing GET /css/foundation/responsive.css
2026-09-25T17:43:18.510+07:00 DEBUG 36788 --- [CNJ70 Ecommerce] [nio-8081-exec-2] o.s.d.m.r.query.MongoQueryCreator        : Created query Query: { "email" : "admin2@gmail.com"}, Fields: {}, Sort: {}
2026-09-25T17:43:18.510+07:00 DEBUG 36788 --- [CNJ70 Ecommerce] [nio-8081-exec-9] o.s.d.m.r.query.MongoQueryCreator        : Created query Query: { "email" : "admin2@gmail.com"}, Fields: {}, Sort: {}
2026-09-25T17:43:18.510+07:00 DEBUG 36788 --- [CNJ70 Ecommerce] [nio-8081-exec-5] o.s.d.m.r.query.MongoQueryCreator        : Created query Query: { "email" : "admin2@gmail.com"}, Fields: {}, Sort: {}
2026-09-25T17:43:18.512+07:00 DEBUG 36788 --- [CNJ70 Ecommerce] [nio-8081-exec-4] o.s.d.m.r.query.MongoQueryCreator        : Created query Query: { "email" : "admin2@gmail.com"}, Fields: {}, Sort: {}
2026-09-25T17:43:18.512+07:00 DEBUG 36788 --- [CNJ70 Ecommerce] [nio-8081-exec-5] o.s.data.mongodb.core.MongoTemplate      : find using query: { "email" : "admin2@gmail.com"} fields: Document{{}} for class: class com.ecommerce.cnj70.document.User in collection: users
2026-09-25T17:43:18.512+07:00 DEBUG 36788 --- [CNJ70 Ecommerce] [nio-8081-exec-7] o.s.d.m.r.query.MongoQueryCreator        : Created query Query: { "email" : "admin2@gmail.com"}, Fields: {}, Sort: {}
2026-09-25T17:43:18.512+07:00 DEBUG 36788 --- [CNJ70 Ecommerce] [nio-8081-exec-2] o.s.data.mongodb.core.MongoTemplate      : find using query: { "email" : "admin2@gmail.com"} fields: Document{{}} for class: class com.ecommerce.cnj70.document.User in collection: users
2026-09-25T17:43:18.512+07:00 DEBUG 36788 --- [CNJ70 Ecommerce] [nio-8081-exec-9] o.s.data.mongodb.core.MongoTemplate      : find using query: { "email" : "admin2@gmail.com"} fields: Document{{}} for class: class com.ecommerce.cnj70.document.User in collection: users
2026-09-25T17:43:18.512+07:00 DEBUG 36788 --- [CNJ70 Ecommerce] [nio-8081-exec-4] o.s.data.mongodb.core.MongoTemplate      : find using query: { "email" : "admin2@gmail.com"} fields: Document{{}} for class: class com.ecommerce.cnj70.document.User in collection: users
2026-09-25T17:43:18.513+07:00 DEBUG 36788 --- [CNJ70 Ecommerce] [nio-8081-exec-7] o.s.data.mongodb.core.MongoTemplate      : find using query: { "email" : "admin2@gmail.com"} fields: Document{{}} for class: class com.ecommerce.cnj70.document.User in collection: users
2026-09-25T17:43:18.516+07:00 DEBUG 36788 --- [CNJ70 Ecommerce] [nio-8081-exec-8] o.s.security.web.FilterChainProxy        : Secured GET /css/admin-dashboard.css
2026-09-25T17:43:18.526+07:00 DEBUG 36788 --- [CNJ70 Ecommerce] [nio-8081-exec-6] o.s.security.web.FilterChainProxy        : Securing GET /css/foundation/accessibility.css
2026-09-25T17:43:18.538+07:00 DEBUG 36788 --- [CNJ70 Ecommerce] [nio-8081-exec-6] o.s.d.m.r.query.MongoQueryCreator        : Created query Query: { "email" : "admin2@gmail.com"}, Fields: {}, Sort: {}
2026-09-25T17:43:18.538+07:00 DEBUG 36788 --- [CNJ70 Ecommerce] [nio-8081-exec-6] o.s.data.mongodb.core.MongoTemplate      : find using query: { "email" : "admin2@gmail.com"} fields: Document{{}} for class: class com.ecommerce.cnj70.document.User in collection: users
2026-09-25T17:43:18.568+07:00 DEBUG 36788 --- [CNJ70 Ecommerce] [nio-8081-exec-9] o.s.security.web.FilterChainProxy        : Secured GET /css/foundation/responsive.css
2026-09-25T17:43:18.588+07:00 DEBUG 36788 --- [CNJ70 Ecommerce] [nio-8081-exec-5] o.s.security.web.FilterChainProxy        : Secured GET /css/foundation/base.css
2026-09-25T17:43:18.601+07:00 DEBUG 36788 --- [CNJ70 Ecommerce] [nio-8081-exec-6] o.s.security.web.FilterChainProxy        : Secured GET /css/foundation/accessibility.css
2026-09-25T17:43:18.604+07:00 DEBUG 36788 --- [CNJ70 Ecommerce] [nio-8081-exec-2] o.s.security.web.FilterChainProxy        : Secured GET /css/foundation/tokens.css
2026-09-25T17:43:18.856+07:00 DEBUG 36788 --- [CNJ70 Ecommerce] [nio-8081-exec-7] o.s.security.web.FilterChainProxy        : Secured GET /css/foundation/layout.css
2026-09-25T17:43:18.886+07:00 DEBUG 36788 --- [CNJ70 Ecommerce] [nio-8081-exec-4] o.s.security.web.FilterChainProxy        : Secured GET /css/foundation/components.css
2026-09-25T17:43:31.082+07:00 DEBUG 36788 --- [CNJ70 Ecommerce] [io-8081-exec-10] o.s.security.web.FilterChainProxy        : Securing POST /admin/violations/6ab61d7259fb2a46a9b1163b/resolve
2026-09-25T17:43:31.086+07:00 DEBUG 36788 --- [CNJ70 Ecommerce] [io-8081-exec-10] o.s.d.m.r.query.MongoQueryCreator        : Created query Query: { "email" : "admin2@gmail.com"}, Fields: {}, Sort: {}
2026-09-25T17:43:31.086+07:00 DEBUG 36788 --- [CNJ70 Ecommerce] [io-8081-exec-10] o.s.data.mongodb.core.MongoTemplate      : find using query: { "email" : "admin2@gmail.com"} fields: Document{{}} for class: class com.ecommerce.cnj70.document.User in collection: users
2026-09-25T17:43:31.156+07:00 DEBUG 36788 --- [CNJ70 Ecommerce] [io-8081-exec-10] o.s.security.web.FilterChainProxy        : Secured POST /admin/violations/6ab61d7259fb2a46a9b1163b/resolve
2026-09-25T17:43:31.158+07:00 DEBUG 36788 --- [CNJ70 Ecommerce] [io-8081-exec-10] o.s.d.m.r.query.MongoQueryCreator        : Created query Query: { "email" : "admin2@gmail.com"}, Fields: {}, Sort: {}
2026-09-25T17:43:31.160+07:00 DEBUG 36788 --- [CNJ70 Ecommerce] [io-8081-exec-10] o.s.data.mongodb.core.MongoTemplate      : find using query: { "email" : "admin2@gmail.com"} fields: Document{{}} for class: class com.ecommerce.cnj70.document.User in collection: users
2026-09-25T17:43:31.223+07:00 DEBUG 36788 --- [CNJ70 Ecommerce] [io-8081-exec-10] o.s.data.mongodb.core.MongoTemplate      : find using query: {} fields: Document{{}} for class: class com.ecommerce.cnj70.document.Voucher in collection: vouchers
2026-09-25T17:43:31.380+07:00 DEBUG 36788 --- [CNJ70 Ecommerce] [nio-8081-exec-1] o.s.security.web.FilterChainProxy        : Securing GET /admin/violations
2026-09-25T17:43:31.385+07:00 DEBUG 36788 --- [CNJ70 Ecommerce] [nio-8081-exec-1] o.s.d.m.r.query.MongoQueryCreator        : Created query Query: { "email" : "admin2@gmail.com"}, Fields: {}, Sort: {}
2026-09-25T17:43:31.385+07:00 DEBUG 36788 --- [CNJ70 Ecommerce] [nio-8081-exec-1] o.s.data.mongodb.core.MongoTemplate      : find using query: { "email" : "admin2@gmail.com"} fields: Document{{}} for class: class com.ecommerce.cnj70.document.User in collection: users
2026-09-25T17:43:31.445+07:00 DEBUG 36788 --- [CNJ70 Ecommerce] [nio-8081-exec-1] .s.ChangeSessionIdAuthenticationStrategy : Changed session id from B6AADFD4EBA6CAD6B66D600E47C33866
2026-09-25T17:43:31.448+07:00 DEBUG 36788 --- [CNJ70 Ecommerce] [nio-8081-exec-1] o.s.security.web.FilterChainProxy        : Secured GET /admin/violations
2026-09-25T17:43:31.450+07:00 DEBUG 36788 --- [CNJ70 Ecommerce] [nio-8081-exec-1] o.s.d.m.r.query.MongoQueryCreator        : Created query Query: { "email" : "admin2@gmail.com"}, Fields: {}, Sort: {}
2026-09-25T17:43:31.451+07:00 DEBUG 36788 --- [CNJ70 Ecommerce] [nio-8081-exec-1] o.s.data.mongodb.core.MongoTemplate      : find using query: { "email" : "admin2@gmail.com"} fields: Document{{}} for class: class com.ecommerce.cnj70.document.User in collection: users
2026-09-25T17:43:31.510+07:00 DEBUG 36788 --- [CNJ70 Ecommerce] [nio-8081-exec-1] o.s.data.mongodb.core.MongoTemplate      : find using query: {} fields: Document{{}} for class: class com.ecommerce.cnj70.document.Voucher in collection: vouchers
2026-09-25T17:43:31.572+07:00 DEBUG 36788 --- [CNJ70 Ecommerce] [nio-8081-exec-1] o.s.data.mongodb.core.MongoTemplate      : Executing count: {} in collection: violations
2026-09-25T17:43:31.635+07:00 DEBUG 36788 --- [CNJ70 Ecommerce] [nio-8081-exec-1] o.s.data.mongodb.core.MongoTemplate      : find using query: {} fields: Document{{}} for class: class com.ecommerce.cnj70.document.Violation in collection: violations
2026-09-25T17:43:31.721+07:00 DEBUG 36788 --- [CNJ70 Ecommerce] [nio-8081-exec-3] o.s.security.web.FilterChainProxy        : Securing GET /css/dashboard.css
2026-09-25T17:43:31.721+07:00 DEBUG 36788 --- [CNJ70 Ecommerce] [nio-8081-exec-8] o.s.security.web.FilterChainProxy        : Securing GET /css/admin-dashboard.css
2026-09-25T17:43:31.722+07:00 DEBUG 36788 --- [CNJ70 Ecommerce] [nio-8081-exec-9] o.s.security.web.FilterChainProxy        : Securing GET /css/foundation/index.css
2026-09-25T17:43:31.722+07:00 DEBUG 36788 --- [CNJ70 Ecommerce] [nio-8081-exec-5] o.s.security.web.FilterChainProxy        : Securing GET /css/admin-ui.css
2026-09-25T17:43:31.724+07:00 DEBUG 36788 --- [CNJ70 Ecommerce] [nio-8081-exec-3] o.s.d.m.r.query.MongoQueryCreator        : Created query Query: { "email" : "admin2@gmail.com"}, Fields: {}, Sort: {}
2026-09-25T17:43:31.724+07:00 DEBUG 36788 --- [CNJ70 Ecommerce] [nio-8081-exec-8] o.s.d.m.r.query.MongoQueryCreator        : Created query Query: { "email" : "admin2@gmail.com"}, Fields: {}, Sort: {}
2026-09-25T17:43:31.724+07:00 DEBUG 36788 --- [CNJ70 Ecommerce] [nio-8081-exec-9] o.s.d.m.r.query.MongoQueryCreator        : Created query Query: { "email" : "admin2@gmail.com"}, Fields: {}, Sort: {}
2026-09-25T17:43:31.725+07:00 DEBUG 36788 --- [CNJ70 Ecommerce] [nio-8081-exec-5] o.s.d.m.r.query.MongoQueryCreator        : Created query Query: { "email" : "admin2@gmail.com"}, Fields: {}, Sort: {}
2026-09-25T17:43:31.725+07:00 DEBUG 36788 --- [CNJ70 Ecommerce] [nio-8081-exec-3] o.s.data.mongodb.core.MongoTemplate      : find using query: { "email" : "admin2@gmail.com"} fields: Document{{}} for class: class com.ecommerce.cnj70.document.User in collection: users
2026-09-25T17:43:31.725+07:00 DEBUG 36788 --- [CNJ70 Ecommerce] [nio-8081-exec-8] o.s.data.mongodb.core.MongoTemplate      : find using query: { "email" : "admin2@gmail.com"} fields: Document{{}} for class: class com.ecommerce.cnj70.document.User in collection: users
2026-09-25T17:43:31.725+07:00 DEBUG 36788 --- [CNJ70 Ecommerce] [nio-8081-exec-9] o.s.data.mongodb.core.MongoTemplate      : find using query: { "email" : "admin2@gmail.com"} fields: Document{{}} for class: class com.ecommerce.cnj70.document.User in collection: users
2026-09-25T17:43:31.727+07:00 DEBUG 36788 --- [CNJ70 Ecommerce] [nio-8081-exec-5] o.s.data.mongodb.core.MongoTemplate      : find using query: { "email" : "admin2@gmail.com"} fields: Document{{}} for class: class com.ecommerce.cnj70.document.User in collection: users
2026-09-25T17:43:31.776+07:00 DEBUG 36788 --- [CNJ70 Ecommerce] [nio-8081-exec-3] .s.ChangeSessionIdAuthenticationStrategy : Changed session id from 923A1D0CC2658B4CF3E7B5E9631EC289
2026-09-25T17:43:31.777+07:00 DEBUG 36788 --- [CNJ70 Ecommerce] [nio-8081-exec-3] o.s.security.web.FilterChainProxy        : Secured GET /css/dashboard.css
2026-09-25T17:43:31.788+07:00 DEBUG 36788 --- [CNJ70 Ecommerce] [nio-8081-exec-5] o.s.security.web.FilterChainProxy        : Secured GET /css/admin-ui.css
2026-09-25T17:43:31.788+07:00 DEBUG 36788 --- [CNJ70 Ecommerce] [nio-8081-exec-8] o.s.security.web.FilterChainProxy        : Secured GET /css/admin-dashboard.css
2026-09-25T17:43:31.794+07:00 DEBUG 36788 --- [CNJ70 Ecommerce] [nio-8081-exec-9] o.s.security.web.FilterChainProxy        : Secured GET /css/foundation/index.css
2026-09-25T17:43:31.802+07:00 DEBUG 36788 --- [CNJ70 Ecommerce] [nio-8081-exec-2] o.s.security.web.FilterChainProxy        : Securing GET /css/foundation/base.css
2026-09-25T17:43:31.802+07:00 DEBUG 36788 --- [CNJ70 Ecommerce] [nio-8081-exec-6] o.s.security.web.FilterChainProxy        : Securing GET /css/foundation/tokens.css
2026-09-25T17:43:31.802+07:00 DEBUG 36788 --- [CNJ70 Ecommerce] [nio-8081-exec-7] o.s.security.web.FilterChainProxy        : Securing GET /css/foundation/components.css
2026-09-25T17:43:31.802+07:00 DEBUG 36788 --- [CNJ70 Ecommerce] [nio-8081-exec-4] o.s.security.web.FilterChainProxy        : Securing GET /css/foundation/layout.css
2026-09-25T17:43:31.802+07:00 DEBUG 36788 --- [CNJ70 Ecommerce] [io-8081-exec-10] o.s.security.web.FilterChainProxy        : Securing GET /css/foundation/responsive.css
2026-09-25T17:43:31.802+07:00 DEBUG 36788 --- [CNJ70 Ecommerce] [nio-8081-exec-1] o.s.security.web.FilterChainProxy        : Securing GET /css/foundation/accessibility.css
2026-09-25T17:43:31.802+07:00 DEBUG 36788 --- [CNJ70 Ecommerce] [nio-8081-exec-6] o.s.d.m.r.query.MongoQueryCreator        : Created query Query: { "email" : "admin2@gmail.com"}, Fields: {}, Sort: {}
2026-09-25T17:43:31.802+07:00 DEBUG 36788 --- [CNJ70 Ecommerce] [nio-8081-exec-2] o.s.d.m.r.query.MongoQueryCreator        : Created query Query: { "email" : "admin2@gmail.com"}, Fields: {}, Sort: {}
2026-09-25T17:43:31.802+07:00 DEBUG 36788 --- [CNJ70 Ecommerce] [nio-8081-exec-7] o.s.d.m.r.query.MongoQueryCreator        : Created query Query: { "email" : "admin2@gmail.com"}, Fields: {}, Sort: {}
2026-09-25T17:43:31.802+07:00 DEBUG 36788 --- [CNJ70 Ecommerce] [nio-8081-exec-4] o.s.d.m.r.query.MongoQueryCreator        : Created query Query: { "email" : "admin2@gmail.com"}, Fields: {}, Sort: {}
2026-09-25T17:43:31.802+07:00 DEBUG 36788 --- [CNJ70 Ecommerce] [io-8081-exec-10] o.s.d.m.r.query.MongoQueryCreator        : Created query Query: { "email" : "admin2@gmail.com"}, Fields: {}, Sort: {}
2026-09-25T17:43:31.802+07:00 DEBUG 36788 --- [CNJ70 Ecommerce] [nio-8081-exec-6] o.s.data.mongodb.core.MongoTemplate      : find using query: { "email" : "admin2@gmail.com"} fields: Document{{}} for class: class com.ecommerce.cnj70.document.User in collection: users
2026-09-25T17:43:31.807+07:00 DEBUG 36788 --- [CNJ70 Ecommerce] [io-8081-exec-10] o.s.data.mongodb.core.MongoTemplate      : find using query: { "email" : "admin2@gmail.com"} fields: Document{{}} for class: class com.ecommerce.cnj70.document.User in collection: users
2026-09-25T17:43:31.802+07:00 DEBUG 36788 --- [CNJ70 Ecommerce] [nio-8081-exec-1] o.s.d.m.r.query.MongoQueryCreator        : Created query Query: { "email" : "admin2@gmail.com"}, Fields: {}, Sort: {}
2026-09-25T17:43:31.802+07:00 DEBUG 36788 --- [CNJ70 Ecommerce] [nio-8081-exec-7] o.s.data.mongodb.core.MongoTemplate      : find using query: { "email" : "admin2@gmail.com"} fields: Document{{}} for class: class com.ecommerce.cnj70.document.User in collection: users
2026-09-25T17:43:31.802+07:00 DEBUG 36788 --- [CNJ70 Ecommerce] [nio-8081-exec-2] o.s.data.mongodb.core.MongoTemplate      : find using query: { "email" : "admin2@gmail.com"} fields: Document{{}} for class: class com.ecommerce.cnj70.document.User in collection: users
2026-09-25T17:43:31.807+07:00 DEBUG 36788 --- [CNJ70 Ecommerce] [nio-8081-exec-1] o.s.data.mongodb.core.MongoTemplate      : find using query: { "email" : "admin2@gmail.com"} fields: Document{{}} for class: class com.ecommerce.cnj70.document.User in collection: users
2026-09-25T17:43:31.807+07:00 DEBUG 36788 --- [CNJ70 Ecommerce] [nio-8081-exec-4] o.s.data.mongodb.core.MongoTemplate      : find using query: { "email" : "admin2@gmail.com"} fields: Document{{}} for class: class com.ecommerce.cnj70.document.User in collection: users
2026-09-25T17:43:31.857+07:00 DEBUG 36788 --- [CNJ70 Ecommerce] [nio-8081-exec-2] .s.ChangeSessionIdAuthenticationStrategy : Changed session id from 1641FE747F675FE85B62689FC6F7C6D2
2026-09-25T17:43:31.858+07:00 DEBUG 36788 --- [CNJ70 Ecommerce] [nio-8081-exec-2] o.s.security.web.FilterChainProxy        : Secured GET /css/foundation/base.css
2026-09-25T17:43:31.858+07:00 DEBUG 36788 --- [CNJ70 Ecommerce] [nio-8081-exec-1] o.s.security.web.FilterChainProxy        : Secured GET /css/foundation/accessibility.css
2026-09-25T17:43:31.862+07:00 DEBUG 36788 --- [CNJ70 Ecommerce] [nio-8081-exec-4] o.s.security.web.FilterChainProxy        : Secured GET /css/foundation/layout.css
2026-09-25T17:43:31.864+07:00 DEBUG 36788 --- [CNJ70 Ecommerce] [nio-8081-exec-7] o.s.security.web.FilterChainProxy        : Secured GET /css/foundation/components.css
2026-09-25T17:43:31.864+07:00 DEBUG 36788 --- [CNJ70 Ecommerce] [io-8081-exec-10] o.s.security.web.FilterChainProxy        : Secured GET /css/foundation/responsive.css
2026-09-25T17:43:31.874+07:00 DEBUG 36788 --- [CNJ70 Ecommerce] [nio-8081-exec-6] o.s.security.web.FilterChainProxy        : Secured GET /css/foundation/tokens.css
2026-09-25T17:43:53.316+07:00 DEBUG 36788 --- [CNJ70 Ecommerce] [nio-8081-exec-3] o.s.security.web.FilterChainProxy        : Securing GET /admin/shops/6a86ac30add146680e49cf64
2026-09-25T17:43:53.319+07:00 DEBUG 36788 --- [CNJ70 Ecommerce] [nio-8081-exec-3] o.s.d.m.r.query.MongoQueryCreator        : Created query Query: { "email" : "admin2@gmail.com"}, Fields: {}, Sort: {}
2026-09-25T17:43:53.319+07:00 DEBUG 36788 --- [CNJ70 Ecommerce] [nio-8081-exec-3] o.s.data.mongodb.core.MongoTemplate      : find using query: { "email" : "admin2@gmail.com"} fields: Document{{}} for class: class com.ecommerce.cnj70.document.User in collection: users
2026-09-25T17:43:53.387+07:00 DEBUG 36788 --- [CNJ70 Ecommerce] [nio-8081-exec-3] .s.ChangeSessionIdAuthenticationStrategy : Changed session id from 80C6AC873886734E975DD3DD9A324B92
2026-09-25T17:43:53.392+07:00 DEBUG 36788 --- [CNJ70 Ecommerce] [nio-8081-exec-3] o.s.security.web.FilterChainProxy        : Secured GET /admin/shops/6a86ac30add146680e49cf64
2026-09-25T17:43:53.398+07:00 DEBUG 36788 --- [CNJ70 Ecommerce] [nio-8081-exec-3] o.s.d.m.r.query.MongoQueryCreator        : Created query Query: { "email" : "admin2@gmail.com"}, Fields: {}, Sort: {}
2026-09-25T17:43:53.398+07:00 DEBUG 36788 --- [CNJ70 Ecommerce] [nio-8081-exec-3] o.s.data.mongodb.core.MongoTemplate      : find using query: { "email" : "admin2@gmail.com"} fields: Document{{}} for class: class com.ecommerce.cnj70.document.User in collection: users
2026-09-25T17:43:53.468+07:00 DEBUG 36788 --- [CNJ70 Ecommerce] [nio-8081-exec-3] o.s.data.mongodb.core.MongoTemplate      : find using query: {} fields: Document{{}} for class: class com.ecommerce.cnj70.document.Voucher in collection: vouchers
2026-09-25T17:43:53.645+07:00 DEBUG 36788 --- [CNJ70 Ecommerce] [nio-8081-exec-5] o.s.security.web.FilterChainProxy        : Securing GET /css/admin-dashboard.css
2026-09-25T17:43:53.645+07:00 DEBUG 36788 --- [CNJ70 Ecommerce] [nio-8081-exec-8] o.s.security.web.FilterChainProxy        : Securing GET /css/dashboard.css
2026-09-25T17:43:53.645+07:00 DEBUG 36788 --- [CNJ70 Ecommerce] [nio-8081-exec-9] o.s.security.web.FilterChainProxy        : Securing GET /css/foundation/index.css
2026-09-25T17:43:53.645+07:00 DEBUG 36788 --- [CNJ70 Ecommerce] [nio-8081-exec-2] o.s.security.web.FilterChainProxy        : Securing GET /css/admin-ui.css
2026-09-25T17:43:53.647+07:00 DEBUG 36788 --- [CNJ70 Ecommerce] [nio-8081-exec-9] o.s.d.m.r.query.MongoQueryCreator        : Created query Query: { "email" : "admin2@gmail.com"}, Fields: {}, Sort: {}
2026-09-25T17:43:53.647+07:00 DEBUG 36788 --- [CNJ70 Ecommerce] [nio-8081-exec-5] o.s.d.m.r.query.MongoQueryCreator        : Created query Query: { "email" : "admin2@gmail.com"}, Fields: {}, Sort: {}
2026-09-25T17:43:53.647+07:00 DEBUG 36788 --- [CNJ70 Ecommerce] [nio-8081-exec-8] o.s.d.m.r.query.MongoQueryCreator        : Created query Query: { "email" : "admin2@gmail.com"}, Fields: {}, Sort: {}
2026-09-25T17:43:53.648+07:00 DEBUG 36788 --- [CNJ70 Ecommerce] [nio-8081-exec-2] o.s.d.m.r.query.MongoQueryCreator        : Created query Query: { "email" : "admin2@gmail.com"}, Fields: {}, Sort: {}
2026-09-25T17:43:53.648+07:00 DEBUG 36788 --- [CNJ70 Ecommerce] [nio-8081-exec-9] o.s.data.mongodb.core.MongoTemplate      : find using query: { "email" : "admin2@gmail.com"} fields: Document{{}} for class: class com.ecommerce.cnj70.document.User in collection: users
2026-09-25T17:43:53.649+07:00 DEBUG 36788 --- [CNJ70 Ecommerce] [nio-8081-exec-2] o.s.data.mongodb.core.MongoTemplate      : find using query: { "email" : "admin2@gmail.com"} fields: Document{{}} for class: class com.ecommerce.cnj70.document.User in collection: users
2026-09-25T17:43:53.649+07:00 DEBUG 36788 --- [CNJ70 Ecommerce] [nio-8081-exec-5] o.s.data.mongodb.core.MongoTemplate      : find using query: { "email" : "admin2@gmail.com"} fields: Document{{}} for class: class com.ecommerce.cnj70.document.User in collection: users
2026-09-25T17:43:53.649+07:00 DEBUG 36788 --- [CNJ70 Ecommerce] [nio-8081-exec-8] o.s.data.mongodb.core.MongoTemplate      : find using query: { "email" : "admin2@gmail.com"} fields: Document{{}} for class: class com.ecommerce.cnj70.document.User in collection: users
2026-09-25T17:43:53.703+07:00 DEBUG 36788 --- [CNJ70 Ecommerce] [nio-8081-exec-8] .s.ChangeSessionIdAuthenticationStrategy : Changed session id from C0FC224487F2835860BCC83462C419DB
2026-09-25T17:43:53.704+07:00 DEBUG 36788 --- [CNJ70 Ecommerce] [nio-8081-exec-8] o.s.security.web.FilterChainProxy        : Secured GET /css/dashboard.css
2026-09-25T17:43:53.709+07:00 DEBUG 36788 --- [CNJ70 Ecommerce] [nio-8081-exec-2] o.s.security.web.FilterChainProxy        : Secured GET /css/admin-ui.css
2026-09-25T17:43:53.709+07:00 DEBUG 36788 --- [CNJ70 Ecommerce] [nio-8081-exec-5] o.s.security.web.FilterChainProxy        : Secured GET /css/admin-dashboard.css
2026-09-25T17:43:53.718+07:00 DEBUG 36788 --- [CNJ70 Ecommerce] [nio-8081-exec-9] o.s.security.web.FilterChainProxy        : Secured GET /css/foundation/index.css
2026-09-25T17:43:53.724+07:00 DEBUG 36788 --- [CNJ70 Ecommerce] [nio-8081-exec-1] o.s.security.web.FilterChainProxy        : Securing GET /css/foundation/tokens.css
2026-09-25T17:43:53.724+07:00 DEBUG 36788 --- [CNJ70 Ecommerce] [nio-8081-exec-7] o.s.security.web.FilterChainProxy        : Securing GET /css/foundation/components.css
2026-09-25T17:43:53.724+07:00 DEBUG 36788 --- [CNJ70 Ecommerce] [nio-8081-exec-4] o.s.security.web.FilterChainProxy        : Securing GET /css/foundation/base.css
2026-09-25T17:43:53.726+07:00 DEBUG 36788 --- [CNJ70 Ecommerce] [io-8081-exec-10] o.s.security.web.FilterChainProxy        : Securing GET /css/foundation/layout.css
2026-09-25T17:43:53.726+07:00 DEBUG 36788 --- [CNJ70 Ecommerce] [nio-8081-exec-6] o.s.security.web.FilterChainProxy        : Securing GET /css/foundation/responsive.css
2026-09-25T17:43:53.726+07:00 DEBUG 36788 --- [CNJ70 Ecommerce] [nio-8081-exec-3] o.s.security.web.FilterChainProxy        : Securing GET /css/foundation/accessibility.css
2026-09-25T17:43:53.727+07:00 DEBUG 36788 --- [CNJ70 Ecommerce] [io-8081-exec-10] o.s.d.m.r.query.MongoQueryCreator        : Created query Query: { "email" : "admin2@gmail.com"}, Fields: {}, Sort: {}
2026-09-25T17:43:53.727+07:00 DEBUG 36788 --- [CNJ70 Ecommerce] [nio-8081-exec-7] o.s.d.m.r.query.MongoQueryCreator        : Created query Query: { "email" : "admin2@gmail.com"}, Fields: {}, Sort: {}
2026-09-25T17:43:53.727+07:00 DEBUG 36788 --- [CNJ70 Ecommerce] [nio-8081-exec-1] o.s.d.m.r.query.MongoQueryCreator        : Created query Query: { "email" : "admin2@gmail.com"}, Fields: {}, Sort: {}
2026-09-25T17:43:53.727+07:00 DEBUG 36788 --- [CNJ70 Ecommerce] [nio-8081-exec-4] o.s.d.m.r.query.MongoQueryCreator        : Created query Query: { "email" : "admin2@gmail.com"}, Fields: {}, Sort: {}
2026-09-25T17:43:53.729+07:00 DEBUG 36788 --- [CNJ70 Ecommerce] [nio-8081-exec-1] o.s.data.mongodb.core.MongoTemplate      : find using query: { "email" : "admin2@gmail.com"} fields: Document{{}} for class: class com.ecommerce.cnj70.document.User in collection: users
2026-09-25T17:43:53.727+07:00 DEBUG 36788 --- [CNJ70 Ecommerce] [nio-8081-exec-6] o.s.d.m.r.query.MongoQueryCreator        : Created query Query: { "email" : "admin2@gmail.com"}, Fields: {}, Sort: {}
2026-09-25T17:43:53.727+07:00 DEBUG 36788 --- [CNJ70 Ecommerce] [nio-8081-exec-3] o.s.d.m.r.query.MongoQueryCreator        : Created query Query: { "email" : "admin2@gmail.com"}, Fields: {}, Sort: {}
2026-09-25T17:43:53.727+07:00 DEBUG 36788 --- [CNJ70 Ecommerce] [io-8081-exec-10] o.s.data.mongodb.core.MongoTemplate      : find using query: { "email" : "admin2@gmail.com"} fields: Document{{}} for class: class com.ecommerce.cnj70.document.User in collection: users
2026-09-25T17:43:53.729+07:00 DEBUG 36788 --- [CNJ70 Ecommerce] [nio-8081-exec-7] o.s.data.mongodb.core.MongoTemplate      : find using query: { "email" : "admin2@gmail.com"} fields: Document{{}} for class: class com.ecommerce.cnj70.document.User in collection: users
2026-09-25T17:43:53.729+07:00 DEBUG 36788 --- [CNJ70 Ecommerce] [nio-8081-exec-4] o.s.data.mongodb.core.MongoTemplate      : find using query: { "email" : "admin2@gmail.com"} fields: Document{{}} for class: class com.ecommerce.cnj70.document.User in collection: users
2026-09-25T17:43:53.730+07:00 DEBUG 36788 --- [CNJ70 Ecommerce] [nio-8081-exec-6] o.s.data.mongodb.core.MongoTemplate      : find using query: { "email" : "admin2@gmail.com"} fields: Document{{}} for class: class com.ecommerce.cnj70.document.User in collection: users
2026-09-25T17:43:53.730+07:00 DEBUG 36788 --- [CNJ70 Ecommerce] [nio-8081-exec-3] o.s.data.mongodb.core.MongoTemplate      : find using query: { "email" : "admin2@gmail.com"} fields: Document{{}} for class: class com.ecommerce.cnj70.document.User in collection: users
2026-09-25T17:43:53.781+07:00 DEBUG 36788 --- [CNJ70 Ecommerce] [nio-8081-exec-3] .s.ChangeSessionIdAuthenticationStrategy : Changed session id from 4196D81C581D0612A91076C9DC0DC087
2026-09-25T17:43:53.783+07:00 DEBUG 36788 --- [CNJ70 Ecommerce] [nio-8081-exec-3] o.s.security.web.FilterChainProxy        : Secured GET /css/foundation/accessibility.css
2026-09-25T17:43:53.783+07:00 DEBUG 36788 --- [CNJ70 Ecommerce] [nio-8081-exec-6] o.s.security.web.FilterChainProxy        : Secured GET /css/foundation/responsive.css
2026-09-25T17:43:53.785+07:00 DEBUG 36788 --- [CNJ70 Ecommerce] [nio-8081-exec-4] o.s.security.web.FilterChainProxy        : Secured GET /css/foundation/base.css
2026-09-25T17:43:53.792+07:00 DEBUG 36788 --- [CNJ70 Ecommerce] [nio-8081-exec-7] o.s.security.web.FilterChainProxy        : Secured GET /css/foundation/components.css
2026-09-25T17:43:53.792+07:00 DEBUG 36788 --- [CNJ70 Ecommerce] [io-8081-exec-10] o.s.security.web.FilterChainProxy        : Secured GET /css/foundation/layout.css
2026-09-25T17:43:53.802+07:00 DEBUG 36788 --- [CNJ70 Ecommerce] [nio-8081-exec-1] o.s.security.web.FilterChainProxy        : Secured GET /css/foundation/tokens.css
2026-09-25T17:44:12.697+07:00 DEBUG 36788 --- [CNJ70 Ecommerce] [nio-8081-exec-8] o.s.security.web.FilterChainProxy        : Securing GET /admin/violations
2026-09-25T17:44:12.703+07:00 DEBUG 36788 --- [CNJ70 Ecommerce] [nio-8081-exec-8] o.s.d.m.r.query.MongoQueryCreator        : Created query Query: { "email" : "admin2@gmail.com"}, Fields: {}, Sort: {}
2026-09-25T17:44:12.705+07:00 DEBUG 36788 --- [CNJ70 Ecommerce] [nio-8081-exec-8] o.s.data.mongodb.core.MongoTemplate      : find using query: { "email" : "admin2@gmail.com"} fields: Document{{}} for class: class com.ecommerce.cnj70.document.User in collection: users
2026-09-25T17:44:12.774+07:00 DEBUG 36788 --- [CNJ70 Ecommerce] [nio-8081-exec-8] .s.ChangeSessionIdAuthenticationStrategy : Changed session id from 4F1B31D748D7E3328DBFAD136801AC14
2026-09-25T17:44:12.777+07:00 DEBUG 36788 --- [CNJ70 Ecommerce] [nio-8081-exec-8] o.s.security.web.FilterChainProxy        : Secured GET /admin/violations
2026-09-25T17:44:12.779+07:00 DEBUG 36788 --- [CNJ70 Ecommerce] [nio-8081-exec-8] o.s.d.m.r.query.MongoQueryCreator        : Created query Query: { "email" : "admin2@gmail.com"}, Fields: {}, Sort: {}
2026-09-25T17:44:12.780+07:00 DEBUG 36788 --- [CNJ70 Ecommerce] [nio-8081-exec-8] o.s.data.mongodb.core.MongoTemplate      : find using query: { "email" : "admin2@gmail.com"} fields: Document{{}} for class: class com.ecommerce.cnj70.document.User in collection: users
2026-09-25T17:44:12.849+07:00 DEBUG 36788 --- [CNJ70 Ecommerce] [nio-8081-exec-8] o.s.data.mongodb.core.MongoTemplate      : find using query: {} fields: Document{{}} for class: class com.ecommerce.cnj70.document.Voucher in collection: vouchers
2026-09-25T17:44:12.920+07:00 DEBUG 36788 --- [CNJ70 Ecommerce] [nio-8081-exec-8] o.s.data.mongodb.core.MongoTemplate      : Executing count: {} in collection: violations
2026-09-25T17:44:12.989+07:00 DEBUG 36788 --- [CNJ70 Ecommerce] [nio-8081-exec-8] o.s.data.mongodb.core.MongoTemplate      : find using query: {} fields: Document{{}} for class: class com.ecommerce.cnj70.document.Violation in collection: violations
2026-09-25T17:44:13.090+07:00 DEBUG 36788 --- [CNJ70 Ecommerce] [nio-8081-exec-5] o.s.security.web.FilterChainProxy        : Securing GET /css/admin-dashboard.css
2026-09-25T17:44:13.090+07:00 DEBUG 36788 --- [CNJ70 Ecommerce] [nio-8081-exec-2] o.s.security.web.FilterChainProxy        : Securing GET /css/dashboard.css
2026-09-25T17:44:13.090+07:00 DEBUG 36788 --- [CNJ70 Ecommerce] [nio-8081-exec-9] o.s.security.web.FilterChainProxy        : Securing GET /css/foundation/index.css
2026-09-25T17:44:13.090+07:00 DEBUG 36788 --- [CNJ70 Ecommerce] [nio-8081-exec-3] o.s.security.web.FilterChainProxy        : Securing GET /css/admin-ui.css
2026-09-25T17:44:13.093+07:00 DEBUG 36788 --- [CNJ70 Ecommerce] [nio-8081-exec-2] o.s.d.m.r.query.MongoQueryCreator        : Created query Query: { "email" : "admin2@gmail.com"}, Fields: {}, Sort: {}
2026-09-25T17:44:13.093+07:00 DEBUG 36788 --- [CNJ70 Ecommerce] [nio-8081-exec-9] o.s.d.m.r.query.MongoQueryCreator        : Created query Query: { "email" : "admin2@gmail.com"}, Fields: {}, Sort: {}
2026-09-25T17:44:13.093+07:00 DEBUG 36788 --- [CNJ70 Ecommerce] [nio-8081-exec-5] o.s.d.m.r.query.MongoQueryCreator        : Created query Query: { "email" : "admin2@gmail.com"}, Fields: {}, Sort: {}
2026-09-25T17:44:13.093+07:00 DEBUG 36788 --- [CNJ70 Ecommerce] [nio-8081-exec-3] o.s.d.m.r.query.MongoQueryCreator        : Created query Query: { "email" : "admin2@gmail.com"}, Fields: {}, Sort: {}
2026-09-25T17:44:13.093+07:00 DEBUG 36788 --- [CNJ70 Ecommerce] [nio-8081-exec-2] o.s.data.mongodb.core.MongoTemplate      : find using query: { "email" : "admin2@gmail.com"} fields: Document{{}} for class: class com.ecommerce.cnj70.document.User in collection: users
2026-09-25T17:44:13.094+07:00 DEBUG 36788 --- [CNJ70 Ecommerce] [nio-8081-exec-9] o.s.data.mongodb.core.MongoTemplate      : find using query: { "email" : "admin2@gmail.com"} fields: Document{{}} for class: class com.ecommerce.cnj70.document.User in collection: users
2026-09-25T17:44:13.094+07:00 DEBUG 36788 --- [CNJ70 Ecommerce] [nio-8081-exec-5] o.s.data.mongodb.core.MongoTemplate      : find using query: { "email" : "admin2@gmail.com"} fields: Document{{}} for class: class com.ecommerce.cnj70.document.User in collection: users
2026-09-25T17:44:13.094+07:00 DEBUG 36788 --- [CNJ70 Ecommerce] [nio-8081-exec-3] o.s.data.mongodb.core.MongoTemplate      : find using query: { "email" : "admin2@gmail.com"} fields: Document{{}} for class: class com.ecommerce.cnj70.document.User in collection: users
2026-09-25T17:44:13.148+07:00 DEBUG 36788 --- [CNJ70 Ecommerce] [nio-8081-exec-3] .s.ChangeSessionIdAuthenticationStrategy : Changed session id from 278C0668B63F36E9F5BEAEE7B5023691
2026-09-25T17:44:13.150+07:00 DEBUG 36788 --- [CNJ70 Ecommerce] [nio-8081-exec-3] o.s.security.web.FilterChainProxy        : Secured GET /css/admin-ui.css
2026-09-25T17:44:13.155+07:00 DEBUG 36788 --- [CNJ70 Ecommerce] [nio-8081-exec-9] o.s.security.web.FilterChainProxy        : Secured GET /css/foundation/index.css
2026-09-25T17:44:13.156+07:00 DEBUG 36788 --- [CNJ70 Ecommerce] [nio-8081-exec-5] o.s.security.web.FilterChainProxy        : Secured GET /css/admin-dashboard.css
2026-09-25T17:44:13.163+07:00 DEBUG 36788 --- [CNJ70 Ecommerce] [nio-8081-exec-2] o.s.security.web.FilterChainProxy        : Secured GET /css/dashboard.css
2026-09-25T17:44:13.163+07:00 DEBUG 36788 --- [CNJ70 Ecommerce] [nio-8081-exec-6] o.s.security.web.FilterChainProxy        : Securing GET /css/foundation/tokens.css
2026-09-25T17:44:13.163+07:00 DEBUG 36788 --- [CNJ70 Ecommerce] [nio-8081-exec-4] o.s.security.web.FilterChainProxy        : Securing GET /css/foundation/base.css
2026-09-25T17:44:13.163+07:00 DEBUG 36788 --- [CNJ70 Ecommerce] [io-8081-exec-10] o.s.security.web.FilterChainProxy        : Securing GET /css/foundation/components.css
2026-09-25T17:44:13.163+07:00 DEBUG 36788 --- [CNJ70 Ecommerce] [nio-8081-exec-7] o.s.security.web.FilterChainProxy        : Securing GET /css/foundation/layout.css
2026-09-25T17:44:13.163+07:00 DEBUG 36788 --- [CNJ70 Ecommerce] [nio-8081-exec-1] o.s.security.web.FilterChainProxy        : Securing GET /css/foundation/responsive.css
2026-09-25T17:44:13.166+07:00 DEBUG 36788 --- [CNJ70 Ecommerce] [nio-8081-exec-7] o.s.d.m.r.query.MongoQueryCreator        : Created query Query: { "email" : "admin2@gmail.com"}, Fields: {}, Sort: {}
2026-09-25T17:44:13.166+07:00 DEBUG 36788 --- [CNJ70 Ecommerce] [nio-8081-exec-4] o.s.d.m.r.query.MongoQueryCreator        : Created query Query: { "email" : "admin2@gmail.com"}, Fields: {}, Sort: {}
2026-09-25T17:44:13.166+07:00 DEBUG 36788 --- [CNJ70 Ecommerce] [io-8081-exec-10] o.s.d.m.r.query.MongoQueryCreator        : Created query Query: { "email" : "admin2@gmail.com"}, Fields: {}, Sort: {}
2026-09-25T17:44:13.166+07:00 DEBUG 36788 --- [CNJ70 Ecommerce] [nio-8081-exec-6] o.s.d.m.r.query.MongoQueryCreator        : Created query Query: { "email" : "admin2@gmail.com"}, Fields: {}, Sort: {}
2026-09-25T17:44:13.166+07:00 DEBUG 36788 --- [CNJ70 Ecommerce] [nio-8081-exec-1] o.s.d.m.r.query.MongoQueryCreator        : Created query Query: { "email" : "admin2@gmail.com"}, Fields: {}, Sort: {}
2026-09-25T17:44:13.166+07:00 DEBUG 36788 --- [CNJ70 Ecommerce] [nio-8081-exec-8] o.s.security.web.FilterChainProxy        : Securing GET /css/foundation/accessibility.css
2026-09-25T17:44:13.166+07:00 DEBUG 36788 --- [CNJ70 Ecommerce] [nio-8081-exec-7] o.s.data.mongodb.core.MongoTemplate      : find using query: { "email" : "admin2@gmail.com"} fields: Document{{}} for class: class com.ecommerce.cnj70.document.User in collection: users
2026-09-25T17:44:13.168+07:00 DEBUG 36788 --- [CNJ70 Ecommerce] [nio-8081-exec-4] o.s.data.mongodb.core.MongoTemplate      : find using query: { "email" : "admin2@gmail.com"} fields: Document{{}} for class: class com.ecommerce.cnj70.document.User in collection: users
2026-09-25T17:44:13.168+07:00 DEBUG 36788 --- [CNJ70 Ecommerce] [io-8081-exec-10] o.s.data.mongodb.core.MongoTemplate      : find using query: { "email" : "admin2@gmail.com"} fields: Document{{}} for class: class com.ecommerce.cnj70.document.User in collection: users
2026-09-25T17:44:13.168+07:00 DEBUG 36788 --- [CNJ70 Ecommerce] [nio-8081-exec-6] o.s.data.mongodb.core.MongoTemplate      : find using query: { "email" : "admin2@gmail.com"} fields: Document{{}} for class: class com.ecommerce.cnj70.document.User in collection: users
2026-09-25T17:44:13.169+07:00 DEBUG 36788 --- [CNJ70 Ecommerce] [nio-8081-exec-1] o.s.data.mongodb.core.MongoTemplate      : find using query: { "email" : "admin2@gmail.com"} fields: Document{{}} for class: class com.ecommerce.cnj70.document.User in collection: users
2026-09-25T17:44:13.171+07:00 DEBUG 36788 --- [CNJ70 Ecommerce] [nio-8081-exec-8] o.s.d.m.r.query.MongoQueryCreator        : Created query Query: { "email" : "admin2@gmail.com"}, Fields: {}, Sort: {}
2026-09-25T17:44:13.171+07:00 DEBUG 36788 --- [CNJ70 Ecommerce] [nio-8081-exec-8] o.s.data.mongodb.core.MongoTemplate      : find using query: { "email" : "admin2@gmail.com"} fields: Document{{}} for class: class com.ecommerce.cnj70.document.User in collection: users
2026-09-25T17:44:13.226+07:00 DEBUG 36788 --- [CNJ70 Ecommerce] [nio-8081-exec-1] .s.ChangeSessionIdAuthenticationStrategy : Changed session id from 83F0E12FA9C8E6F58D6ED44B0C42722A
2026-09-25T17:44:13.229+07:00 DEBUG 36788 --- [CNJ70 Ecommerce] [nio-8081-exec-1] o.s.security.web.FilterChainProxy        : Secured GET /css/foundation/responsive.css
2026-09-25T17:44:13.229+07:00 DEBUG 36788 --- [CNJ70 Ecommerce] [nio-8081-exec-8] o.s.security.web.FilterChainProxy        : Secured GET /css/foundation/accessibility.css
2026-09-25T17:44:13.230+07:00 DEBUG 36788 --- [CNJ70 Ecommerce] [nio-8081-exec-6] o.s.security.web.FilterChainProxy        : Secured GET /css/foundation/tokens.css
2026-09-25T17:44:13.230+07:00 DEBUG 36788 --- [CNJ70 Ecommerce] [io-8081-exec-10] o.s.security.web.FilterChainProxy        : Secured GET /css/foundation/components.css
2026-09-25T17:44:13.240+07:00 DEBUG 36788 --- [CNJ70 Ecommerce] [nio-8081-exec-4] o.s.security.web.FilterChainProxy        : Secured GET /css/foundation/base.css
2026-09-25T17:44:13.244+07:00 DEBUG 36788 --- [CNJ70 Ecommerce] [nio-8081-exec-7] o.s.security.web.FilterChainProxy        : Secured GET /css/foundation/layout.css
2026-09-25T17:44:31.554+07:00 DEBUG 36788 --- [CNJ70 Ecommerce] [nio-8081-exec-3] o.s.security.web.FilterChainProxy        : Securing POST /admin/violations/6ab61d7259fb2a46a9b1163b/resolve
2026-09-25T17:44:31.558+07:00 DEBUG 36788 --- [CNJ70 Ecommerce] [nio-8081-exec-3] o.s.d.m.r.query.MongoQueryCreator        : Created query Query: { "email" : "admin2@gmail.com"}, Fields: {}, Sort: {}
2026-09-25T17:44:31.559+07:00 DEBUG 36788 --- [CNJ70 Ecommerce] [nio-8081-exec-3] o.s.data.mongodb.core.MongoTemplate      : find using query: { "email" : "admin2@gmail.com"} fields: Document{{}} for class: class com.ecommerce.cnj70.document.User in collection: users
2026-09-25T17:44:31.626+07:00 DEBUG 36788 --- [CNJ70 Ecommerce] [nio-8081-exec-3] .s.ChangeSessionIdAuthenticationStrategy : Changed session id from D6B62D2B6D2302050C4D4666B9009470
2026-09-25T17:44:31.631+07:00 DEBUG 36788 --- [CNJ70 Ecommerce] [nio-8081-exec-3] o.s.security.web.FilterChainProxy        : Secured POST /admin/violations/6ab61d7259fb2a46a9b1163b/resolve
2026-09-25T17:44:31.632+07:00 DEBUG 36788 --- [CNJ70 Ecommerce] [nio-8081-exec-3] o.s.d.m.r.query.MongoQueryCreator        : Created query Query: { "email" : "admin2@gmail.com"}, Fields: {}, Sort: {}
2026-09-25T17:44:31.634+07:00 DEBUG 36788 --- [CNJ70 Ecommerce] [nio-8081-exec-3] o.s.data.mongodb.core.MongoTemplate      : find using query: { "email" : "admin2@gmail.com"} fields: Document{{}} for class: class com.ecommerce.cnj70.document.User in collection: users
2026-09-25T17:44:31.701+07:00 DEBUG 36788 --- [CNJ70 Ecommerce] [nio-8081-exec-3] o.s.data.mongodb.core.MongoTemplate      : find using query: {} fields: Document{{}} for class: class com.ecommerce.cnj70.document.Voucher in collection: vouchers
2026-09-25T17:44:31.842+07:00 DEBUG 36788 --- [CNJ70 Ecommerce] [nio-8081-exec-5] o.s.security.web.FilterChainProxy        : Securing GET /admin/violations
2026-09-25T17:44:31.844+07:00 DEBUG 36788 --- [CNJ70 Ecommerce] [nio-8081-exec-5] o.s.d.m.r.query.MongoQueryCreator        : Created query Query: { "email" : "admin2@gmail.com"}, Fields: {}, Sort: {}
2026-09-25T17:44:31.846+07:00 DEBUG 36788 --- [CNJ70 Ecommerce] [nio-8081-exec-5] o.s.data.mongodb.core.MongoTemplate      : find using query: { "email" : "admin2@gmail.com"} fields: Document{{}} for class: class com.ecommerce.cnj70.document.User in collection: users
2026-09-25T17:44:31.915+07:00 DEBUG 36788 --- [CNJ70 Ecommerce] [nio-8081-exec-5] .s.ChangeSessionIdAuthenticationStrategy : Changed session id from 074CE2C104865CBE27C93308C950A408
2026-09-25T17:44:31.916+07:00 DEBUG 36788 --- [CNJ70 Ecommerce] [nio-8081-exec-5] o.s.security.web.FilterChainProxy        : Secured GET /admin/violations
2026-09-25T17:44:31.916+07:00 DEBUG 36788 --- [CNJ70 Ecommerce] [nio-8081-exec-5] o.s.d.m.r.query.MongoQueryCreator        : Created query Query: { "email" : "admin2@gmail.com"}, Fields: {}, Sort: {}
2026-09-25T17:44:31.917+07:00 DEBUG 36788 --- [CNJ70 Ecommerce] [nio-8081-exec-5] o.s.data.mongodb.core.MongoTemplate      : find using query: { "email" : "admin2@gmail.com"} fields: Document{{}} for class: class com.ecommerce.cnj70.document.User in collection: users
2026-09-25T17:44:31.983+07:00 DEBUG 36788 --- [CNJ70 Ecommerce] [nio-8081-exec-5] o.s.data.mongodb.core.MongoTemplate      : find using query: {} fields: Document{{}} for class: class com.ecommerce.cnj70.document.Voucher in collection: vouchers
2026-09-25T17:44:32.055+07:00 DEBUG 36788 --- [CNJ70 Ecommerce] [nio-8081-exec-5] o.s.data.mongodb.core.MongoTemplate      : Executing count: {} in collection: violations
2026-09-25T17:44:32.122+07:00 DEBUG 36788 --- [CNJ70 Ecommerce] [nio-8081-exec-5] o.s.data.mongodb.core.MongoTemplate      : find using query: {} fields: Document{{}} for class: class com.ecommerce.cnj70.document.Violation in collection: violations
2026-09-25T17:44:32.224+07:00 DEBUG 36788 --- [CNJ70 Ecommerce] [nio-8081-exec-9] o.s.security.web.FilterChainProxy        : Securing GET /css/dashboard.css
2026-09-25T17:44:32.226+07:00 DEBUG 36788 --- [CNJ70 Ecommerce] [nio-8081-exec-2] o.s.security.web.FilterChainProxy        : Securing GET /css/admin-dashboard.css
2026-09-25T17:44:32.226+07:00 DEBUG 36788 --- [CNJ70 Ecommerce] [nio-8081-exec-8] o.s.security.web.FilterChainProxy        : Securing GET /css/foundation/index.css
2026-09-25T17:44:32.226+07:00 DEBUG 36788 --- [CNJ70 Ecommerce] [nio-8081-exec-1] o.s.security.web.FilterChainProxy        : Securing GET /css/admin-ui.css
2026-09-25T17:44:32.229+07:00 DEBUG 36788 --- [CNJ70 Ecommerce] [nio-8081-exec-2] o.s.d.m.r.query.MongoQueryCreator        : Created query Query: { "email" : "admin2@gmail.com"}, Fields: {}, Sort: {}
2026-09-25T17:44:32.229+07:00 DEBUG 36788 --- [CNJ70 Ecommerce] [nio-8081-exec-9] o.s.d.m.r.query.MongoQueryCreator        : Created query Query: { "email" : "admin2@gmail.com"}, Fields: {}, Sort: {}
2026-09-25T17:44:32.229+07:00 DEBUG 36788 --- [CNJ70 Ecommerce] [nio-8081-exec-1] o.s.d.m.r.query.MongoQueryCreator        : Created query Query: { "email" : "admin2@gmail.com"}, Fields: {}, Sort: {}
2026-09-25T17:44:32.230+07:00 DEBUG 36788 --- [CNJ70 Ecommerce] [nio-8081-exec-2] o.s.data.mongodb.core.MongoTemplate      : find using query: { "email" : "admin2@gmail.com"} fields: Document{{}} for class: class com.ecommerce.cnj70.document.User in collection: users
2026-09-25T17:44:32.229+07:00 DEBUG 36788 --- [CNJ70 Ecommerce] [nio-8081-exec-8] o.s.d.m.r.query.MongoQueryCreator        : Created query Query: { "email" : "admin2@gmail.com"}, Fields: {}, Sort: {}
2026-09-25T17:44:32.230+07:00 DEBUG 36788 --- [CNJ70 Ecommerce] [nio-8081-exec-9] o.s.data.mongodb.core.MongoTemplate      : find using query: { "email" : "admin2@gmail.com"} fields: Document{{}} for class: class com.ecommerce.cnj70.document.User in collection: users
2026-09-25T17:44:32.230+07:00 DEBUG 36788 --- [CNJ70 Ecommerce] [nio-8081-exec-1] o.s.data.mongodb.core.MongoTemplate      : find using query: { "email" : "admin2@gmail.com"} fields: Document{{}} for class: class com.ecommerce.cnj70.document.User in collection: users
2026-09-25T17:44:32.230+07:00 DEBUG 36788 --- [CNJ70 Ecommerce] [nio-8081-exec-8] o.s.data.mongodb.core.MongoTemplate      : find using query: { "email" : "admin2@gmail.com"} fields: Document{{}} for class: class com.ecommerce.cnj70.document.User in collection: users
2026-09-25T17:44:32.290+07:00 DEBUG 36788 --- [CNJ70 Ecommerce] [nio-8081-exec-9] .s.ChangeSessionIdAuthenticationStrategy : Changed session id from EA92B0F4017E5DDA3DAEF16CAF5711F2
2026-09-25T17:44:32.290+07:00 DEBUG 36788 --- [CNJ70 Ecommerce] [nio-8081-exec-1] .s.ChangeSessionIdAuthenticationStrategy : Changed session id from 9DADEEB33F87E498178B1E91930EA570
2026-09-25T17:44:32.290+07:00 DEBUG 36788 --- [CNJ70 Ecommerce] [nio-8081-exec-8] .s.ChangeSessionIdAuthenticationStrategy : Changed session id from 87D8AEE6BF8ECB74F84A9F8608AC45FE
2026-09-25T17:44:32.292+07:00 DEBUG 36788 --- [CNJ70 Ecommerce] [nio-8081-exec-1] o.s.security.web.FilterChainProxy        : Secured GET /css/admin-ui.css
2026-09-25T17:44:32.292+07:00 DEBUG 36788 --- [CNJ70 Ecommerce] [nio-8081-exec-9] o.s.security.web.FilterChainProxy        : Secured GET /css/dashboard.css
2026-09-25T17:44:32.292+07:00 DEBUG 36788 --- [CNJ70 Ecommerce] [nio-8081-exec-8] o.s.security.web.FilterChainProxy        : Secured GET /css/foundation/index.css
2026-09-25T17:44:32.297+07:00 DEBUG 36788 --- [CNJ70 Ecommerce] [nio-8081-exec-2] o.s.security.web.FilterChainProxy        : Secured GET /css/admin-dashboard.css
2026-09-25T17:44:32.302+07:00 DEBUG 36788 --- [CNJ70 Ecommerce] [nio-8081-exec-6] o.s.security.web.FilterChainProxy        : Securing GET /css/foundation/tokens.css
2026-09-25T17:44:32.302+07:00 DEBUG 36788 --- [CNJ70 Ecommerce] [nio-8081-exec-4] o.s.security.web.FilterChainProxy        : Securing GET /css/foundation/components.css
2026-09-25T17:44:32.304+07:00 DEBUG 36788 --- [CNJ70 Ecommerce] [nio-8081-exec-7] o.s.security.web.FilterChainProxy        : Securing GET /css/foundation/layout.css
2026-09-25T17:44:32.304+07:00 DEBUG 36788 --- [CNJ70 Ecommerce] [nio-8081-exec-5] o.s.security.web.FilterChainProxy        : Securing GET /css/foundation/accessibility.css
2026-09-25T17:44:32.302+07:00 DEBUG 36788 --- [CNJ70 Ecommerce] [io-8081-exec-10] o.s.security.web.FilterChainProxy        : Securing GET /css/foundation/base.css
2026-09-25T17:44:32.304+07:00 DEBUG 36788 --- [CNJ70 Ecommerce] [nio-8081-exec-3] o.s.security.web.FilterChainProxy        : Securing GET /css/foundation/responsive.css
2026-09-25T17:44:32.305+07:00 DEBUG 36788 --- [CNJ70 Ecommerce] [nio-8081-exec-6] o.s.d.m.r.query.MongoQueryCreator        : Created query Query: { "email" : "admin2@gmail.com"}, Fields: {}, Sort: {}
2026-09-25T17:44:32.305+07:00 DEBUG 36788 --- [CNJ70 Ecommerce] [nio-8081-exec-4] o.s.d.m.r.query.MongoQueryCreator        : Created query Query: { "email" : "admin2@gmail.com"}, Fields: {}, Sort: {}
2026-09-25T17:44:32.305+07:00 DEBUG 36788 --- [CNJ70 Ecommerce] [nio-8081-exec-7] o.s.d.m.r.query.MongoQueryCreator        : Created query Query: { "email" : "admin2@gmail.com"}, Fields: {}, Sort: {}
2026-09-25T17:44:32.306+07:00 DEBUG 36788 --- [CNJ70 Ecommerce] [nio-8081-exec-6] o.s.data.mongodb.core.MongoTemplate      : find using query: { "email" : "admin2@gmail.com"} fields: Document{{}} for class: class com.ecommerce.cnj70.document.User in collection: users
2026-09-25T17:44:32.306+07:00 DEBUG 36788 --- [CNJ70 Ecommerce] [io-8081-exec-10] o.s.d.m.r.query.MongoQueryCreator        : Created query Query: { "email" : "admin2@gmail.com"}, Fields: {}, Sort: {}
2026-09-25T17:44:32.306+07:00 DEBUG 36788 --- [CNJ70 Ecommerce] [nio-8081-exec-5] o.s.d.m.r.query.MongoQueryCreator        : Created query Query: { "email" : "admin2@gmail.com"}, Fields: {}, Sort: {}
2026-09-25T17:44:32.306+07:00 DEBUG 36788 --- [CNJ70 Ecommerce] [nio-8081-exec-4] o.s.data.mongodb.core.MongoTemplate      : find using query: { "email" : "admin2@gmail.com"} fields: Document{{}} for class: class com.ecommerce.cnj70.document.User in collection: users
2026-09-25T17:44:32.306+07:00 DEBUG 36788 --- [CNJ70 Ecommerce] [nio-8081-exec-3] o.s.d.m.r.query.MongoQueryCreator        : Created query Query: { "email" : "admin2@gmail.com"}, Fields: {}, Sort: {}
2026-09-25T17:44:32.306+07:00 DEBUG 36788 --- [CNJ70 Ecommerce] [nio-8081-exec-7] o.s.data.mongodb.core.MongoTemplate      : find using query: { "email" : "admin2@gmail.com"} fields: Document{{}} for class: class com.ecommerce.cnj70.document.User in collection: users
2026-09-25T17:44:32.306+07:00 DEBUG 36788 --- [CNJ70 Ecommerce] [io-8081-exec-10] o.s.data.mongodb.core.MongoTemplate      : find using query: { "email" : "admin2@gmail.com"} fields: Document{{}} for class: class com.ecommerce.cnj70.document.User in collection: users
2026-09-25T17:44:32.306+07:00 DEBUG 36788 --- [CNJ70 Ecommerce] [nio-8081-exec-5] o.s.data.mongodb.core.MongoTemplate      : find using query: { "email" : "admin2@gmail.com"} fields: Document{{}} for class: class com.ecommerce.cnj70.document.User in collection: users
2026-09-25T17:44:32.307+07:00 DEBUG 36788 --- [CNJ70 Ecommerce] [nio-8081-exec-3] o.s.data.mongodb.core.MongoTemplate      : find using query: { "email" : "admin2@gmail.com"} fields: Document{{}} for class: class com.ecommerce.cnj70.document.User in collection: users
2026-09-25T17:44:32.357+07:00 DEBUG 36788 --- [CNJ70 Ecommerce] [nio-8081-exec-5] .s.ChangeSessionIdAuthenticationStrategy : Changed session id from 0DF986A514702661056B1D063D16087D
2026-09-25T17:44:32.357+07:00 DEBUG 36788 --- [CNJ70 Ecommerce] [nio-8081-exec-5] o.s.security.web.FilterChainProxy        : Secured GET /css/foundation/accessibility.css
2026-09-25T17:44:32.359+07:00 DEBUG 36788 --- [CNJ70 Ecommerce] [nio-8081-exec-3] o.s.security.web.FilterChainProxy        : Secured GET /css/foundation/responsive.css
2026-09-25T17:44:32.359+07:00 DEBUG 36788 --- [CNJ70 Ecommerce] [nio-8081-exec-7] o.s.security.web.FilterChainProxy        : Secured GET /css/foundation/layout.css
2026-09-25T17:44:32.365+07:00 DEBUG 36788 --- [CNJ70 Ecommerce] [nio-8081-exec-4] o.s.security.web.FilterChainProxy        : Secured GET /css/foundation/components.css
2026-09-25T17:44:32.366+07:00 DEBUG 36788 --- [CNJ70 Ecommerce] [io-8081-exec-10] o.s.security.web.FilterChainProxy        : Secured GET /css/foundation/base.css
2026-09-25T17:44:32.373+07:00 DEBUG 36788 --- [CNJ70 Ecommerce] [nio-8081-exec-6] o.s.security.web.FilterChainProxy        : Secured GET /css/foundation/tokens.css
2026-09-25T17:45:00.015+07:00 DEBUG 36788 --- [CNJ70 Ecommerce] [   scheduling-1] c.e.c.c.ComplaintEscalationScheduler     : Scheduler [L0] starting at 2026-09-25T17:45:00.015258200
2026-09-25T17:45:00.019+07:00 DEBUG 36788 --- [CNJ70 Ecommerce] [   scheduling-1] o.s.d.m.r.query.MongoQueryCreator        : Created query Query: { "status" : { "$in" : [ { "$java" : OPEN }, { "$java" : VENDOR_RESPONDED } ] }, "vendorResponseDeadline" : { "$lt" : { "$java" : 2026-09-25T17:45:00.015258200 } } }, Fields: {}, Sort: {}
2026-09-25T17:45:00.023+07:00 DEBUG 36788 --- [CNJ70 Ecommerce] [   scheduling-1] o.s.data.mongodb.core.MongoTemplate      : find using query: { "status" : { "$in" : ["OPEN", "VENDOR_RESPONDED"]}, "vendorResponseDeadline" : { "$lt" : { "$date" : "2026-09-25T10:45:00.015Z"}}} fields: Document{{}} for class: class com.ecommerce.cnj70.document.Complaint in collection: complaints
2026-09-25T17:45:00.091+07:00 DEBUG 36788 --- [CNJ70 Ecommerce] [   scheduling-1] c.e.c.c.ComplaintEscalationScheduler     : Scheduler [L0] no overdue complaints at 2026-09-25T17:45:00.015258200
2026-09-25T17:45:13.029+07:00 DEBUG 36788 --- [CNJ70 Ecommerce] [nio-8081-exec-1] o.s.security.web.FilterChainProxy        : Securing GET /admin/violations/6a86ac30add146680e49cf64
2026-09-25T17:45:13.033+07:00 DEBUG 36788 --- [CNJ70 Ecommerce] [nio-8081-exec-1] o.s.d.m.r.query.MongoQueryCreator        : Created query Query: { "email" : "admin2@gmail.com"}, Fields: {}, Sort: {}
2026-09-25T17:45:13.033+07:00 DEBUG 36788 --- [CNJ70 Ecommerce] [nio-8081-exec-1] o.s.data.mongodb.core.MongoTemplate      : find using query: { "email" : "admin2@gmail.com"} fields: Document{{}} for class: class com.ecommerce.cnj70.document.User in collection: users
2026-09-25T17:45:13.102+07:00 DEBUG 36788 --- [CNJ70 Ecommerce] [nio-8081-exec-1] .s.ChangeSessionIdAuthenticationStrategy : Changed session id from 125C8B283746F0FE3D84AD6A59B45387
2026-09-25T17:45:13.115+07:00 DEBUG 36788 --- [CNJ70 Ecommerce] [nio-8081-exec-1] o.s.security.web.FilterChainProxy        : Secured GET /admin/violations/6a86ac30add146680e49cf64
2026-09-25T17:45:13.124+07:00  WARN 36788 --- [CNJ70 Ecommerce] [nio-8081-exec-1] .m.m.a.ExceptionHandlerExceptionResolver : Resolved [org.springframework.web.servlet.resource.NoResourceFoundException: No static resource admin/violations/6a86ac30add146680e49cf64.]
2026-09-25T17:45:13.141+07:00 DEBUG 36788 --- [CNJ70 Ecommerce] [nio-8081-exec-9] o.s.security.web.FilterChainProxy        : Securing GET /css/style.css
2026-09-25T17:45:13.145+07:00 DEBUG 36788 --- [CNJ70 Ecommerce] [nio-8081-exec-9] o.s.d.m.r.query.MongoQueryCreator        : Created query Query: { "email" : "admin2@gmail.com"}, Fields: {}, Sort: {}
2026-09-25T17:45:13.145+07:00 DEBUG 36788 --- [CNJ70 Ecommerce] [nio-8081-exec-9] o.s.data.mongodb.core.MongoTemplate      : find using query: { "email" : "admin2@gmail.com"} fields: Document{{}} for class: class com.ecommerce.cnj70.document.User in collection: users
2026-09-25T17:45:13.212+07:00 DEBUG 36788 --- [CNJ70 Ecommerce] [nio-8081-exec-9] .s.ChangeSessionIdAuthenticationStrategy : Changed session id from 17262DEB295673591C1014512FC6B47A
2026-09-25T17:45:13.215+07:00 DEBUG 36788 --- [CNJ70 Ecommerce] [nio-8081-exec-9] o.s.security.web.FilterChainProxy        : Secured GET /css/style.css
2026-09-25T17:47:39.690+07:00  INFO 36788 --- [CNJ70 Ecommerce] [   File Watcher] rtingClassPathChangeChangedEventListener : Restarting due to 467 class path changes (0 additions, 464 deletions, 3 modifications)

  .   ____          _            __ _ _
 /\\ / ___'_ __ _ _(_)_ __  __ _ \ \ \ \
( ( )\___ | '_ | '_| | '_ \/ _` | \ \ \ \
 \\/  ___)| |_)| | | | | || (_| |  ) ) ) )
  '  |____| .__|_| |_|_| |_\__, | / / / /
 =========|_|==============|___/=/_/_/_/
 :: Spring Boot ::                (v3.2.0)

2026-09-25T17:47:40.206+07:00  INFO 36788 --- [CNJ70 Ecommerce] [  restartedMain] c.e.cnj70.config.DotenvInitializer       : DotenvInitializer: Loaded 86 environment variables from .env
2026-09-25T17:47:40.207+07:00  INFO 36788 --- [CNJ70 Ecommerce] [  restartedMain] c.e.cnj70.Cnj70EcommerceApplication      : Starting Cnj70EcommerceApplication using Java 21.0.12 with PID 36788 (D:\Code Full\Java\BTL_E_commerce\Ecommerce_Java\target\classes started by Asus in D:\Code Full\Java\BTL_E_commerce\Ecommerce_Java)
2026-09-25T17:47:40.209+07:00 DEBUG 36788 --- [CNJ70 Ecommerce] [  restartedMain] c.e.cnj70.Cnj70EcommerceApplication      : Running with Spring Boot v3.2.0, Spring v6.1.1
2026-09-25T17:47:40.209+07:00  INFO 36788 --- [CNJ70 Ecommerce] [  restartedMain] c.e.cnj70.Cnj70EcommerceApplication      : No active profile set, falling back to 1 default profile: "default"
2026-09-25T17:47:40.765+07:00  INFO 36788 --- [CNJ70 Ecommerce] [  restartedMain] .s.d.r.c.RepositoryConfigurationDelegate : Bootstrapping Spring Data MongoDB repositories in DEFAULT mode.
2026-09-25T17:47:40.774+07:00  INFO 36788 --- [CNJ70 Ecommerce] [  restartedMain] .s.d.r.c.RepositoryConfigurationDelegate : Finished Spring Data repository scanning in 8 ms. Found 0 MongoDB repository interfaces.
2026-09-25T17:47:40.999+07:00  INFO 36788 --- [CNJ70 Ecommerce] [  restartedMain] o.s.b.w.embedded.tomcat.TomcatWebServer  : Tomcat initialized with port 8081 (http)
2026-09-25T17:47:41.001+07:00  INFO 36788 --- [CNJ70 Ecommerce] [  restartedMain] o.apache.catalina.core.StandardService   : Starting service [Tomcat]
2026-09-25T17:47:41.002+07:00  INFO 36788 --- [CNJ70 Ecommerce] [  restartedMain] o.apache.catalina.core.StandardEngine    : Starting Servlet engine: [Apache Tomcat/10.1.16]
2026-09-25T17:47:41.049+07:00  INFO 36788 --- [CNJ70 Ecommerce] [  restartedMain] o.a.c.c.C.[Tomcat].[localhost].[/]       : Initializing Spring embedded WebApplicationContext
2026-09-25T17:47:41.050+07:00  INFO 36788 --- [CNJ70 Ecommerce] [  restartedMain] w.s.c.ServletWebServerApplicationContext : Root WebApplicationContext: initialization completed in 833 ms
2026-09-25T17:47:41.400+07:00  INFO 36788 --- [CNJ70 Ecommerce] [  restartedMain] org.mongodb.driver.client                : MongoClient with metadata {"driver": {"name": "mongo-java-driver|sync|spring-boot", "version": "4.11.1"}, "os": {"type": "Windows", "name": "Windows 11", "architecture": "amd64", "version": "10.0"}, "platform": "Java/Oracle Corporation/21.0.12+7-LTS-205"} created with settings MongoClientSettings{readPreference=primary, writeConcern=WriteConcern{w=null, wTimeout=null ms, journal=null}, retryWrites=true, retryReads=true, readConcern=ReadConcern{level=null}, credential=MongoCredential{mechanism=null, userName='nguyenquocanh170205_db_user', source='admin', password=<hidden>, mechanismProperties=<hidden>}, transportSettings=null, streamFactoryFactory=null, commandListeners=[], codecRegistry=ProvidersCodecRegistry{codecProviders=[ValueCodecProvider{}, BsonValueCodecProvider{}, DBRefCodecProvider{}, DBObjectCodecProvider{}, DocumentCodecProvider{}, CollectionCodecProvider{}, IterableCodecProvider{}, MapCodecProvider{}, GeoJsonCodecProvider{}, GridFSFileCodecProvider{}, Jsr310CodecProvider{}, JsonObjectCodecProvider{}, BsonCodecProvider{}, EnumCodecProvider{}, com.mongodb.client.model.mql.ExpressionCodecProvider@6464b69b, com.mongodb.Jep395RecordCodecProvider@f1449e, com.mongodb.KotlinCodecProvider@301dc2f0]}, loggerSettings=LoggerSettings{maxDocumentLength=1000}, clusterSettings={hosts=[127.0.0.1:27017], srvHost=cluster0.2pu37z6.mongodb.net, srvServiceName=mongodb, mode=MULTIPLE, requiredClusterType=REPLICA_SET, requiredReplicaSetName='atlas-i9pmeb-shard-0', serverSelector='null', clusterListeners='[]', serverSelectionTimeout='30000 ms', localThreshold='15 ms'}, socketSettings=SocketSettings{connectTimeoutMS=10000, readTimeoutMS=0, receiveBufferSize=0, proxySettings=ProxySettings{host=null, port=null, username=null, password=null}}, heartbeatSocketSettings=SocketSettings{connectTimeoutMS=10000, readTimeoutMS=10000, receiveBufferSize=0, proxySettings=ProxySettings{host=null, port=null, username=null, password=null}}, connectionPoolSettings=ConnectionPoolSettings{maxSize=100, minSize=0, maxWaitTimeMS=120000, maxConnectionLifeTimeMS=0, maxConnectionIdleTimeMS=0, maintenanceInitialDelayMS=0, maintenanceFrequencyMS=60000, connectionPoolListeners=[], maxConnecting=2}, serverSettings=ServerSettings{heartbeatFrequencyMS=10000, minHeartbeatFrequencyMS=500, serverListeners='[]', serverMonitorListeners='[]'}, sslSettings=SslSettings{enabled=true, invalidHostNameAllowed=false, context=null}, applicationName='null', compressorList=[], uuidRepresentation=JAVA_LEGACY, serverApi=null, autoEncryptionSettings=null, dnsClient=null, inetAddressResolver=null, contextProvider=null}
2026-09-25T17:47:41.431+07:00  INFO 36788 --- [CNJ70 Ecommerce] [7z6.mongodb.net] org.mongodb.driver.cluster               : Adding discovered server ac-i3gkoj7-shard-00-00.2pu37z6.mongodb.net:27017 to client view of cluster
2026-09-25T17:47:41.434+07:00  INFO 36788 --- [CNJ70 Ecommerce] [7z6.mongodb.net] org.mongodb.driver.cluster               : Adding discovered server ac-i3gkoj7-shard-00-01.2pu37z6.mongodb.net:27017 to client view of cluster
2026-09-25T17:47:41.435+07:00  INFO 36788 --- [CNJ70 Ecommerce] [7z6.mongodb.net] org.mongodb.driver.cluster               : Adding discovered server ac-i3gkoj7-shard-00-02.2pu37z6.mongodb.net:27017 to client view of cluster
2026-09-25T17:47:41.475+07:00  WARN 36788 --- [CNJ70 Ecommerce] [  restartedMain] .s.s.UserDetailsServiceAutoConfiguration : 

Using generated security password: eb4c230a-2ce6-4aaa-abbf-b3aeb4599e3d

This generated password is for development use only. Your security configuration must be updated before running your application in production.

2026-09-25T17:47:41.526+07:00  INFO 36788 --- [CNJ70 Ecommerce] [  restartedMain] o.s.s.web.DefaultSecurityFilterChain     : Will secure any request with [org.springframework.security.web.session.DisableEncodeUrlFilter@778e21f7, org.springframework.security.web.context.request.async.WebAsyncManagerIntegrationFilter@290fc657, org.springframework.security.web.context.SecurityContextHolderFilter@22e18376, org.springframework.security.web.header.HeaderWriterFilter@11efd961, org.springframework.web.filter.CorsFilter@25032bb0, org.springframework.security.web.csrf.CsrfFilter@5ab9d506, org.springframework.security.web.authentication.logout.LogoutFilter@afd2753, org.springframework.security.web.authentication.UsernamePasswordAuthenticationFilter@742ef0f1, org.springframework.security.web.authentication.ui.DefaultLoginPageGeneratingFilter@2b213962, org.springframework.security.web.authentication.ui.DefaultLogoutPageGeneratingFilter@44db6172, org.springframework.security.web.authentication.www.BasicAuthenticationFilter@6b414f05, org.springframework.security.web.savedrequest.RequestCacheAwareFilter@36e473c9, org.springframework.security.web.servletapi.SecurityContextHolderAwareRequestFilter@44eac44f, org.springframework.security.web.authentication.AnonymousAuthenticationFilter@425c7187, org.springframework.security.web.access.ExceptionTranslationFilter@71d07597, org.springframework.security.web.access.intercept.AuthorizationFilter@deedf6b]
2026-09-25T17:47:41.553+07:00  INFO 36788 --- [CNJ70 Ecommerce] [  restartedMain] o.s.b.d.a.OptionalLiveReloadServer       : LiveReload server is running on port 35729
2026-09-25T17:47:41.572+07:00  INFO 36788 --- [CNJ70 Ecommerce] [  restartedMain] o.s.b.w.embedded.tomcat.TomcatWebServer  : Tomcat started on port 8081 (http) with context path ''
2026-09-25T17:47:41.578+07:00  INFO 36788 --- [CNJ70 Ecommerce] [  restartedMain] c.e.cnj70.Cnj70EcommerceApplication      : Started Cnj70EcommerceApplication in 1.481 seconds (process running for 374.319)
2026-09-25T17:47:41.586+07:00  INFO 36788 --- [CNJ70 Ecommerce] [  restartedMain] .ConditionEvaluationDeltaLoggingListener : Condition evaluation delta:


==========================
CONDITION EVALUATION DELTA
==========================


Positive matches:
-----------------

   MongoDataConfiguration#mongoCustomConversions matched:
      - @ConditionalOnMissingBean (types: org.springframework.data.mongodb.core.convert.MongoCustomConversions; SearchStrategy: all) did not find any beans (OnBeanCondition)

   SpringBootWebSecurityConfiguration.SecurityFilterChainConfiguration matched:
      - AllNestedConditions 2 matched 0 did not; NestedCondition on DefaultWebSecurityCondition.Beans @ConditionalOnMissingBean (types: org.springframework.security.web.SecurityFilterChain; SearchStrategy: all) did not find any beans; NestedCondition on DefaultWebSecurityCondition.Classes @ConditionalOnClass found required classes 'org.springframework.security.web.SecurityFilterChain', 'org.springframework.security.config.annotation.web.builders.HttpSecurity' (DefaultWebSecurityCondition)

   SpringBootWebSecurityConfiguration.WebSecurityEnablerConfiguration matched:
      - @ConditionalOnClass found required class 'org.springframework.security.config.annotation.web.configuration.EnableWebSecurity' (OnClassCondition)
      - @ConditionalOnMissingBean (names: springSecurityFilterChain; SearchStrategy: all) did not find any beans (OnBeanCondition)

   UserDetailsServiceAutoConfiguration matched:
      - @ConditionalOnClass found required class 'org.springframework.security.authentication.AuthenticationManager'; @ConditionalOnMissingClass did not find unwanted classes 'org.springframework.security.oauth2.client.registration.ClientRegistrationRepository', 'org.springframework.security.oauth2.server.resource.introspection.OpaqueTokenIntrospector', 'org.springframework.security.saml2.provider.service.registration.RelyingPartyRegistrationRepository' (OnClassCondition)
      - @ConditionalOnBean (types: org.springframework.security.config.annotation.ObjectPostProcessor; SearchStrategy: all) found bean 'objectPostProcessor'; @ConditionalOnMissingBean (types: org.springframework.security.authentication.AuthenticationManager,org.springframework.security.authentication.AuthenticationProvider,org.springframework.security.core.userdetails.UserDetailsService,org.springframework.security.authentication.AuthenticationManagerResolver,org.springframework.security.oauth2.jwt.JwtDecoder; SearchStrategy: all) did not find any beans (OnBeanCondition)


Negative matches:
-----------------

   TaskSchedulingAutoConfiguration#scheduledBeanLazyInitializationExcludeFilter:
      Did not match:
         - @ConditionalOnBean (names: org.springframework.context.annotation.internalScheduledAnnotationProcessor; SearchStrategy: all) did not find any beans named org.springframework.context.annotation.internalScheduledAnnotationProcessor (OnBeanCondition)

   TaskSchedulingConfigurations.TaskSchedulerConfiguration:
      Did not match:
         - @ConditionalOnBean (names: org.springframework.context.annotation.internalScheduledAnnotationProcessor; SearchStrategy: all) did not find any beans named org.springframework.context.annotation.internalScheduledAnnotationProcessor (OnBeanCondition)


Exclusions:
-----------

    None


Unconditional classes:
----------------------

    None



2026-09-25T17:47:41.607+07:00  INFO 36788 --- [CNJ70 Ecommerce] [ngodb.net:27017] org.mongodb.driver.cluster               : Monitor thread successfully connected to server with description ServerDescription{address=ac-i3gkoj7-shard-00-01.2pu37z6.mongodb.net:27017, type=REPLICA_SET_SECONDARY, state=CONNECTED, ok=true, minWireVersion=0, maxWireVersion=25, maxDocumentSize=16777216, logicalSessionTimeoutMinutes=30, roundTripTimeNanos=108739700, setName='atlas-i9pmeb-shard-0', canonicalAddress=ac-i3gkoj7-shard-00-01.2pu37z6.mongodb.net:27017, hosts=[ac-i3gkoj7-shard-00-00.2pu37z6.mongodb.net:27017, ac-i3gkoj7-shard-00-01.2pu37z6.mongodb.net:27017, ac-i3gkoj7-shard-00-02.2pu37z6.mongodb.net:27017], passives=[], arbiters=[], primary='ac-i3gkoj7-shard-00-02.2pu37z6.mongodb.net:27017', tagSet=TagSet{[Tag{name='availabilityZone', value='apse1-az2'}, Tag{name='cacheState', value='READY'}, Tag{name='diskState', value='READY'}, Tag{name='nodeType', value='ELECTABLE'}, Tag{name='provider', value='AWS'}, Tag{name='region', value='AP_SOUTHEAST_1'}, Tag{name='workloadType', value='OPERATIONAL'}]}, electionId=null, setVersion=65, topologyVersion=TopologyVersion{processId=6aa573647c864f06dabc38b1, counter=9}, lastWriteDate=Fri Sep 25 17:47:42 ICT 2026, lastUpdateTimeNanos=642592449754900}
2026-09-25T17:47:41.609+07:00  INFO 36788 --- [CNJ70 Ecommerce] [ngodb.net:27017] org.mongodb.driver.cluster               : Monitor thread successfully connected to server with description ServerDescription{address=ac-i3gkoj7-shard-00-02.2pu37z6.mongodb.net:27017, type=REPLICA_SET_PRIMARY, state=CONNECTED, ok=true, minWireVersion=0, maxWireVersion=25, maxDocumentSize=16777216, logicalSessionTimeoutMinutes=30, roundTripTimeNanos=108939700, setName='atlas-i9pmeb-shard-0', canonicalAddress=ac-i3gkoj7-shard-00-02.2pu37z6.mongodb.net:27017, hosts=[ac-i3gkoj7-shard-00-00.2pu37z6.mongodb.net:27017, ac-i3gkoj7-shard-00-01.2pu37z6.mongodb.net:27017, ac-i3gkoj7-shard-00-02.2pu37z6.mongodb.net:27017], passives=[], arbiters=[], primary='ac-i3gkoj7-shard-00-02.2pu37z6.mongodb.net:27017', tagSet=TagSet{[Tag{name='availabilityZone', value='apse1-az3'}, Tag{name='cacheState', value='READY'}, Tag{name='diskState', value='READY'}, Tag{name='nodeType', value='ELECTABLE'}, Tag{name='provider', value='AWS'}, Tag{name='region', value='AP_SOUTHEAST_1'}, Tag{name='workloadType', value='OPERATIONAL'}]}, electionId=7fffffff000000000000006b, setVersion=65, topologyVersion=TopologyVersion{processId=6aa57074fe73bbb10be7cb83, counter=12}, lastWriteDate=Fri Sep 25 17:47:42 ICT 2026, lastUpdateTimeNanos=642592451955300}
2026-09-25T17:47:41.609+07:00  INFO 36788 --- [CNJ70 Ecommerce] [ngodb.net:27017] org.mongodb.driver.cluster               : Discovered replica set primary ac-i3gkoj7-shard-00-02.2pu37z6.mongodb.net:27017 with max election id 7fffffff000000000000006b and max set version 65
2026-09-25T17:47:41.614+07:00  INFO 36788 --- [CNJ70 Ecommerce] [ngodb.net:27017] org.mongodb.driver.cluster               : Monitor thread successfully connected to server with description ServerDescription{address=ac-i3gkoj7-shard-00-00.2pu37z6.mongodb.net:27017, type=REPLICA_SET_SECONDARY, state=CONNECTED, ok=true, minWireVersion=0, maxWireVersion=25, maxDocumentSize=16777216, logicalSessionTimeoutMinutes=30, roundTripTimeNanos=100694100, setName='atlas-i9pmeb-shard-0', canonicalAddress=ac-i3gkoj7-shard-00-00.2pu37z6.mongodb.net:27017, hosts=[ac-i3gkoj7-shard-00-00.2pu37z6.mongodb.net:27017, ac-i3gkoj7-shard-00-01.2pu37z6.mongodb.net:27017, ac-i3gkoj7-shard-00-02.2pu37z6.mongodb.net:27017], passives=[], arbiters=[], primary='ac-i3gkoj7-shard-00-02.2pu37z6.mongodb.net:27017', tagSet=TagSet{[Tag{name='availabilityZone', value='apse1-az1'}, Tag{name='cacheState', value='READY'}, Tag{name='diskState', value='READY'}, Tag{name='nodeType', value='ELECTABLE'}, Tag{name='provider', value='AWS'}, Tag{name='region', value='AP_SOUTHEAST_1'}, Tag{name='workloadType', value='OPERATIONAL'}]}, electionId=null, setVersion=65, topologyVersion=TopologyVersion{processId=6aa571ca69bd1640bfc04f00, counter=10}, lastWriteDate=Fri Sep 25 17:47:42 ICT 2026, lastUpdateTimeNanos=642592460362900}
2026-09-25T17:47:53.523+07:00  INFO 36788 --- [CNJ70 Ecommerce] [   File Watcher] rtingClassPathChangeChangedEventListener : Restarting due to 135 class path changes (135 additions, 0 deletions, 0 modifications)

  .   ____          _            __ _ _
 /\\ / ___'_ __ _ _(_)_ __  __ _ \ \ \ \
( ( )\___ | '_ | '_| | '_ \/ _` | \ \ \ \
 \\/  ___)| |_)| | | | | || (_| |  ) ) ) )
  '  |____| .__|_| |_|_| |_\__, | / / / /
 =========|_|==============|___/=/_/_/_/
 :: Spring Boot ::                (v3.2.0)

2026-09-25T17:47:53.895+07:00  INFO 36788 --- [CNJ70 Ecommerce] [  restartedMain] c.e.cnj70.config.DotenvInitializer       : DotenvInitializer: Loaded 86 environment variables from .env
2026-09-25T17:47:53.898+07:00  INFO 36788 --- [CNJ70 Ecommerce] [  restartedMain] c.e.cnj70.Cnj70EcommerceApplication      : Starting Cnj70EcommerceApplication using Java 21.0.12 with PID 36788 (D:\Code Full\Java\BTL_E_commerce\Ecommerce_Java\target\classes started by Asus in D:\Code Full\Java\BTL_E_commerce\Ecommerce_Java)
2026-09-25T17:47:53.898+07:00 DEBUG 36788 --- [CNJ70 Ecommerce] [  restartedMain] c.e.cnj70.Cnj70EcommerceApplication      : Running with Spring Boot v3.2.0, Spring v6.1.1
2026-09-25T17:47:53.899+07:00  INFO 36788 --- [CNJ70 Ecommerce] [  restartedMain] c.e.cnj70.Cnj70EcommerceApplication      : No active profile set, falling back to 1 default profile: "default"
2026-09-25T17:47:54.416+07:00  INFO 36788 --- [CNJ70 Ecommerce] [  restartedMain] .s.d.r.c.RepositoryConfigurationDelegate : Bootstrapping Spring Data MongoDB repositories in DEFAULT mode.
2026-09-25T17:47:54.479+07:00  INFO 36788 --- [CNJ70 Ecommerce] [  restartedMain] .s.d.r.c.RepositoryConfigurationDelegate : Finished Spring Data repository scanning in 61 ms. Found 6 MongoDB repository interfaces.
2026-09-25T17:47:54.657+07:00  INFO 36788 --- [CNJ70 Ecommerce] [  restartedMain] o.s.b.w.embedded.tomcat.TomcatWebServer  : Tomcat initialized with port 8081 (http)
2026-09-25T17:47:54.660+07:00  INFO 36788 --- [CNJ70 Ecommerce] [  restartedMain] o.apache.catalina.core.StandardService   : Starting service [Tomcat]
2026-09-25T17:47:54.660+07:00  INFO 36788 --- [CNJ70 Ecommerce] [  restartedMain] o.apache.catalina.core.StandardEngine    : Starting Servlet engine: [Apache Tomcat/10.1.16]
2026-09-25T17:47:54.693+07:00  INFO 36788 --- [CNJ70 Ecommerce] [  restartedMain] o.a.c.c.C.[Tomcat].[localhost].[/]       : Initializing Spring embedded WebApplicationContext
2026-09-25T17:47:54.695+07:00  INFO 36788 --- [CNJ70 Ecommerce] [  restartedMain] w.s.c.ServletWebServerApplicationContext : Root WebApplicationContext: initialization completed in 793 ms
2026-09-25T17:47:54.722+07:00  WARN 36788 --- [CNJ70 Ecommerce] [  restartedMain] ConfigServletWebServerApplicationContext : Exception encountered during context initialization - cancelling refresh attempt: org.springframework.beans.factory.UnsatisfiedDependencyException: Error creating bean with name 'adminAuditLogController' defined in file [D:\Code Full\Java\BTL_E_commerce\Ecommerce_Java\target\classes\com\ecommerce\cnj70\controller\admin\AdminAuditLogController.class]: Unsatisfied dependency expressed through constructor parameter 0: No qualifying bean of type 'com.ecommerce.cnj70.service.AdminAuditLogService' available: expected at least 1 bean which qualifies as autowire candidate. Dependency annotations: {}
2026-09-25T17:47:54.722+07:00  INFO 36788 --- [CNJ70 Ecommerce] [  restartedMain] o.apache.catalina.core.StandardService   : Stopping service [Tomcat]
2026-09-25T17:47:54.735+07:00  INFO 36788 --- [CNJ70 Ecommerce] [  restartedMain] .s.b.a.l.ConditionEvaluationReportLogger : 

Error starting ApplicationContext. To display the condition evaluation report re-run your application with 'debug' enabled.
2026-09-25T17:47:54.783+07:00 ERROR 36788 --- [CNJ70 Ecommerce] [  restartedMain] o.s.b.d.LoggingFailureAnalysisReporter   : 

***************************
APPLICATION FAILED TO START
***************************

Description:

Parameter 0 of constructor in com.ecommerce.cnj70.controller.admin.AdminAuditLogController required a bean of type 'com.ecommerce.cnj70.service.AdminAuditLogService' that could not be found.


Action:

Consider defining a bean of type 'com.ecommerce.cnj70.service.AdminAuditLogService' in your configuration.


  .   ____          _            __ _ _
 /\\ / ___'_ __ _ _(_)_ __  __ _ \ \ \ \
( ( )\___ | '_ | '_| | '_ \/ _` | \ \ \ \
 \\/  ___)| |_)| | | | | || (_| |  ) ) ) )
  '  |____| .__|_| |_|_| |_\__, | / / / /
 =========|_|==============|___/=/_/_/_/
 :: Spring Boot ::                (v3.2.0)

2026-09-25T17:48:20.170+07:00  INFO 36788 --- [CNJ70 Ecommerce] [  restartedMain] c.e.cnj70.config.DotenvInitializer       : DotenvInitializer: Loaded 86 environment variables from .env
2026-09-25T17:48:20.170+07:00  INFO 36788 --- [CNJ70 Ecommerce] [  restartedMain] c.e.cnj70.Cnj70EcommerceApplication      : Starting Cnj70EcommerceApplication using Java 21.0.12 with PID 36788 (D:\Code Full\Java\BTL_E_commerce\Ecommerce_Java\target\classes started by Asus in D:\Code Full\Java\BTL_E_commerce\Ecommerce_Java)
2026-09-25T17:48:20.170+07:00 DEBUG 36788 --- [CNJ70 Ecommerce] [  restartedMain] c.e.cnj70.Cnj70EcommerceApplication      : Running with Spring Boot v3.2.0, Spring v6.1.1
2026-09-25T17:48:20.170+07:00  INFO 36788 --- [CNJ70 Ecommerce] [  restartedMain] c.e.cnj70.Cnj70EcommerceApplication      : No active profile set, falling back to 1 default profile: "default"
2026-09-25T17:48:20.536+07:00  INFO 36788 --- [CNJ70 Ecommerce] [  restartedMain] .s.d.r.c.RepositoryConfigurationDelegate : Bootstrapping Spring Data MongoDB repositories in DEFAULT mode.
2026-09-25T17:48:20.544+07:00  INFO 36788 --- [CNJ70 Ecommerce] [  restartedMain] .s.d.r.c.RepositoryConfigurationDelegate : Finished Spring Data repository scanning in 6 ms. Found 0 MongoDB repository interfaces.
2026-09-25T17:48:20.700+07:00  INFO 36788 --- [CNJ70 Ecommerce] [  restartedMain] o.s.b.w.embedded.tomcat.TomcatWebServer  : Tomcat initialized with port 8081 (http)
2026-09-25T17:48:20.706+07:00  INFO 36788 --- [CNJ70 Ecommerce] [  restartedMain] o.apache.catalina.core.StandardService   : Starting service [Tomcat]
2026-09-25T17:48:20.708+07:00  INFO 36788 --- [CNJ70 Ecommerce] [  restartedMain] o.apache.catalina.core.StandardEngine    : Starting Servlet engine: [Apache Tomcat/10.1.16]
2026-09-25T17:48:20.744+07:00  INFO 36788 --- [CNJ70 Ecommerce] [  restartedMain] o.a.c.c.C.[Tomcat-1].[localhost].[/]     : Initializing Spring embedded WebApplicationContext
2026-09-25T17:48:20.745+07:00  INFO 36788 --- [CNJ70 Ecommerce] [  restartedMain] w.s.c.ServletWebServerApplicationContext : Root WebApplicationContext: initialization completed in 575 ms
2026-09-25T17:48:20.920+07:00  INFO 36788 --- [CNJ70 Ecommerce] [  restartedMain] org.mongodb.driver.client                : MongoClient with metadata {"driver": {"name": "mongo-java-driver|sync|spring-boot", "version": "4.11.1"}, "os": {"type": "Windows", "name": "Windows 11", "architecture": "amd64", "version": "10.0"}, "platform": "Java/Oracle Corporation/21.0.12+7-LTS-205"} created with settings MongoClientSettings{readPreference=primary, writeConcern=WriteConcern{w=null, wTimeout=null ms, journal=null}, retryWrites=true, retryReads=true, readConcern=ReadConcern{level=null}, credential=MongoCredential{mechanism=null, userName='nguyenquocanh170205_db_user', source='admin', password=<hidden>, mechanismProperties=<hidden>}, transportSettings=null, streamFactoryFactory=null, commandListeners=[], codecRegistry=ProvidersCodecRegistry{codecProviders=[ValueCodecProvider{}, BsonValueCodecProvider{}, DBRefCodecProvider{}, DBObjectCodecProvider{}, DocumentCodecProvider{}, CollectionCodecProvider{}, IterableCodecProvider{}, MapCodecProvider{}, GeoJsonCodecProvider{}, GridFSFileCodecProvider{}, Jsr310CodecProvider{}, JsonObjectCodecProvider{}, BsonCodecProvider{}, EnumCodecProvider{}, com.mongodb.client.model.mql.ExpressionCodecProvider@6464b69b, com.mongodb.Jep395RecordCodecProvider@f1449e, com.mongodb.KotlinCodecProvider@301dc2f0]}, loggerSettings=LoggerSettings{maxDocumentLength=1000}, clusterSettings={hosts=[127.0.0.1:27017], srvHost=cluster0.2pu37z6.mongodb.net, srvServiceName=mongodb, mode=MULTIPLE, requiredClusterType=REPLICA_SET, requiredReplicaSetName='atlas-i9pmeb-shard-0', serverSelector='null', clusterListeners='[]', serverSelectionTimeout='30000 ms', localThreshold='15 ms'}, socketSettings=SocketSettings{connectTimeoutMS=10000, readTimeoutMS=0, receiveBufferSize=0, proxySettings=ProxySettings{host=null, port=null, username=null, password=null}}, heartbeatSocketSettings=SocketSettings{connectTimeoutMS=10000, readTimeoutMS=10000, receiveBufferSize=0, proxySettings=ProxySettings{host=null, port=null, username=null, password=null}}, connectionPoolSettings=ConnectionPoolSettings{maxSize=100, minSize=0, maxWaitTimeMS=120000, maxConnectionLifeTimeMS=0, maxConnectionIdleTimeMS=0, maintenanceInitialDelayMS=0, maintenanceFrequencyMS=60000, connectionPoolListeners=[], maxConnecting=2}, serverSettings=ServerSettings{heartbeatFrequencyMS=10000, minHeartbeatFrequencyMS=500, serverListeners='[]', serverMonitorListeners='[]'}, sslSettings=SslSettings{enabled=true, invalidHostNameAllowed=false, context=null}, applicationName='null', compressorList=[], uuidRepresentation=JAVA_LEGACY, serverApi=null, autoEncryptionSettings=null, dnsClient=null, inetAddressResolver=null, contextProvider=null}
2026-09-25T17:48:20.956+07:00  INFO 36788 --- [CNJ70 Ecommerce] [7z6.mongodb.net] org.mongodb.driver.cluster               : Adding discovered server ac-i3gkoj7-shard-00-00.2pu37z6.mongodb.net:27017 to client view of cluster
2026-09-25T17:48:20.958+07:00  INFO 36788 --- [CNJ70 Ecommerce] [7z6.mongodb.net] org.mongodb.driver.cluster               : Adding discovered server ac-i3gkoj7-shard-00-01.2pu37z6.mongodb.net:27017 to client view of cluster
2026-09-25T17:48:20.959+07:00  INFO 36788 --- [CNJ70 Ecommerce] [7z6.mongodb.net] org.mongodb.driver.cluster               : Adding discovered server ac-i3gkoj7-shard-00-02.2pu37z6.mongodb.net:27017 to client view of cluster
2026-09-25T17:48:20.961+07:00  WARN 36788 --- [CNJ70 Ecommerce] [  restartedMain] .s.s.UserDetailsServiceAutoConfiguration : 

Using generated security password: de269afc-130f-48e8-9108-647e7df1b50e

This generated password is for development use only. Your security configuration must be updated before running your application in production.

2026-09-25T17:48:20.975+07:00  INFO 36788 --- [CNJ70 Ecommerce] [  restartedMain] o.s.s.web.DefaultSecurityFilterChain     : Will secure any request with [org.springframework.security.web.session.DisableEncodeUrlFilter@b524299, org.springframework.security.web.context.request.async.WebAsyncManagerIntegrationFilter@79745706, org.springframework.security.web.context.SecurityContextHolderFilter@507b7cc5, org.springframework.security.web.header.HeaderWriterFilter@5d6f786, org.springframework.web.filter.CorsFilter@24f90da2, org.springframework.security.web.csrf.CsrfFilter@4ddc500, org.springframework.security.web.authentication.logout.LogoutFilter@27d313ff, org.springframework.security.web.authentication.UsernamePasswordAuthenticationFilter@1eb86d1f, org.springframework.security.web.authentication.ui.DefaultLoginPageGeneratingFilter@3409213d, org.springframework.security.web.authentication.ui.DefaultLogoutPageGeneratingFilter@64bb1810, org.springframework.security.web.authentication.www.BasicAuthenticationFilter@3f1ff3ae, org.springframework.security.web.savedrequest.RequestCacheAwareFilter@3ae4460f, org.springframework.security.web.servletapi.SecurityContextHolderAwareRequestFilter@6d19ca6, org.springframework.security.web.authentication.AnonymousAuthenticationFilter@7d64d894, org.springframework.security.web.access.ExceptionTranslationFilter@5e6c5ca1, org.springframework.security.web.access.intercept.AuthorizationFilter@59956835]
2026-09-25T17:48:20.993+07:00  INFO 36788 --- [CNJ70 Ecommerce] [  restartedMain] o.s.b.d.a.OptionalLiveReloadServer       : LiveReload server is running on port 35729
2026-09-25T17:48:21.010+07:00  INFO 36788 --- [CNJ70 Ecommerce] [  restartedMain] o.s.b.w.embedded.tomcat.TomcatWebServer  : Tomcat started on port 8081 (http) with context path ''
2026-09-25T17:48:21.017+07:00  INFO 36788 --- [CNJ70 Ecommerce] [  restartedMain] c.e.cnj70.Cnj70EcommerceApplication      : Started Cnj70EcommerceApplication in 0.894 seconds (process running for 413.757)
2026-09-25T17:48:21.019+07:00  INFO 36788 --- [CNJ70 Ecommerce] [  restartedMain] .ConditionEvaluationDeltaLoggingListener : Condition evaluation unchanged
2026-09-25T17:48:21.178+07:00  INFO 36788 --- [CNJ70 Ecommerce] [ngodb.net:27017] org.mongodb.driver.cluster               : Monitor thread successfully connected to server with description ServerDescription{address=ac-i3gkoj7-shard-00-02.2pu37z6.mongodb.net:27017, type=REPLICA_SET_PRIMARY, state=CONNECTED, ok=true, minWireVersion=0, maxWireVersion=25, maxDocumentSize=16777216, logicalSessionTimeoutMinutes=30, roundTripTimeNanos=151199000, setName='atlas-i9pmeb-shard-0', canonicalAddress=ac-i3gkoj7-shard-00-02.2pu37z6.mongodb.net:27017, hosts=[ac-i3gkoj7-shard-00-00.2pu37z6.mongodb.net:27017, ac-i3gkoj7-shard-00-01.2pu37z6.mongodb.net:27017, ac-i3gkoj7-shard-00-02.2pu37z6.mongodb.net:27017], passives=[], arbiters=[], primary='ac-i3gkoj7-shard-00-02.2pu37z6.mongodb.net:27017', tagSet=TagSet{[Tag{name='availabilityZone', value='apse1-az3'}, Tag{name='cacheState', value='READY'}, Tag{name='diskState', value='READY'}, Tag{name='nodeType', value='ELECTABLE'}, Tag{name='provider', value='AWS'}, Tag{name='region', value='AP_SOUTHEAST_1'}, Tag{name='workloadType', value='OPERATIONAL'}]}, electionId=7fffffff000000000000006b, setVersion=65, topologyVersion=TopologyVersion{processId=6aa57074fe73bbb10be7cb83, counter=12}, lastWriteDate=Fri Sep 25 17:48:22 ICT 2026, lastUpdateTimeNanos=642632021299700}
2026-09-25T17:48:21.180+07:00  INFO 36788 --- [CNJ70 Ecommerce] [ngodb.net:27017] org.mongodb.driver.cluster               : Discovered replica set primary ac-i3gkoj7-shard-00-02.2pu37z6.mongodb.net:27017 with max election id 7fffffff000000000000006b and max set version 65
2026-09-25T17:48:21.191+07:00  INFO 36788 --- [CNJ70 Ecommerce] [ngodb.net:27017] org.mongodb.driver.cluster               : Monitor thread successfully connected to server with description ServerDescription{address=ac-i3gkoj7-shard-00-00.2pu37z6.mongodb.net:27017, type=REPLICA_SET_SECONDARY, state=CONNECTED, ok=true, minWireVersion=0, maxWireVersion=25, maxDocumentSize=16777216, logicalSessionTimeoutMinutes=30, roundTripTimeNanos=112162200, setName='atlas-i9pmeb-shard-0', canonicalAddress=ac-i3gkoj7-shard-00-00.2pu37z6.mongodb.net:27017, hosts=[ac-i3gkoj7-shard-00-00.2pu37z6.mongodb.net:27017, ac-i3gkoj7-shard-00-01.2pu37z6.mongodb.net:27017, ac-i3gkoj7-shard-00-02.2pu37z6.mongodb.net:27017], passives=[], arbiters=[], primary='ac-i3gkoj7-shard-00-02.2pu37z6.mongodb.net:27017', tagSet=TagSet{[Tag{name='availabilityZone', value='apse1-az1'}, Tag{name='cacheState', value='READY'}, Tag{name='diskState', value='READY'}, Tag{name='nodeType', value='ELECTABLE'}, Tag{name='provider', value='AWS'}, Tag{name='region', value='AP_SOUTHEAST_1'}, Tag{name='workloadType', value='OPERATIONAL'}]}, electionId=null, setVersion=65, topologyVersion=TopologyVersion{processId=6aa571ca69bd1640bfc04f00, counter=10}, lastWriteDate=Fri Sep 25 17:48:22 ICT 2026, lastUpdateTimeNanos=642632036442500}
2026-09-25T17:48:21.195+07:00  INFO 36788 --- [CNJ70 Ecommerce] [ngodb.net:27017] org.mongodb.driver.cluster               : Monitor thread successfully connected to server with description ServerDescription{address=ac-i3gkoj7-shard-00-01.2pu37z6.mongodb.net:27017, type=REPLICA_SET_SECONDARY, state=CONNECTED, ok=true, minWireVersion=0, maxWireVersion=25, maxDocumentSize=16777216, logicalSessionTimeoutMinutes=30, roundTripTimeNanos=102630100, setName='atlas-i9pmeb-shard-0', canonicalAddress=ac-i3gkoj7-shard-00-01.2pu37z6.mongodb.net:27017, hosts=[ac-i3gkoj7-shard-00-00.2pu37z6.mongodb.net:27017, ac-i3gkoj7-shard-00-01.2pu37z6.mongodb.net:27017, ac-i3gkoj7-shard-00-02.2pu37z6.mongodb.net:27017], passives=[], arbiters=[], primary='ac-i3gkoj7-shard-00-02.2pu37z6.mongodb.net:27017', tagSet=TagSet{[Tag{name='availabilityZone', value='apse1-az2'}, Tag{name='cacheState', value='READY'}, Tag{name='diskState', value='READY'}, Tag{name='nodeType', value='ELECTABLE'}, Tag{name='provider', value='AWS'}, Tag{name='region', value='AP_SOUTHEAST_1'}, Tag{name='workloadType', value='OPERATIONAL'}]}, electionId=null, setVersion=65, topologyVersion=TopologyVersion{processId=6aa573647c864f06dabc38b1, counter=9}, lastWriteDate=Fri Sep 25 17:48:22 ICT 2026, lastUpdateTimeNanos=642632038693600}
2026-09-25T17:48:37.915+07:00  INFO 36788 --- [CNJ70 Ecommerce] [   File Watcher] rtingClassPathChangeChangedEventListener : Restarting due to 464 class path changes (464 additions, 0 deletions, 0 modifications)

  .   ____          _            __ _ _
 /\\ / ___'_ __ _ _(_)_ __  __ _ \ \ \ \
( ( )\___ | '_ | '_| | '_ \/ _` | \ \ \ \
 \\/  ___)| |_)| | | | | || (_| |  ) ) ) )
  '  |____| .__|_| |_|_| |_\__, | / / / /
 =========|_|==============|___/=/_/_/_/
 :: Spring Boot ::                (v3.2.0)

2026-09-25T17:48:38.186+07:00  INFO 36788 --- [CNJ70 Ecommerce] [  restartedMain] c.e.cnj70.config.DotenvInitializer       : DotenvInitializer: Loaded 86 environment variables from .env
2026-09-25T17:48:38.187+07:00  INFO 36788 --- [CNJ70 Ecommerce] [  restartedMain] c.e.cnj70.Cnj70EcommerceApplication      : Starting Cnj70EcommerceApplication using Java 21.0.12 with PID 36788 (D:\Code Full\Java\BTL_E_commerce\Ecommerce_Java\target\classes started by Asus in D:\Code Full\Java\BTL_E_commerce\Ecommerce_Java)
2026-09-25T17:48:38.187+07:00 DEBUG 36788 --- [CNJ70 Ecommerce] [  restartedMain] c.e.cnj70.Cnj70EcommerceApplication      : Running with Spring Boot v3.2.0, Spring v6.1.1
2026-09-25T17:48:38.188+07:00  INFO 36788 --- [CNJ70 Ecommerce] [  restartedMain] c.e.cnj70.Cnj70EcommerceApplication      : No active profile set, falling back to 1 default profile: "default"
2026-09-25T17:48:38.939+07:00  INFO 36788 --- [CNJ70 Ecommerce] [  restartedMain] .s.d.r.c.RepositoryConfigurationDelegate : Bootstrapping Spring Data MongoDB repositories in DEFAULT mode.
2026-09-25T17:48:39.167+07:00  INFO 36788 --- [CNJ70 Ecommerce] [  restartedMain] .s.d.r.c.RepositoryConfigurationDelegate : Finished Spring Data repository scanning in 227 ms. Found 22 MongoDB repository interfaces.
2026-09-25T17:48:39.379+07:00  INFO 36788 --- [CNJ70 Ecommerce] [  restartedMain] o.s.b.w.embedded.tomcat.TomcatWebServer  : Tomcat initialized with port 8081 (http)
2026-09-25T17:48:39.381+07:00  INFO 36788 --- [CNJ70 Ecommerce] [  restartedMain] o.apache.catalina.core.StandardService   : Starting service [Tomcat]
2026-09-25T17:48:39.381+07:00  INFO 36788 --- [CNJ70 Ecommerce] [  restartedMain] o.apache.catalina.core.StandardEngine    : Starting Servlet engine: [Apache Tomcat/10.1.16]
2026-09-25T17:48:39.407+07:00  INFO 36788 --- [CNJ70 Ecommerce] [  restartedMain] o.a.c.c.C.[Tomcat-1].[localhost].[/]     : Initializing Spring embedded WebApplicationContext
2026-09-25T17:48:39.408+07:00  INFO 36788 --- [CNJ70 Ecommerce] [  restartedMain] w.s.c.ServletWebServerApplicationContext : Root WebApplicationContext: initialization completed in 1218 ms
2026-09-25T17:48:39.482+07:00  INFO 36788 --- [CNJ70 Ecommerce] [  restartedMain] org.mongodb.driver.client                : MongoClient with metadata {"driver": {"name": "mongo-java-driver|sync|spring-boot", "version": "4.11.1"}, "os": {"type": "Windows", "name": "Windows 11", "architecture": "amd64", "version": "10.0"}, "platform": "Java/Oracle Corporation/21.0.12+7-LTS-205"} created with settings MongoClientSettings{readPreference=primary, writeConcern=WriteConcern{w=null, wTimeout=null ms, journal=null}, retryWrites=true, retryReads=true, readConcern=ReadConcern{level=null}, credential=MongoCredential{mechanism=null, userName='nguyenquocanh170205_db_user', source='admin', password=<hidden>, mechanismProperties=<hidden>}, transportSettings=null, streamFactoryFactory=null, commandListeners=[], codecRegistry=ProvidersCodecRegistry{codecProviders=[ValueCodecProvider{}, BsonValueCodecProvider{}, DBRefCodecProvider{}, DBObjectCodecProvider{}, DocumentCodecProvider{}, CollectionCodecProvider{}, IterableCodecProvider{}, MapCodecProvider{}, GeoJsonCodecProvider{}, GridFSFileCodecProvider{}, Jsr310CodecProvider{}, JsonObjectCodecProvider{}, BsonCodecProvider{}, EnumCodecProvider{}, com.mongodb.client.model.mql.ExpressionCodecProvider@6464b69b, com.mongodb.Jep395RecordCodecProvider@f1449e, com.mongodb.KotlinCodecProvider@301dc2f0]}, loggerSettings=LoggerSettings{maxDocumentLength=1000}, clusterSettings={hosts=[127.0.0.1:27017], srvHost=cluster0.2pu37z6.mongodb.net, srvServiceName=mongodb, mode=MULTIPLE, requiredClusterType=REPLICA_SET, requiredReplicaSetName='atlas-i9pmeb-shard-0', serverSelector='null', clusterListeners='[]', serverSelectionTimeout='30000 ms', localThreshold='15 ms'}, socketSettings=SocketSettings{connectTimeoutMS=10000, readTimeoutMS=0, receiveBufferSize=0, proxySettings=ProxySettings{host=null, port=null, username=null, password=null}}, heartbeatSocketSettings=SocketSettings{connectTimeoutMS=10000, readTimeoutMS=10000, receiveBufferSize=0, proxySettings=ProxySettings{host=null, port=null, username=null, password=null}}, connectionPoolSettings=ConnectionPoolSettings{maxSize=100, minSize=0, maxWaitTimeMS=120000, maxConnectionLifeTimeMS=0, maxConnectionIdleTimeMS=0, maintenanceInitialDelayMS=0, maintenanceFrequencyMS=60000, connectionPoolListeners=[], maxConnecting=2}, serverSettings=ServerSettings{heartbeatFrequencyMS=10000, minHeartbeatFrequencyMS=500, serverListeners='[]', serverMonitorListeners='[]'}, sslSettings=SslSettings{enabled=true, invalidHostNameAllowed=false, context=null}, applicationName='null', compressorList=[], uuidRepresentation=JAVA_LEGACY, serverApi=null, autoEncryptionSettings=null, dnsClient=null, inetAddressResolver=null, contextProvider=null}
2026-09-25T17:48:39.516+07:00  INFO 36788 --- [CNJ70 Ecommerce] [7z6.mongodb.net] org.mongodb.driver.cluster               : Adding discovered server ac-i3gkoj7-shard-00-00.2pu37z6.mongodb.net:27017 to client view of cluster
2026-09-25T17:48:39.517+07:00  INFO 36788 --- [CNJ70 Ecommerce] [7z6.mongodb.net] org.mongodb.driver.cluster               : Adding discovered server ac-i3gkoj7-shard-00-01.2pu37z6.mongodb.net:27017 to client view of cluster
2026-09-25T17:48:39.517+07:00  INFO 36788 --- [CNJ70 Ecommerce] [7z6.mongodb.net] org.mongodb.driver.cluster               : Adding discovered server ac-i3gkoj7-shard-00-02.2pu37z6.mongodb.net:27017 to client view of cluster
2026-09-25T17:48:39.671+07:00  INFO 36788 --- [CNJ70 Ecommerce] [ngodb.net:27017] org.mongodb.driver.cluster               : Monitor thread successfully connected to server with description ServerDescription{address=ac-i3gkoj7-shard-00-02.2pu37z6.mongodb.net:27017, type=REPLICA_SET_PRIMARY, state=CONNECTED, ok=true, minWireVersion=0, maxWireVersion=25, maxDocumentSize=16777216, logicalSessionTimeoutMinutes=30, roundTripTimeNanos=103176000, setName='atlas-i9pmeb-shard-0', canonicalAddress=ac-i3gkoj7-shard-00-02.2pu37z6.mongodb.net:27017, hosts=[ac-i3gkoj7-shard-00-00.2pu37z6.mongodb.net:27017, ac-i3gkoj7-shard-00-01.2pu37z6.mongodb.net:27017, ac-i3gkoj7-shard-00-02.2pu37z6.mongodb.net:27017], passives=[], arbiters=[], primary='ac-i3gkoj7-shard-00-02.2pu37z6.mongodb.net:27017', tagSet=TagSet{[Tag{name='availabilityZone', value='apse1-az3'}, Tag{name='cacheState', value='READY'}, Tag{name='diskState', value='READY'}, Tag{name='nodeType', value='ELECTABLE'}, Tag{name='provider', value='AWS'}, Tag{name='region', value='AP_SOUTHEAST_1'}, Tag{name='workloadType', value='OPERATIONAL'}]}, electionId=7fffffff000000000000006b, setVersion=65, topologyVersion=TopologyVersion{processId=6aa57074fe73bbb10be7cb83, counter=12}, lastWriteDate=Fri Sep 25 17:48:40 ICT 2026, lastUpdateTimeNanos=642650514935600}
2026-09-25T17:48:39.671+07:00  INFO 36788 --- [CNJ70 Ecommerce] [ngodb.net:27017] org.mongodb.driver.cluster               : Discovered replica set primary ac-i3gkoj7-shard-00-02.2pu37z6.mongodb.net:27017 with max election id 7fffffff000000000000006b and max set version 65
2026-09-25T17:48:39.713+07:00 DEBUG 36788 --- [CNJ70 Ecommerce] [  restartedMain] .m.c.i.MongoPersistentEntityIndexCreator : Analyzing class class com.ecommerce.cnj70.document.Order$OrderItem for index information
2026-09-25T17:48:39.713+07:00 DEBUG 36788 --- [CNJ70 Ecommerce] [  restartedMain] .m.c.i.MongoPersistentEntityIndexCreator : Analyzing class class com.ecommerce.cnj70.document.ProductSpecification for index information
2026-09-25T17:48:39.713+07:00 DEBUG 36788 --- [CNJ70 Ecommerce] [  restartedMain] .m.c.i.MongoPersistentEntityIndexCreator : Analyzing class class com.ecommerce.cnj70.document.ProductVariant for index information
2026-09-25T17:48:39.714+07:00 DEBUG 36788 --- [CNJ70 Ecommerce] [  restartedMain] .m.c.i.MongoPersistentEntityIndexCreator : Analyzing class class com.ecommerce.cnj70.document.Cart for index information
2026-09-25T17:48:39.714+07:00  INFO 36788 --- [CNJ70 Ecommerce] [ngodb.net:27017] org.mongodb.driver.cluster               : Monitor thread successfully connected to server with description ServerDescription{address=ac-i3gkoj7-shard-00-00.2pu37z6.mongodb.net:27017, type=REPLICA_SET_SECONDARY, state=CONNECTED, ok=true, minWireVersion=0, maxWireVersion=25, maxDocumentSize=16777216, logicalSessionTimeoutMinutes=30, roundTripTimeNanos=134891400, setName='atlas-i9pmeb-shard-0', canonicalAddress=ac-i3gkoj7-shard-00-00.2pu37z6.mongodb.net:27017, hosts=[ac-i3gkoj7-shard-00-00.2pu37z6.mongodb.net:27017, ac-i3gkoj7-shard-00-01.2pu37z6.mongodb.net:27017, ac-i3gkoj7-shard-00-02.2pu37z6.mongodb.net:27017], passives=[], arbiters=[], primary='ac-i3gkoj7-shard-00-02.2pu37z6.mongodb.net:27017', tagSet=TagSet{[Tag{name='availabilityZone', value='apse1-az1'}, Tag{name='cacheState', value='READY'}, Tag{name='diskState', value='READY'}, Tag{name='nodeType', value='ELECTABLE'}, Tag{name='provider', value='AWS'}, Tag{name='region', value='AP_SOUTHEAST_1'}, Tag{name='workloadType', value='OPERATIONAL'}]}, electionId=null, setVersion=65, topologyVersion=TopologyVersion{processId=6aa571ca69bd1640bfc04f00, counter=10}, lastWriteDate=Fri Sep 25 17:48:40 ICT 2026, lastUpdateTimeNanos=642650557545800}
2026-09-25T17:48:39.773+07:00  INFO 36788 --- [CNJ70 Ecommerce] [ngodb.net:27017] org.mongodb.driver.cluster               : Monitor thread successfully connected to server with description ServerDescription{address=ac-i3gkoj7-shard-00-01.2pu37z6.mongodb.net:27017, type=REPLICA_SET_SECONDARY, state=CONNECTED, ok=true, minWireVersion=0, maxWireVersion=25, maxDocumentSize=16777216, logicalSessionTimeoutMinutes=30, roundTripTimeNanos=191778800, setName='atlas-i9pmeb-shard-0', canonicalAddress=ac-i3gkoj7-shard-00-01.2pu37z6.mongodb.net:27017, hosts=[ac-i3gkoj7-shard-00-00.2pu37z6.mongodb.net:27017, ac-i3gkoj7-shard-00-01.2pu37z6.mongodb.net:27017, ac-i3gkoj7-shard-00-02.2pu37z6.mongodb.net:27017], passives=[], arbiters=[], primary='ac-i3gkoj7-shard-00-02.2pu37z6.mongodb.net:27017', tagSet=TagSet{[Tag{name='availabilityZone', value='apse1-az2'}, Tag{name='cacheState', value='READY'}, Tag{name='diskState', value='READY'}, Tag{name='nodeType', value='ELECTABLE'}, Tag{name='provider', value='AWS'}, Tag{name='region', value='AP_SOUTHEAST_1'}, Tag{name='workloadType', value='OPERATIONAL'}]}, electionId=null, setVersion=65, topologyVersion=TopologyVersion{processId=6aa573647c864f06dabc38b1, counter=9}, lastWriteDate=Fri Sep 25 17:48:40 ICT 2026, lastUpdateTimeNanos=642650617285300}
2026-09-25T17:48:40.058+07:00 DEBUG 36788 --- [CNJ70 Ecommerce] [  restartedMain] .m.c.i.MongoPersistentEntityIndexCreator : Analyzing class class com.ecommerce.cnj70.document.ReportCase for index information
2026-09-25T17:48:40.600+07:00 DEBUG 36788 --- [CNJ70 Ecommerce] [  restartedMain] .m.c.i.MongoPersistentEntityIndexCreator : Analyzing class class com.ecommerce.cnj70.document.Voucher for index information
2026-09-25T17:48:40.673+07:00 DEBUG 36788 --- [CNJ70 Ecommerce] [  restartedMain] .m.c.i.MongoPersistentEntityIndexCreator : Analyzing class class com.ecommerce.cnj70.document.Escalation for index information
2026-09-25T17:48:40.865+07:00 DEBUG 36788 --- [CNJ70 Ecommerce] [  restartedMain] .m.c.i.MongoPersistentEntityIndexCreator : Analyzing class class com.ecommerce.cnj70.document.Product for index information
2026-09-25T17:48:41.019+07:00 DEBUG 36788 --- [CNJ70 Ecommerce] [  restartedMain] .m.c.i.MongoPersistentEntityIndexCreator : Analyzing class class com.ecommerce.cnj70.document.ReturnRequest for index information
2026-09-25T17:48:41.451+07:00 DEBUG 36788 --- [CNJ70 Ecommerce] [  restartedMain] .m.c.i.MongoPersistentEntityIndexCreator : Analyzing class class com.ecommerce.cnj70.document.User for index information
2026-09-25T17:48:41.517+07:00 DEBUG 36788 --- [CNJ70 Ecommerce] [  restartedMain] .m.c.i.MongoPersistentEntityIndexCreator : Analyzing class class com.ecommerce.cnj70.document.KycProfile for index information
2026-09-25T17:48:41.583+07:00 DEBUG 36788 --- [CNJ70 Ecommerce] [  restartedMain] .m.c.i.MongoPersistentEntityIndexCreator : Analyzing class class com.ecommerce.cnj70.document.Order$SubOrderShipping for index information
2026-09-25T17:48:41.586+07:00 DEBUG 36788 --- [CNJ70 Ecommerce] [  restartedMain] .m.c.i.MongoPersistentEntityIndexCreator : Analyzing class class com.ecommerce.cnj70.document.Complaint for index information
2026-09-25T17:48:41.979+07:00 DEBUG 36788 --- [CNJ70 Ecommerce] [  restartedMain] .m.c.i.MongoPersistentEntityIndexCreator : Analyzing class class com.ecommerce.cnj70.document.LegalDocument for index information
2026-09-25T17:48:42.046+07:00 DEBUG 36788 --- [CNJ70 Ecommerce] [  restartedMain] .m.c.i.MongoPersistentEntityIndexCreator : Analyzing class class com.ecommerce.cnj70.document.Order for index information
2026-09-25T17:48:42.113+07:00 DEBUG 36788 --- [CNJ70 Ecommerce] [  restartedMain] .m.c.i.MongoPersistentEntityIndexCreator : Analyzing class class com.ecommerce.cnj70.document.Banner for index information
2026-09-25T17:48:42.315+07:00 DEBUG 36788 --- [CNJ70 Ecommerce] [  restartedMain] .m.c.i.MongoPersistentEntityIndexCreator : Analyzing class class com.ecommerce.cnj70.document.Shop for index information
2026-09-25T17:48:42.401+07:00 DEBUG 36788 --- [CNJ70 Ecommerce] [  restartedMain] .m.c.i.MongoPersistentEntityIndexCreator : Analyzing class class com.ecommerce.cnj70.document.Cart$CartItem for index information
2026-09-25T17:48:42.401+07:00 DEBUG 36788 --- [CNJ70 Ecommerce] [  restartedMain] .m.c.i.MongoPersistentEntityIndexCreator : Analyzing class class com.ecommerce.cnj70.document.AuditLog for index information
2026-09-25T17:48:42.785+07:00 DEBUG 36788 --- [CNJ70 Ecommerce] [  restartedMain] .m.c.i.MongoPersistentEntityIndexCreator : Analyzing class class com.ecommerce.cnj70.document.ModerationHistory for index information
2026-09-25T17:48:42.919+07:00 DEBUG 36788 --- [CNJ70 Ecommerce] [  restartedMain] .m.c.i.MongoPersistentEntityIndexCreator : Analyzing class class com.ecommerce.cnj70.document.Category for index information
2026-09-25T17:48:42.984+07:00 DEBUG 36788 --- [CNJ70 Ecommerce] [  restartedMain] .m.c.i.MongoPersistentEntityIndexCreator : Analyzing class class com.ecommerce.cnj70.document.AuditLogEntry for index information
2026-09-25T17:48:43.509+07:00 DEBUG 36788 --- [CNJ70 Ecommerce] [  restartedMain] .m.c.i.MongoPersistentEntityIndexCreator : Analyzing class class com.ecommerce.cnj70.document.RefundRequest for index information
2026-09-25T17:48:43.963+07:00 DEBUG 36788 --- [CNJ70 Ecommerce] [  restartedMain] .m.c.i.MongoPersistentEntityIndexCreator : Analyzing class class com.ecommerce.cnj70.document.Violation for index information
2026-09-25T17:48:44.219+07:00 DEBUG 36788 --- [CNJ70 Ecommerce] [  restartedMain] .m.c.i.MongoPersistentEntityIndexCreator : Analyzing class class com.ecommerce.cnj70.document.Review for index information
2026-09-25T17:48:44.479+07:00 DEBUG 36788 --- [CNJ70 Ecommerce] [  restartedMain] .m.c.i.MongoPersistentEntityIndexCreator : Analyzing class class com.ecommerce.cnj70.document.SchedulerIdempotencyRecord for index information
2026-09-25T17:48:45.093+07:00 DEBUG 36788 --- [CNJ70 Ecommerce] [  restartedMain] c.e.c.security.JwtAuthenticationFilter   : Filter 'jwtAuthenticationFilter' configured for use
2026-09-25T17:48:45.099+07:00  INFO 36788 --- [CNJ70 Ecommerce] [  restartedMain] o.s.b.d.a.OptionalLiveReloadServer       : LiveReload server is running on port 35729
2026-09-25T17:48:45.378+07:00  INFO 36788 --- [CNJ70 Ecommerce] [  restartedMain] c.ecommerce.cnj70.config.DotenvConfig    : Loaded environment variables from .env file
2026-09-25T17:48:46.495+07:00  INFO 36788 --- [CNJ70 Ecommerce] [  restartedMain] com.ecommerce.cnj70.util.CryptoUtil      : ENCRYPTION_KEY resolved from JVM system property
2026-09-25T17:48:46.510+07:00  INFO 36788 --- [CNJ70 Ecommerce] [  restartedMain] e.c.s.i.NoopAutoModerationResultProvider : NoopAutoModerationResultProvider active — Auto Moderation backend not wired in. Phase 2A UI will display 'Auto Moderation Result: not available'.
2026-09-25T17:48:46.531+07:00  INFO 36788 --- [CNJ70 Ecommerce] [  restartedMain] c.e.c.s.impl.LoggingEscalationWriter     : LoggingEscalationWriter active — Phase 3A Admin Escalation consumer not wired in. Escalations will be persisted to the 'escalations' collection only (no Admin notification).
2026-09-25T17:48:46.545+07:00  INFO 36788 --- [CNJ70 Ecommerce] [  restartedMain] c.e.c.s.i.NoopVerifiedPurchaseGateway    : NoopVerifiedPurchaseGateway active — Verified Purchase integration not wired in. Phase 2B UI will display 'Verified Purchase: not available'.
2026-09-25T17:48:46.546+07:00  INFO 36788 --- [CNJ70 Ecommerce] [  restartedMain] c.e.c.s.impl.NoopReviewReportGateway     : NoopReviewReportGateway active — ReportCase backend not wired in. Phase 2B UI will display 'Report Count: not available'.
2026-09-25T17:48:46.550+07:00  INFO 36788 --- [CNJ70 Ecommerce] [  restartedMain] c.s.i.NoopReviewViolationContextProvider : NoopReviewViolationContextProvider active — Review Violation backend not wired in. Phase 2B UI will display 'Auto Moderation Result: not available'.
2026-09-25T17:48:46.980+07:00  INFO 36788 --- [CNJ70 Ecommerce] [  restartedMain] o.s.s.web.DefaultSecurityFilterChain     : Will secure any request with [org.springframework.security.web.session.DisableEncodeUrlFilter@2159431a, org.springframework.security.web.context.request.async.WebAsyncManagerIntegrationFilter@c36e5f6, org.springframework.security.web.context.SecurityContextHolderFilter@4bf00612, org.springframework.security.web.header.HeaderWriterFilter@271f1b4c, org.springframework.web.filter.CorsFilter@7e2ea179, org.springframework.security.web.authentication.logout.LogoutFilter@170758a7, com.ecommerce.cnj70.security.JwtAuthenticationFilter@58ac92b8, org.springframework.security.web.savedrequest.RequestCacheAwareFilter@226b60d9, org.springframework.security.web.servletapi.SecurityContextHolderAwareRequestFilter@7d71daa3, org.springframework.security.web.authentication.AnonymousAuthenticationFilter@44f48275, org.springframework.security.web.session.SessionManagementFilter@6d7994b3, org.springframework.security.web.access.ExceptionTranslationFilter@171fcdb8, org.springframework.security.web.access.intercept.AuthorizationFilter@1dc4f495]
2026-09-25T17:48:47.195+07:00  INFO 36788 --- [CNJ70 Ecommerce] [  restartedMain] o.s.b.w.embedded.tomcat.TomcatWebServer  : Tomcat started on port 8081 (http) with context path ''
2026-09-25T17:48:47.203+07:00  INFO 36788 --- [CNJ70 Ecommerce] [  restartedMain] c.e.cnj70.Cnj70EcommerceApplication      : Started Cnj70EcommerceApplication in 9.06 seconds (process running for 439.944)
2026-09-25T17:48:47.204+07:00 DEBUG 36788 --- [CNJ70 Ecommerce] [  restartedMain] o.s.data.mongodb.core.MongoTemplate      : Executing count: {} in collection: legal_documents
2026-09-25T17:48:47.254+07:00  INFO 36788 --- [CNJ70 Ecommerce] [nio-8081-exec-1] o.a.c.c.C.[Tomcat-1].[localhost].[/]     : Initializing Spring DispatcherServlet 'dispatcherServlet'
2026-09-25T17:48:47.254+07:00  INFO 36788 --- [CNJ70 Ecommerce] [nio-8081-exec-1] o.s.web.servlet.DispatcherServlet        : Initializing Servlet 'dispatcherServlet'
2026-09-25T17:48:47.257+07:00  INFO 36788 --- [CNJ70 Ecommerce] [nio-8081-exec-1] o.s.web.servlet.DispatcherServlet        : Completed initialization in 3 ms
2026-09-25T17:48:47.258+07:00  INFO 36788 --- [CNJ70 Ecommerce] [  restartedMain] c.e.cnj70.config.LegalDocumentSeeder     : [LegalDocumentSeeder] Legal documents already exist, skipping
2026-09-25T17:48:47.258+07:00 DEBUG 36788 --- [CNJ70 Ecommerce] [nio-8081-exec-1] o.s.security.web.FilterChainProxy        : Securing GET /admin/violations/6a86ac30add146680e49cf64
2026-09-25T17:48:47.259+07:00 DEBUG 36788 --- [CNJ70 Ecommerce] [  restartedMain] o.s.data.mongodb.core.MongoTemplate      : find using query: {} fields: Document{{}} for class: class com.ecommerce.cnj70.document.Product in collection: products
2026-09-25T17:48:47.270+07:00 DEBUG 36788 --- [CNJ70 Ecommerce] [nio-8081-exec-1] o.s.d.m.r.query.MongoQueryCreator        : Created query Query: { "email" : "admin2@gmail.com"}, Fields: {}, Sort: {}
2026-09-25T17:48:47.271+07:00 DEBUG 36788 --- [CNJ70 Ecommerce] [nio-8081-exec-1] o.s.data.mongodb.core.MongoTemplate      : find using query: { "email" : "admin2@gmail.com"} fields: Document{{}} for class: class com.ecommerce.cnj70.document.User in collection: users
2026-09-25T17:48:47.395+07:00 DEBUG 36788 --- [CNJ70 Ecommerce] [  restartedMain] o.s.data.mongodb.core.MongoTemplate      : Saving Document containing fields: [_id, shopId, shopName, name, description, price, stock, specifications, variants, status, moderationStatus, moderationActorId, moderationReason, moderationAt, rating, reviewCount, sold, createdAt, updatedAt, _class]
2026-09-25T17:48:47.455+07:00 DEBUG 36788 --- [CNJ70 Ecommerce] [  restartedMain] o.s.data.mongodb.core.MongoTemplate      : Saving Document containing fields: [_id, shopId, shopName, name, description, price, stock, specifications, variants, status, moderationStatus, moderationActorId, moderationAt, rating, reviewCount, sold, createdAt, updatedAt, _class]
2026-09-25T17:48:47.511+07:00 DEBUG 36788 --- [CNJ70 Ecommerce] [  restartedMain] o.s.data.mongodb.core.MongoTemplate      : Saving Document containing fields: [_id, shopId, shopName, name, description, price, stock, specifications, variants, status, moderationStatus, rating, reviewCount, sold, createdAt, updatedAt, _class]
2026-09-25T17:48:47.566+07:00  INFO 36788 --- [CNJ70 Ecommerce] [  restartedMain] c.e.cnj70.config.SoldCountSeeder         : Đã seed số 'Đã bán' cho 3 sản phẩm.
2026-09-25T17:48:47.569+07:00  INFO 36788 --- [CNJ70 Ecommerce] [  restartedMain] .ConditionEvaluationDeltaLoggingListener : Condition evaluation delta:


==========================
CONDITION EVALUATION DELTA
==========================


Positive matches:
-----------------

   LoggingRefundProvider matched:
      - @ConditionalOnMissingBean (names: productionRefundProvider; SearchStrategy: all) did not find any beans (OnBeanCondition)

   MockKycProvider matched:
      - @ConditionalOnProperty (kyc.provider=mock) matched (OnPropertyCondition)

   TaskSchedulingAutoConfiguration#scheduledBeanLazyInitializationExcludeFilter matched:
      - @ConditionalOnBean (names: org.springframework.context.annotation.internalScheduledAnnotationProcessor; SearchStrategy: all) found bean 'org.springframework.context.annotation.internalScheduledAnnotationProcessor' (OnBeanCondition)

   TaskSchedulingConfigurations.TaskSchedulerConfiguration matched:
      - @ConditionalOnBean (names: org.springframework.context.annotation.internalScheduledAnnotationProcessor; SearchStrategy: all) found bean 'org.springframework.context.annotation.internalScheduledAnnotationProcessor'; @ConditionalOnMissingBean (types: org.springframework.scheduling.TaskScheduler,java.util.concurrent.ScheduledExecutorService; SearchStrategy: all) did not find any beans (OnBeanCondition)

   TaskSchedulingConfigurations.TaskSchedulerConfiguration#taskScheduler matched:
      - @ConditionalOnThreading found PLATFORM (OnThreadingCondition)


Negative matches:
-----------------

   MongoDataConfiguration#mongoCustomConversions:
      Did not match:
         - @ConditionalOnMissingBean (types: org.springframework.data.mongodb.core.convert.MongoCustomConversions; SearchStrategy: all) found beans of type 'org.springframework.data.mongodb.core.convert.MongoCustomConversions' mongoCustomConversions (OnBeanCondition)

   SpringBootWebSecurityConfiguration.SecurityFilterChainConfiguration:
      Did not match:
         - AllNestedConditions 1 matched 1 did not; NestedCondition on DefaultWebSecurityCondition.Beans @ConditionalOnMissingBean (types: org.springframework.security.web.SecurityFilterChain; SearchStrategy: all) found beans of type 'org.springframework.security.web.SecurityFilterChain' filterChain; NestedCondition on DefaultWebSecurityCondition.Classes @ConditionalOnClass found required classes 'org.springframework.security.web.SecurityFilterChain', 'org.springframework.security.config.annotation.web.builders.HttpSecurity' (DefaultWebSecurityCondition)

   SpringBootWebSecurityConfiguration.WebSecurityEnablerConfiguration:
      Did not match:
         - @ConditionalOnMissingBean (names: springSecurityFilterChain; SearchStrategy: all) found beans named springSecurityFilterChain (OnBeanCondition)
      Matched:
         - @ConditionalOnClass found required class 'org.springframework.security.config.annotation.web.configuration.EnableWebSecurity' (OnClassCondition)

   TaskSchedulingConfigurations.TaskSchedulerConfiguration#taskSchedulerVirtualThreads:
      Did not match:
         - @ConditionalOnThreading did not find VIRTUAL (OnThreadingCondition)

   UserDetailsServiceAutoConfiguration:
      Did not match:
         - @ConditionalOnMissingBean (types: org.springframework.security.authentication.AuthenticationManager,org.springframework.security.authentication.AuthenticationProvider,org.springframework.security.core.userdetails.UserDetailsService,org.springframework.security.authentication.AuthenticationManagerResolver,org.springframework.security.oauth2.jwt.JwtDecoder; SearchStrategy: all) found beans of type 'org.springframework.security.authentication.AuthenticationManager' authenticationManager and found beans of type 'org.springframework.security.core.userdetails.UserDetailsService' customUserDetailsService, jwtUserDetailsService and found beans of type 'org.springframework.security.authentication.AuthenticationProvider' authenticationProvider (OnBeanCondition)
      Matched:
         - @ConditionalOnClass found required class 'org.springframework.security.authentication.AuthenticationManager'; @ConditionalOnMissingClass did not find unwanted classes 'org.springframework.security.oauth2.client.registration.ClientRegistrationRepository', 'org.springframework.security.oauth2.server.resource.introspection.OpaqueTokenIntrospector', 'org.springframework.security.saml2.provider.service.registration.RelyingPartyRegistrationRepository' (OnClassCondition)


Exclusions:
-----------

    None


Unconditional classes:
----------------------

    None



2026-09-25T17:48:47.637+07:00 DEBUG 36788 --- [CNJ70 Ecommerce] [nio-8081-exec-1] .s.ChangeSessionIdAuthenticationStrategy : Changed session id from BC2EFA112BD16211AC11A728F3A06E4A
2026-09-25T17:48:47.637+07:00  WARN 36788 --- [CNJ70 Ecommerce] [nio-8081-exec-1] o.s.w.s.h.HandlerMappingIntrospector     : Cache miss for REQUEST dispatch to '/admin/violations/6a86ac30add146680e49cf64' (previous null). Performing MatchableHandlerMapping lookup. This is logged once only at WARN level, and every time at TRACE.
2026-09-25T17:48:47.654+07:00 DEBUG 36788 --- [CNJ70 Ecommerce] [nio-8081-exec-1] o.s.security.web.FilterChainProxy        : Secured GET /admin/violations/6a86ac30add146680e49cf64
2026-09-25T17:48:47.656+07:00 DEBUG 36788 --- [CNJ70 Ecommerce] [nio-8081-exec-1] o.s.d.m.r.query.MongoQueryCreator        : Created query Query: { "email" : "admin2@gmail.com"}, Fields: {}, Sort: {}
2026-09-25T17:48:47.659+07:00 DEBUG 36788 --- [CNJ70 Ecommerce] [nio-8081-exec-1] o.s.data.mongodb.core.MongoTemplate      : find using query: { "email" : "admin2@gmail.com"} fields: Document{{}} for class: class com.ecommerce.cnj70.document.User in collection: users
2026-09-25T17:48:47.714+07:00 DEBUG 36788 --- [CNJ70 Ecommerce] [nio-8081-exec-1] o.s.data.mongodb.core.MongoTemplate      : find using query: {} fields: Document{{}} for class: class com.ecommerce.cnj70.document.Voucher in collection: vouchers
2026-09-25T17:48:47.846+07:00  WARN 36788 --- [CNJ70 Ecommerce] [nio-8081-exec-1] .m.m.a.ExceptionHandlerExceptionResolver : Resolved [com.ecommerce.cnj70.exception.ResourceNotFoundException: Không tìm thấy violation]
2026-09-25T17:48:47.895+07:00 DEBUG 36788 --- [CNJ70 Ecommerce] [nio-8081-exec-2] o.s.security.web.FilterChainProxy        : Securing GET /css/style.css
2026-09-25T17:48:47.902+07:00 DEBUG 36788 --- [CNJ70 Ecommerce] [nio-8081-exec-2] o.s.d.m.r.query.MongoQueryCreator        : Created query Query: { "email" : "admin2@gmail.com"}, Fields: {}, Sort: {}
2026-09-25T17:48:47.903+07:00 DEBUG 36788 --- [CNJ70 Ecommerce] [nio-8081-exec-2] o.s.data.mongodb.core.MongoTemplate      : find using query: { "email" : "admin2@gmail.com"} fields: Document{{}} for class: class com.ecommerce.cnj70.document.User in collection: users
2026-09-25T17:48:47.954+07:00 DEBUG 36788 --- [CNJ70 Ecommerce] [nio-8081-exec-2] .s.ChangeSessionIdAuthenticationStrategy : Changed session id from 5B599F9B057E6B7BC71BE6A87C4093BA
2026-09-25T17:48:47.961+07:00 DEBUG 36788 --- [CNJ70 Ecommerce] [nio-8081-exec-2] o.s.security.web.FilterChainProxy        : Secured GET /css/style.css
2026-09-25T17:49:49.369+07:00 DEBUG 36788 --- [CNJ70 Ecommerce] [nio-8081-exec-6] o.s.security.web.FilterChainProxy        : Securing GET /admin/violations
2026-09-25T17:49:49.378+07:00 DEBUG 36788 --- [CNJ70 Ecommerce] [nio-8081-exec-6] o.s.d.m.r.query.MongoQueryCreator        : Created query Query: { "email" : "admin2@gmail.com"}, Fields: {}, Sort: {}
2026-09-25T17:49:49.382+07:00 DEBUG 36788 --- [CNJ70 Ecommerce] [nio-8081-exec-6] o.s.data.mongodb.core.MongoTemplate      : find using query: { "email" : "admin2@gmail.com"} fields: Document{{}} for class: class com.ecommerce.cnj70.document.User in collection: users
2026-09-25T17:49:49.441+07:00 DEBUG 36788 --- [CNJ70 Ecommerce] [nio-8081-exec-6] .s.ChangeSessionIdAuthenticationStrategy : Changed session id from 196B6A8EBF0669EC64C2A4F87262E43D
2026-09-25T17:49:49.444+07:00 DEBUG 36788 --- [CNJ70 Ecommerce] [nio-8081-exec-6] o.s.security.web.FilterChainProxy        : Secured GET /admin/violations
2026-09-25T17:49:49.447+07:00 DEBUG 36788 --- [CNJ70 Ecommerce] [nio-8081-exec-6] o.s.d.m.r.query.MongoQueryCreator        : Created query Query: { "email" : "admin2@gmail.com"}, Fields: {}, Sort: {}
2026-09-25T17:49:49.448+07:00 DEBUG 36788 --- [CNJ70 Ecommerce] [nio-8081-exec-6] o.s.data.mongodb.core.MongoTemplate      : find using query: { "email" : "admin2@gmail.com"} fields: Document{{}} for class: class com.ecommerce.cnj70.document.User in collection: users
2026-09-25T17:49:49.503+07:00 DEBUG 36788 --- [CNJ70 Ecommerce] [nio-8081-exec-6] o.s.data.mongodb.core.MongoTemplate      : find using query: {} fields: Document{{}} for class: class com.ecommerce.cnj70.document.Voucher in collection: vouchers
2026-09-25T17:49:49.572+07:00 DEBUG 36788 --- [CNJ70 Ecommerce] [nio-8081-exec-6] o.s.data.mongodb.core.MongoTemplate      : Executing count: {} in collection: violations
2026-09-25T17:49:49.627+07:00 DEBUG 36788 --- [CNJ70 Ecommerce] [nio-8081-exec-6] o.s.data.mongodb.core.MongoTemplate      : find using query: {} fields: Document{{}} for class: class com.ecommerce.cnj70.document.Violation in collection: violations
2026-09-25T17:49:49.775+07:00 DEBUG 36788 --- [CNJ70 Ecommerce] [nio-8081-exec-8] o.s.security.web.FilterChainProxy        : Securing GET /css/admin-dashboard.css
2026-09-25T17:49:49.775+07:00 DEBUG 36788 --- [CNJ70 Ecommerce] [nio-8081-exec-7] o.s.security.web.FilterChainProxy        : Securing GET /css/dashboard.css
2026-09-25T17:49:49.779+07:00 DEBUG 36788 --- [CNJ70 Ecommerce] [nio-8081-exec-9] o.s.security.web.FilterChainProxy        : Securing GET /css/foundation/index.css
2026-09-25T17:49:49.780+07:00 DEBUG 36788 --- [CNJ70 Ecommerce] [io-8081-exec-10] o.s.security.web.FilterChainProxy        : Securing GET /css/admin-ui.css
2026-09-25T17:49:49.781+07:00 DEBUG 36788 --- [CNJ70 Ecommerce] [nio-8081-exec-7] o.s.d.m.r.query.MongoQueryCreator        : Created query Query: { "email" : "admin2@gmail.com"}, Fields: {}, Sort: {}
2026-09-25T17:49:49.781+07:00 DEBUG 36788 --- [CNJ70 Ecommerce] [nio-8081-exec-8] o.s.d.m.r.query.MongoQueryCreator        : Created query Query: { "email" : "admin2@gmail.com"}, Fields: {}, Sort: {}
2026-09-25T17:49:49.783+07:00 DEBUG 36788 --- [CNJ70 Ecommerce] [nio-8081-exec-7] o.s.data.mongodb.core.MongoTemplate      : find using query: { "email" : "admin2@gmail.com"} fields: Document{{}} for class: class com.ecommerce.cnj70.document.User in collection: users
2026-09-25T17:49:49.783+07:00 DEBUG 36788 --- [CNJ70 Ecommerce] [nio-8081-exec-9] o.s.d.m.r.query.MongoQueryCreator        : Created query Query: { "email" : "admin2@gmail.com"}, Fields: {}, Sort: {}
2026-09-25T17:49:49.783+07:00 DEBUG 36788 --- [CNJ70 Ecommerce] [nio-8081-exec-8] o.s.data.mongodb.core.MongoTemplate      : find using query: { "email" : "admin2@gmail.com"} fields: Document{{}} for class: class com.ecommerce.cnj70.document.User in collection: users
2026-09-25T17:49:49.783+07:00 DEBUG 36788 --- [CNJ70 Ecommerce] [io-8081-exec-10] o.s.d.m.r.query.MongoQueryCreator        : Created query Query: { "email" : "admin2@gmail.com"}, Fields: {}, Sort: {}
2026-09-25T17:49:49.783+07:00 DEBUG 36788 --- [CNJ70 Ecommerce] [nio-8081-exec-9] o.s.data.mongodb.core.MongoTemplate      : find using query: { "email" : "admin2@gmail.com"} fields: Document{{}} for class: class com.ecommerce.cnj70.document.User in collection: users
2026-09-25T17:49:49.783+07:00 DEBUG 36788 --- [CNJ70 Ecommerce] [io-8081-exec-10] o.s.data.mongodb.core.MongoTemplate      : find using query: { "email" : "admin2@gmail.com"} fields: Document{{}} for class: class com.ecommerce.cnj70.document.User in collection: users
2026-09-25T17:49:49.833+07:00 DEBUG 36788 --- [CNJ70 Ecommerce] [nio-8081-exec-8] .s.ChangeSessionIdAuthenticationStrategy : Changed session id from 3EAFAD7BC91D69344FB0D03C5A8B9A41
2026-09-25T17:49:49.836+07:00 DEBUG 36788 --- [CNJ70 Ecommerce] [nio-8081-exec-8] o.s.security.web.FilterChainProxy        : Secured GET /css/admin-dashboard.css
2026-09-25T17:49:49.840+07:00 DEBUG 36788 --- [CNJ70 Ecommerce] [nio-8081-exec-7] o.s.security.web.FilterChainProxy        : Secured GET /css/dashboard.css
2026-09-25T17:49:50.246+07:00 DEBUG 36788 --- [CNJ70 Ecommerce] [io-8081-exec-10] o.s.security.web.FilterChainProxy        : Secured GET /css/admin-ui.css
2026-09-25T17:49:50.298+07:00 DEBUG 36788 --- [CNJ70 Ecommerce] [nio-8081-exec-9] o.s.security.web.FilterChainProxy        : Secured GET /css/foundation/index.css
2026-09-25T17:49:50.305+07:00 DEBUG 36788 --- [CNJ70 Ecommerce] [nio-8081-exec-1] o.s.security.web.FilterChainProxy        : Securing GET /css/foundation/tokens.css
2026-09-25T17:49:50.305+07:00 DEBUG 36788 --- [CNJ70 Ecommerce] [nio-8081-exec-2] o.s.security.web.FilterChainProxy        : Securing GET /css/foundation/base.css
2026-09-25T17:49:50.306+07:00 DEBUG 36788 --- [CNJ70 Ecommerce] [nio-8081-exec-3] o.s.security.web.FilterChainProxy        : Securing GET /css/foundation/components.css
2026-09-25T17:49:50.306+07:00 DEBUG 36788 --- [CNJ70 Ecommerce] [nio-8081-exec-4] o.s.security.web.FilterChainProxy        : Securing GET /css/foundation/responsive.css
2026-09-25T17:49:50.306+07:00 DEBUG 36788 --- [CNJ70 Ecommerce] [nio-8081-exec-5] o.s.security.web.FilterChainProxy        : Securing GET /css/foundation/layout.css
2026-09-25T17:49:50.308+07:00 DEBUG 36788 --- [CNJ70 Ecommerce] [nio-8081-exec-6] o.s.security.web.FilterChainProxy        : Securing GET /css/foundation/accessibility.css
2026-09-25T17:49:50.309+07:00 DEBUG 36788 --- [CNJ70 Ecommerce] [nio-8081-exec-3] o.s.d.m.r.query.MongoQueryCreator        : Created query Query: { "email" : "admin2@gmail.com"}, Fields: {}, Sort: {}
2026-09-25T17:49:50.309+07:00 DEBUG 36788 --- [CNJ70 Ecommerce] [nio-8081-exec-1] o.s.d.m.r.query.MongoQueryCreator        : Created query Query: { "email" : "admin2@gmail.com"}, Fields: {}, Sort: {}
2026-09-25T17:49:50.309+07:00 DEBUG 36788 --- [CNJ70 Ecommerce] [nio-8081-exec-5] o.s.d.m.r.query.MongoQueryCreator        : Created query Query: { "email" : "admin2@gmail.com"}, Fields: {}, Sort: {}
2026-09-25T17:49:50.309+07:00 DEBUG 36788 --- [CNJ70 Ecommerce] [nio-8081-exec-4] o.s.d.m.r.query.MongoQueryCreator        : Created query Query: { "email" : "admin2@gmail.com"}, Fields: {}, Sort: {}
2026-09-25T17:49:50.309+07:00 DEBUG 36788 --- [CNJ70 Ecommerce] [nio-8081-exec-2] o.s.d.m.r.query.MongoQueryCreator        : Created query Query: { "email" : "admin2@gmail.com"}, Fields: {}, Sort: {}
2026-09-25T17:49:50.310+07:00 DEBUG 36788 --- [CNJ70 Ecommerce] [nio-8081-exec-3] o.s.data.mongodb.core.MongoTemplate      : find using query: { "email" : "admin2@gmail.com"} fields: Document{{}} for class: class com.ecommerce.cnj70.document.User in collection: users
2026-09-25T17:49:50.310+07:00 DEBUG 36788 --- [CNJ70 Ecommerce] [nio-8081-exec-1] o.s.data.mongodb.core.MongoTemplate      : find using query: { "email" : "admin2@gmail.com"} fields: Document{{}} for class: class com.ecommerce.cnj70.document.User in collection: users
2026-09-25T17:49:50.310+07:00 DEBUG 36788 --- [CNJ70 Ecommerce] [nio-8081-exec-5] o.s.data.mongodb.core.MongoTemplate      : find using query: { "email" : "admin2@gmail.com"} fields: Document{{}} for class: class com.ecommerce.cnj70.document.User in collection: users
2026-09-25T17:49:50.310+07:00 DEBUG 36788 --- [CNJ70 Ecommerce] [nio-8081-exec-4] o.s.data.mongodb.core.MongoTemplate      : find using query: { "email" : "admin2@gmail.com"} fields: Document{{}} for class: class com.ecommerce.cnj70.document.User in collection: users
2026-09-25T17:49:50.310+07:00 DEBUG 36788 --- [CNJ70 Ecommerce] [nio-8081-exec-2] o.s.data.mongodb.core.MongoTemplate      : find using query: { "email" : "admin2@gmail.com"} fields: Document{{}} for class: class com.ecommerce.cnj70.document.User in collection: users
2026-09-25T17:49:50.312+07:00 DEBUG 36788 --- [CNJ70 Ecommerce] [nio-8081-exec-6] o.s.d.m.r.query.MongoQueryCreator        : Created query Query: { "email" : "admin2@gmail.com"}, Fields: {}, Sort: {}
2026-09-25T17:49:50.312+07:00 DEBUG 36788 --- [CNJ70 Ecommerce] [nio-8081-exec-6] o.s.data.mongodb.core.MongoTemplate      : find using query: { "email" : "admin2@gmail.com"} fields: Document{{}} for class: class com.ecommerce.cnj70.document.User in collection: users
2026-09-25T17:49:50.360+07:00 DEBUG 36788 --- [CNJ70 Ecommerce] [nio-8081-exec-4] .s.ChangeSessionIdAuthenticationStrategy : Changed session id from 5BA24E3AB6E8F516F49C126BDDAC5D6B
2026-09-25T17:49:50.365+07:00 DEBUG 36788 --- [CNJ70 Ecommerce] [nio-8081-exec-4] o.s.security.web.FilterChainProxy        : Secured GET /css/foundation/responsive.css
2026-09-25T17:49:50.367+07:00 DEBUG 36788 --- [CNJ70 Ecommerce] [nio-8081-exec-5] o.s.security.web.FilterChainProxy        : Secured GET /css/foundation/layout.css
2026-09-25T17:49:50.373+07:00 DEBUG 36788 --- [CNJ70 Ecommerce] [nio-8081-exec-1] o.s.security.web.FilterChainProxy        : Secured GET /css/foundation/tokens.css
2026-09-25T17:49:50.376+07:00 DEBUG 36788 --- [CNJ70 Ecommerce] [nio-8081-exec-3] o.s.security.web.FilterChainProxy        : Secured GET /css/foundation/components.css
2026-09-25T17:49:50.645+07:00 DEBUG 36788 --- [CNJ70 Ecommerce] [nio-8081-exec-2] o.s.security.web.FilterChainProxy        : Secured GET /css/foundation/base.css
2026-09-25T17:49:50.652+07:00 DEBUG 36788 --- [CNJ70 Ecommerce] [nio-8081-exec-6] o.s.security.web.FilterChainProxy        : Secured GET /css/foundation/accessibility.css
2026-09-25T17:49:54.640+07:00 DEBUG 36788 --- [CNJ70 Ecommerce] [nio-8081-exec-8] o.s.security.web.FilterChainProxy        : Securing GET /admin/violations/6ab61d7259fb2a46a9b1163b?page=0&size=10&shopId=&severity=&type=
2026-09-25T17:49:54.644+07:00 DEBUG 36788 --- [CNJ70 Ecommerce] [nio-8081-exec-8] o.s.d.m.r.query.MongoQueryCreator        : Created query Query: { "email" : "admin2@gmail.com"}, Fields: {}, Sort: {}
2026-09-25T17:49:54.645+07:00 DEBUG 36788 --- [CNJ70 Ecommerce] [nio-8081-exec-8] o.s.data.mongodb.core.MongoTemplate      : find using query: { "email" : "admin2@gmail.com"} fields: Document{{}} for class: class com.ecommerce.cnj70.document.User in collection: users
2026-09-25T17:49:54.693+07:00 DEBUG 36788 --- [CNJ70 Ecommerce] [nio-8081-exec-8] .s.ChangeSessionIdAuthenticationStrategy : Changed session id from BEAA453DB9EE6043182C0990DB5ED72C
2026-09-25T17:49:54.697+07:00 DEBUG 36788 --- [CNJ70 Ecommerce] [nio-8081-exec-8] o.s.security.web.FilterChainProxy        : Secured GET /admin/violations/6ab61d7259fb2a46a9b1163b?page=0&size=10&shopId=&severity=&type=
2026-09-25T17:49:54.703+07:00 DEBUG 36788 --- [CNJ70 Ecommerce] [nio-8081-exec-8] o.s.d.m.r.query.MongoQueryCreator        : Created query Query: { "email" : "admin2@gmail.com"}, Fields: {}, Sort: {}
2026-09-25T17:49:54.703+07:00 DEBUG 36788 --- [CNJ70 Ecommerce] [nio-8081-exec-8] o.s.data.mongodb.core.MongoTemplate      : find using query: { "email" : "admin2@gmail.com"} fields: Document{{}} for class: class com.ecommerce.cnj70.document.User in collection: users
2026-09-25T17:49:54.753+07:00 DEBUG 36788 --- [CNJ70 Ecommerce] [nio-8081-exec-8] o.s.data.mongodb.core.MongoTemplate      : find using query: {} fields: Document{{}} for class: class com.ecommerce.cnj70.document.Voucher in collection: vouchers
2026-09-25T17:49:54.855+07:00  WARN 36788 --- [CNJ70 Ecommerce] [nio-8081-exec-8] .m.m.a.ExceptionHandlerExceptionResolver : Resolved [com.ecommerce.cnj70.exception.ResourceNotFoundException: Không tìm thấy violation]
2026-09-25T17:49:54.875+07:00 DEBUG 36788 --- [CNJ70 Ecommerce] [nio-8081-exec-7] o.s.security.web.FilterChainProxy        : Securing GET /css/style.css
2026-09-25T17:49:54.878+07:00 DEBUG 36788 --- [CNJ70 Ecommerce] [nio-8081-exec-7] o.s.d.m.r.query.MongoQueryCreator        : Created query Query: { "email" : "admin2@gmail.com"}, Fields: {}, Sort: {}
2026-09-25T17:49:54.880+07:00 DEBUG 36788 --- [CNJ70 Ecommerce] [nio-8081-exec-7] o.s.data.mongodb.core.MongoTemplate      : find using query: { "email" : "admin2@gmail.com"} fields: Document{{}} for class: class com.ecommerce.cnj70.document.User in collection: users
2026-09-25T17:49:54.929+07:00 DEBUG 36788 --- [CNJ70 Ecommerce] [nio-8081-exec-7] .s.ChangeSessionIdAuthenticationStrategy : Changed session id from 28CC58493407F87AFE038DD36DABCB7A
2026-09-25T17:49:54.932+07:00 DEBUG 36788 --- [CNJ70 Ecommerce] [nio-8081-exec-7] o.s.security.web.FilterChainProxy        : Secured GET /css/style.css
2026-09-25T17:50:54.044+07:00  INFO 36788 --- [CNJ70 Ecommerce] [   File Watcher] rtingClassPathChangeChangedEventListener : Restarting due to 464 class path changes (0 additions, 464 deletions, 0 modifications)

  .   ____          _            __ _ _
 /\\ / ___'_ __ _ _(_)_ __  __ _ \ \ \ \
( ( )\___ | '_ | '_| | '_ \/ _` | \ \ \ \
 \\/  ___)| |_)| | | | | || (_| |  ) ) ) )
  '  |____| .__|_| |_|_| |_\__, | / / / /
 =========|_|==============|___/=/_/_/_/
 :: Spring Boot ::                (v3.2.0)

2026-09-25T17:50:54.466+07:00  INFO 36788 --- [CNJ70 Ecommerce] [  restartedMain] c.e.cnj70.config.DotenvInitializer       : DotenvInitializer: Loaded 86 environment variables from .env
2026-09-25T17:50:54.468+07:00  INFO 36788 --- [CNJ70 Ecommerce] [  restartedMain] c.e.cnj70.Cnj70EcommerceApplication      : Starting Cnj70EcommerceApplication using Java 21.0.12 with PID 36788 (D:\Code Full\Java\BTL_E_commerce\Ecommerce_Java\target\classes started by Asus in D:\Code Full\Java\BTL_E_commerce\Ecommerce_Java)
2026-09-25T17:50:54.468+07:00 DEBUG 36788 --- [CNJ70 Ecommerce] [  restartedMain] c.e.cnj70.Cnj70EcommerceApplication      : Running with Spring Boot v3.2.0, Spring v6.1.1
2026-09-25T17:50:54.468+07:00  INFO 36788 --- [CNJ70 Ecommerce] [  restartedMain] c.e.cnj70.Cnj70EcommerceApplication      : No active profile set, falling back to 1 default profile: "default"
2026-09-25T17:50:54.947+07:00  INFO 36788 --- [CNJ70 Ecommerce] [  restartedMain] .s.d.r.c.RepositoryConfigurationDelegate : Bootstrapping Spring Data MongoDB repositories in DEFAULT mode.
2026-09-25T17:50:54.959+07:00  INFO 36788 --- [CNJ70 Ecommerce] [  restartedMain] .s.d.r.c.RepositoryConfigurationDelegate : Finished Spring Data repository scanning in 9 ms. Found 0 MongoDB repository interfaces.
2026-09-25T17:50:55.085+07:00  WARN 36788 --- [CNJ70 Ecommerce] [  restartedMain] ConfigServletWebServerApplicationContext : Exception encountered during context initialization - cancelling refresh attempt: java.lang.NullPointerException: Cannot read field "generatedClass" because "data" is null
2026-09-25T17:50:55.094+07:00  INFO 36788 --- [CNJ70 Ecommerce] [  restartedMain] .s.b.a.l.ConditionEvaluationReportLogger : 

Error starting ApplicationContext. To display the condition evaluation report re-run your application with 'debug' enabled.
2026-09-25T17:50:55.104+07:00 ERROR 36788 --- [CNJ70 Ecommerce] [  restartedMain] o.s.boot.SpringApplication               : Application run failed

java.lang.NullPointerException: Cannot read field "generatedClass" because "data" is null
	at org.springframework.cglib.proxy.Enhancer.nextInstance(Enhancer.java:783) ~[spring-core-6.1.1.jar:6.1.1]
	at org.springframework.cglib.core.AbstractClassGenerator.create(AbstractClassGenerator.java:321) ~[spring-core-6.1.1.jar:6.1.1]
	at org.springframework.cglib.proxy.Enhancer.createHelper(Enhancer.java:562) ~[spring-core-6.1.1.jar:6.1.1]
	at org.springframework.cglib.proxy.Enhancer.createClass(Enhancer.java:407) ~[spring-core-6.1.1.jar:6.1.1]
	at org.springframework.context.annotation.ConfigurationClassEnhancer.createClass(ConfigurationClassEnhancer.java:138) ~[spring-context-6.1.1.jar:6.1.1]
	at org.springframework.context.annotation.ConfigurationClassEnhancer.enhance(ConfigurationClassEnhancer.java:109) ~[spring-context-6.1.1.jar:6.1.1]
	at org.springframework.context.annotation.ConfigurationClassPostProcessor.enhanceConfigurationClasses(ConfigurationClassPostProcessor.java:533) ~[spring-context-6.1.1.jar:6.1.1]
	at org.springframework.context.annotation.ConfigurationClassPostProcessor.postProcessBeanFactory(ConfigurationClassPostProcessor.java:310) ~[spring-context-6.1.1.jar:6.1.1]
	at org.springframework.context.support.PostProcessorRegistrationDelegate.invokeBeanFactoryPostProcessors(PostProcessorRegistrationDelegate.java:363) ~[spring-context-6.1.1.jar:6.1.1]
	at org.springframework.context.support.PostProcessorRegistrationDelegate.invokeBeanFactoryPostProcessors(PostProcessorRegistrationDelegate.java:153) ~[spring-context-6.1.1.jar:6.1.1]
	at org.springframework.context.support.AbstractApplicationContext.invokeBeanFactoryPostProcessors(AbstractApplicationContext.java:775) ~[spring-context-6.1.1.jar:6.1.1]
	at org.springframework.context.support.AbstractApplicationContext.refresh(AbstractApplicationContext.java:597) ~[spring-context-6.1.1.jar:6.1.1]
	at org.springframework.boot.web.servlet.context.ServletWebServerApplicationContext.refresh(ServletWebServerApplicationContext.java:146) ~[spring-boot-3.2.0.jar:3.2.0]
	at org.springframework.boot.SpringApplication.refresh(SpringApplication.java:753) ~[spring-boot-3.2.0.jar:3.2.0]
	at org.springframework.boot.SpringApplication.refreshContext(SpringApplication.java:455) ~[spring-boot-3.2.0.jar:3.2.0]
	at org.springframework.boot.SpringApplication.run(SpringApplication.java:323) ~[spring-boot-3.2.0.jar:3.2.0]
	at com.ecommerce.cnj70.Cnj70EcommerceApplication.main(Cnj70EcommerceApplication.java:20) ~[classes/:na]
	at java.base/jdk.internal.reflect.DirectMethodHandleAccessor.invoke(DirectMethodHandleAccessor.java:103) ~[na:na]
	at java.base/java.lang.reflect.Method.invoke(Method.java:580) ~[na:na]
	at org.springframework.boot.devtools.restart.RestartLauncher.run(RestartLauncher.java:50) ~[spring-boot-devtools-3.2.0.jar:3.2.0]


  .   ____          _            __ _ _
 /\\ / ___'_ __ _ _(_)_ __  __ _ \ \ \ \
( ( )\___ | '_ | '_| | '_ \/ _` | \ \ \ \
 \\/  ___)| |_)| | | | | || (_| |  ) ) ) )
  '  |____| .__|_| |_|_| |_\__, | / / / /
 =========|_|==============|___/=/_/_/_/
 :: Spring Boot ::                (v3.2.0)

2026-09-25T17:51:07.841+07:00  INFO 36788 --- [CNJ70 Ecommerce] [  restartedMain] c.e.cnj70.config.DotenvInitializer       : DotenvInitializer: Loaded 86 environment variables from .env
2026-09-25T17:51:07.843+07:00  INFO 36788 --- [CNJ70 Ecommerce] [  restartedMain] c.e.cnj70.Cnj70EcommerceApplication      : Starting Cnj70EcommerceApplication using Java 21.0.12 with PID 36788 (D:\Code Full\Java\BTL_E_commerce\Ecommerce_Java\target\classes started by Asus in D:\Code Full\Java\BTL_E_commerce\Ecommerce_Java)
2026-09-25T17:51:07.843+07:00 DEBUG 36788 --- [CNJ70 Ecommerce] [  restartedMain] c.e.cnj70.Cnj70EcommerceApplication      : Running with Spring Boot v3.2.0, Spring v6.1.1
2026-09-25T17:51:07.843+07:00  INFO 36788 --- [CNJ70 Ecommerce] [  restartedMain] c.e.cnj70.Cnj70EcommerceApplication      : No active profile set, falling back to 1 default profile: "default"
2026-09-25T17:51:08.329+07:00  INFO 36788 --- [CNJ70 Ecommerce] [  restartedMain] .s.d.r.c.RepositoryConfigurationDelegate : Bootstrapping Spring Data MongoDB repositories in DEFAULT mode.
2026-09-25T17:51:08.392+07:00  INFO 36788 --- [CNJ70 Ecommerce] [  restartedMain] .s.d.r.c.RepositoryConfigurationDelegate : Finished Spring Data repository scanning in 63 ms. Found 6 MongoDB repository interfaces.
2026-09-25T17:51:08.491+07:00  WARN 36788 --- [CNJ70 Ecommerce] [  restartedMain] ConfigServletWebServerApplicationContext : Exception encountered during context initialization - cancelling refresh attempt: java.lang.NullPointerException: Cannot read field "generatedClass" because "data" is null
2026-09-25T17:51:08.497+07:00  INFO 36788 --- [CNJ70 Ecommerce] [  restartedMain] .s.b.a.l.ConditionEvaluationReportLogger : 

Error starting ApplicationContext. To display the condition evaluation report re-run your application with 'debug' enabled.
2026-09-25T17:51:08.503+07:00 ERROR 36788 --- [CNJ70 Ecommerce] [  restartedMain] o.s.boot.SpringApplication               : Application run failed

java.lang.NullPointerException: Cannot read field "generatedClass" because "data" is null
	at org.springframework.cglib.proxy.Enhancer.nextInstance(Enhancer.java:783) ~[spring-core-6.1.1.jar:6.1.1]
	at org.springframework.cglib.core.AbstractClassGenerator.create(AbstractClassGenerator.java:321) ~[spring-core-6.1.1.jar:6.1.1]
	at org.springframework.cglib.proxy.Enhancer.createHelper(Enhancer.java:562) ~[spring-core-6.1.1.jar:6.1.1]
	at org.springframework.cglib.proxy.Enhancer.createClass(Enhancer.java:407) ~[spring-core-6.1.1.jar:6.1.1]
	at org.springframework.context.annotation.ConfigurationClassEnhancer.createClass(ConfigurationClassEnhancer.java:138) ~[spring-context-6.1.1.jar:6.1.1]
	at org.springframework.context.annotation.ConfigurationClassEnhancer.enhance(ConfigurationClassEnhancer.java:109) ~[spring-context-6.1.1.jar:6.1.1]
	at org.springframework.context.annotation.ConfigurationClassPostProcessor.enhanceConfigurationClasses(ConfigurationClassPostProcessor.java:533) ~[spring-context-6.1.1.jar:6.1.1]
	at org.springframework.context.annotation.ConfigurationClassPostProcessor.postProcessBeanFactory(ConfigurationClassPostProcessor.java:310) ~[spring-context-6.1.1.jar:6.1.1]
	at org.springframework.context.support.PostProcessorRegistrationDelegate.invokeBeanFactoryPostProcessors(PostProcessorRegistrationDelegate.java:363) ~[spring-context-6.1.1.jar:6.1.1]
	at org.springframework.context.support.PostProcessorRegistrationDelegate.invokeBeanFactoryPostProcessors(PostProcessorRegistrationDelegate.java:153) ~[spring-context-6.1.1.jar:6.1.1]
	at org.springframework.context.support.AbstractApplicationContext.invokeBeanFactoryPostProcessors(AbstractApplicationContext.java:775) ~[spring-context-6.1.1.jar:6.1.1]
	at org.springframework.context.support.AbstractApplicationContext.refresh(AbstractApplicationContext.java:597) ~[spring-context-6.1.1.jar:6.1.1]
	at org.springframework.boot.web.servlet.context.ServletWebServerApplicationContext.refresh(ServletWebServerApplicationContext.java:146) ~[spring-boot-3.2.0.jar:3.2.0]
	at org.springframework.boot.SpringApplication.refresh(SpringApplication.java:753) ~[spring-boot-3.2.0.jar:3.2.0]
	at org.springframework.boot.SpringApplication.refreshContext(SpringApplication.java:455) ~[spring-boot-3.2.0.jar:3.2.0]
	at org.springframework.boot.SpringApplication.run(SpringApplication.java:323) ~[spring-boot-3.2.0.jar:3.2.0]
	at com.ecommerce.cnj70.Cnj70EcommerceApplication.main(Cnj70EcommerceApplication.java:20) ~[classes/:na]
	at java.base/jdk.internal.reflect.DirectMethodHandleAccessor.invoke(DirectMethodHandleAccessor.java:103) ~[na:na]
	at java.base/java.lang.reflect.Method.invoke(Method.java:580) ~[na:na]
	at org.springframework.boot.devtools.restart.RestartLauncher.run(RestartLauncher.java:50) ~[spring-boot-devtools-3.2.0.jar:3.2.0]


  .   ____          _            __ _ _
 /\\ / ___'_ __ _ _(_)_ __  __ _ \ \ \ \
( ( )\___ | '_ | '_| | '_ \/ _` | \ \ \ \
 \\/  ___)| |_)| | | | | || (_| |  ) ) ) )
  '  |____| .__|_| |_|_| |_\__, | / / / /
 =========|_|==============|___/=/_/_/_/
 :: Spring Boot ::                (v3.2.0)

2026-09-25T17:51:44.387+07:00  INFO 36788 --- [CNJ70 Ecommerce] [  restartedMain] c.e.cnj70.config.DotenvInitializer       : DotenvInitializer: Loaded 86 environment variables from .env
2026-09-25T17:51:44.388+07:00  INFO 36788 --- [CNJ70 Ecommerce] [  restartedMain] c.e.cnj70.Cnj70EcommerceApplication      : Starting Cnj70EcommerceApplication using Java 21.0.12 with PID 36788 (D:\Code Full\Java\BTL_E_commerce\Ecommerce_Java\target\classes started by Asus in D:\Code Full\Java\BTL_E_commerce\Ecommerce_Java)
2026-09-25T17:51:44.388+07:00 DEBUG 36788 --- [CNJ70 Ecommerce] [  restartedMain] c.e.cnj70.Cnj70EcommerceApplication      : Running with Spring Boot v3.2.0, Spring v6.1.1
2026-09-25T17:51:44.389+07:00  INFO 36788 --- [CNJ70 Ecommerce] [  restartedMain] c.e.cnj70.Cnj70EcommerceApplication      : No active profile set, falling back to 1 default profile: "default"
2026-09-25T17:51:44.643+07:00  INFO 36788 --- [CNJ70 Ecommerce] [  restartedMain] .s.d.r.c.RepositoryConfigurationDelegate : Bootstrapping Spring Data MongoDB repositories in DEFAULT mode.
2026-09-25T17:51:44.649+07:00  INFO 36788 --- [CNJ70 Ecommerce] [  restartedMain] .s.d.r.c.RepositoryConfigurationDelegate : Finished Spring Data repository scanning in 4 ms. Found 0 MongoDB repository interfaces.
2026-09-25T17:51:44.702+07:00  WARN 36788 --- [CNJ70 Ecommerce] [  restartedMain] ConfigServletWebServerApplicationContext : Exception encountered during context initialization - cancelling refresh attempt: java.lang.NullPointerException: Cannot read field "generatedClass" because "data" is null
2026-09-25T17:51:44.706+07:00  INFO 36788 --- [CNJ70 Ecommerce] [  restartedMain] .s.b.a.l.ConditionEvaluationReportLogger : 

Error starting ApplicationContext. To display the condition evaluation report re-run your application with 'debug' enabled.
2026-09-25T17:51:44.710+07:00 ERROR 36788 --- [CNJ70 Ecommerce] [  restartedMain] o.s.boot.SpringApplication               : Application run failed

java.lang.NullPointerException: Cannot read field "generatedClass" because "data" is null
	at org.springframework.cglib.proxy.Enhancer.nextInstance(Enhancer.java:783) ~[spring-core-6.1.1.jar:6.1.1]
	at org.springframework.cglib.core.AbstractClassGenerator.create(AbstractClassGenerator.java:321) ~[spring-core-6.1.1.jar:6.1.1]
	at org.springframework.cglib.proxy.Enhancer.createHelper(Enhancer.java:562) ~[spring-core-6.1.1.jar:6.1.1]
	at org.springframework.cglib.proxy.Enhancer.createClass(Enhancer.java:407) ~[spring-core-6.1.1.jar:6.1.1]
	at org.springframework.context.annotation.ConfigurationClassEnhancer.createClass(ConfigurationClassEnhancer.java:138) ~[spring-context-6.1.1.jar:6.1.1]
	at org.springframework.context.annotation.ConfigurationClassEnhancer.enhance(ConfigurationClassEnhancer.java:109) ~[spring-context-6.1.1.jar:6.1.1]
	at org.springframework.context.annotation.ConfigurationClassPostProcessor.enhanceConfigurationClasses(ConfigurationClassPostProcessor.java:533) ~[spring-context-6.1.1.jar:6.1.1]
	at org.springframework.context.annotation.ConfigurationClassPostProcessor.postProcessBeanFactory(ConfigurationClassPostProcessor.java:310) ~[spring-context-6.1.1.jar:6.1.1]
	at org.springframework.context.support.PostProcessorRegistrationDelegate.invokeBeanFactoryPostProcessors(PostProcessorRegistrationDelegate.java:363) ~[spring-context-6.1.1.jar:6.1.1]
	at org.springframework.context.support.PostProcessorRegistrationDelegate.invokeBeanFactoryPostProcessors(PostProcessorRegistrationDelegate.java:153) ~[spring-context-6.1.1.jar:6.1.1]
	at org.springframework.context.support.AbstractApplicationContext.invokeBeanFactoryPostProcessors(AbstractApplicationContext.java:775) ~[spring-context-6.1.1.jar:6.1.1]
	at org.springframework.context.support.AbstractApplicationContext.refresh(AbstractApplicationContext.java:597) ~[spring-context-6.1.1.jar:6.1.1]
	at org.springframework.boot.web.servlet.context.ServletWebServerApplicationContext.refresh(ServletWebServerApplicationContext.java:146) ~[spring-boot-3.2.0.jar:3.2.0]
	at org.springframework.boot.SpringApplication.refresh(SpringApplication.java:753) ~[spring-boot-3.2.0.jar:3.2.0]
	at org.springframework.boot.SpringApplication.refreshContext(SpringApplication.java:455) ~[spring-boot-3.2.0.jar:3.2.0]
	at org.springframework.boot.SpringApplication.run(SpringApplication.java:323) ~[spring-boot-3.2.0.jar:3.2.0]
	at com.ecommerce.cnj70.Cnj70EcommerceApplication.main(Cnj70EcommerceApplication.java:20) ~[classes/:na]
	at java.base/jdk.internal.reflect.DirectMethodHandleAccessor.invoke(DirectMethodHandleAccessor.java:103) ~[na:na]
	at java.base/java.lang.reflect.Method.invoke(Method.java:580) ~[na:na]
	at org.springframework.boot.devtools.restart.RestartLauncher.run(RestartLauncher.java:50) ~[spring-boot-devtools-3.2.0.jar:3.2.0]


  .   ____          _            __ _ _
 /\\ / ___'_ __ _ _(_)_ __  __ _ \ \ \ \
( ( )\___ | '_ | '_| | '_ \/ _` | \ \ \ \
 \\/  ___)| |_)| | | | | || (_| |  ) ) ) )
  '  |____| .__|_| |_|_| |_\__, | / / / /
 =========|_|==============|___/=/_/_/_/
 :: Spring Boot ::                (v3.2.0)

2026-09-25T17:52:02.625+07:00  INFO 36788 --- [CNJ70 Ecommerce] [  restartedMain] c.e.cnj70.config.DotenvInitializer       : DotenvInitializer: Loaded 86 environment variables from .env
2026-09-25T17:52:02.627+07:00  INFO 36788 --- [CNJ70 Ecommerce] [  restartedMain] c.e.cnj70.Cnj70EcommerceApplication      : Starting Cnj70EcommerceApplication using Java 21.0.12 with PID 36788 (D:\Code Full\Java\BTL_E_commerce\Ecommerce_Java\target\classes started by Asus in D:\Code Full\Java\BTL_E_commerce\Ecommerce_Java)
2026-09-25T17:52:02.627+07:00 DEBUG 36788 --- [CNJ70 Ecommerce] [  restartedMain] c.e.cnj70.Cnj70EcommerceApplication      : Running with Spring Boot v3.2.0, Spring v6.1.1
2026-09-25T17:52:02.627+07:00  INFO 36788 --- [CNJ70 Ecommerce] [  restartedMain] c.e.cnj70.Cnj70EcommerceApplication      : No active profile set, falling back to 1 default profile: "default"
2026-09-25T17:52:03.297+07:00  INFO 36788 --- [CNJ70 Ecommerce] [  restartedMain] .s.d.r.c.RepositoryConfigurationDelegate : Bootstrapping Spring Data MongoDB repositories in DEFAULT mode.
2026-09-25T17:52:03.461+07:00  INFO 36788 --- [CNJ70 Ecommerce] [  restartedMain] .s.d.r.c.RepositoryConfigurationDelegate : Finished Spring Data repository scanning in 161 ms. Found 22 MongoDB repository interfaces.
2026-09-25T17:52:03.684+07:00  INFO 36788 --- [CNJ70 Ecommerce] [  restartedMain] o.s.b.w.embedded.tomcat.TomcatWebServer  : Tomcat initialized with port 8081 (http)
2026-09-25T17:52:03.686+07:00  INFO 36788 --- [CNJ70 Ecommerce] [  restartedMain] o.apache.catalina.core.StandardService   : Starting service [Tomcat]
2026-09-25T17:52:03.686+07:00  INFO 36788 --- [CNJ70 Ecommerce] [  restartedMain] o.apache.catalina.core.StandardEngine    : Starting Servlet engine: [Apache Tomcat/10.1.16]
2026-09-25T17:52:03.719+07:00  INFO 36788 --- [CNJ70 Ecommerce] [  restartedMain] o.a.c.c.C.[Tomcat-1].[localhost].[/]     : Initializing Spring embedded WebApplicationContext
2026-09-25T17:52:03.719+07:00  INFO 36788 --- [CNJ70 Ecommerce] [  restartedMain] w.s.c.ServletWebServerApplicationContext : Root WebApplicationContext: initialization completed in 1090 ms
2026-09-25T17:52:03.796+07:00  INFO 36788 --- [CNJ70 Ecommerce] [  restartedMain] org.mongodb.driver.client                : MongoClient with metadata {"driver": {"name": "mongo-java-driver|sync|spring-boot", "version": "4.11.1"}, "os": {"type": "Windows", "name": "Windows 11", "architecture": "amd64", "version": "10.0"}, "platform": "Java/Oracle Corporation/21.0.12+7-LTS-205"} created with settings MongoClientSettings{readPreference=primary, writeConcern=WriteConcern{w=null, wTimeout=null ms, journal=null}, retryWrites=true, retryReads=true, readConcern=ReadConcern{level=null}, credential=MongoCredential{mechanism=null, userName='nguyenquocanh170205_db_user', source='admin', password=<hidden>, mechanismProperties=<hidden>}, transportSettings=null, streamFactoryFactory=null, commandListeners=[], codecRegistry=ProvidersCodecRegistry{codecProviders=[ValueCodecProvider{}, BsonValueCodecProvider{}, DBRefCodecProvider{}, DBObjectCodecProvider{}, DocumentCodecProvider{}, CollectionCodecProvider{}, IterableCodecProvider{}, MapCodecProvider{}, GeoJsonCodecProvider{}, GridFSFileCodecProvider{}, Jsr310CodecProvider{}, JsonObjectCodecProvider{}, BsonCodecProvider{}, EnumCodecProvider{}, com.mongodb.client.model.mql.ExpressionCodecProvider@6464b69b, com.mongodb.Jep395RecordCodecProvider@f1449e, com.mongodb.KotlinCodecProvider@301dc2f0]}, loggerSettings=LoggerSettings{maxDocumentLength=1000}, clusterSettings={hosts=[127.0.0.1:27017], srvHost=cluster0.2pu37z6.mongodb.net, srvServiceName=mongodb, mode=MULTIPLE, requiredClusterType=REPLICA_SET, requiredReplicaSetName='atlas-i9pmeb-shard-0', serverSelector='null', clusterListeners='[]', serverSelectionTimeout='30000 ms', localThreshold='15 ms'}, socketSettings=SocketSettings{connectTimeoutMS=10000, readTimeoutMS=0, receiveBufferSize=0, proxySettings=ProxySettings{host=null, port=null, username=null, password=null}}, heartbeatSocketSettings=SocketSettings{connectTimeoutMS=10000, readTimeoutMS=10000, receiveBufferSize=0, proxySettings=ProxySettings{host=null, port=null, username=null, password=null}}, connectionPoolSettings=ConnectionPoolSettings{maxSize=100, minSize=0, maxWaitTimeMS=120000, maxConnectionLifeTimeMS=0, maxConnectionIdleTimeMS=0, maintenanceInitialDelayMS=0, maintenanceFrequencyMS=60000, connectionPoolListeners=[], maxConnecting=2}, serverSettings=ServerSettings{heartbeatFrequencyMS=10000, minHeartbeatFrequencyMS=500, serverListeners='[]', serverMonitorListeners='[]'}, sslSettings=SslSettings{enabled=true, invalidHostNameAllowed=false, context=null}, applicationName='null', compressorList=[], uuidRepresentation=JAVA_LEGACY, serverApi=null, autoEncryptionSettings=null, dnsClient=null, inetAddressResolver=null, contextProvider=null}
2026-09-25T17:52:03.833+07:00  INFO 36788 --- [CNJ70 Ecommerce] [7z6.mongodb.net] org.mongodb.driver.cluster               : Adding discovered server ac-i3gkoj7-shard-00-00.2pu37z6.mongodb.net:27017 to client view of cluster
2026-09-25T17:52:03.834+07:00  INFO 36788 --- [CNJ70 Ecommerce] [7z6.mongodb.net] org.mongodb.driver.cluster               : Adding discovered server ac-i3gkoj7-shard-00-01.2pu37z6.mongodb.net:27017 to client view of cluster
2026-09-25T17:52:03.836+07:00  INFO 36788 --- [CNJ70 Ecommerce] [7z6.mongodb.net] org.mongodb.driver.cluster               : Adding discovered server ac-i3gkoj7-shard-00-02.2pu37z6.mongodb.net:27017 to client view of cluster
2026-09-25T17:52:04.008+07:00 DEBUG 36788 --- [CNJ70 Ecommerce] [  restartedMain] .m.c.i.MongoPersistentEntityIndexCreator : Analyzing class class com.ecommerce.cnj70.document.AuditLog for index information
2026-09-25T17:52:04.011+07:00  INFO 36788 --- [CNJ70 Ecommerce] [  restartedMain] org.mongodb.driver.cluster               : No server chosen by WritableServerSelector from cluster description ClusterDescription{type=REPLICA_SET, connectionMode=MULTIPLE, serverDescriptions=[ServerDescription{address=ac-i3gkoj7-shard-00-00.2pu37z6.mongodb.net:27017, type=UNKNOWN, state=CONNECTING}, ServerDescription{address=ac-i3gkoj7-shard-00-02.2pu37z6.mongodb.net:27017, type=UNKNOWN, state=CONNECTING}, ServerDescription{address=ac-i3gkoj7-shard-00-01.2pu37z6.mongodb.net:27017, type=UNKNOWN, state=CONNECTING}]}. Waiting for 30000 ms before timing out
2026-09-25T17:52:04.059+07:00  INFO 36788 --- [CNJ70 Ecommerce] [ngodb.net:27017] org.mongodb.driver.cluster               : Monitor thread successfully connected to server with description ServerDescription{address=ac-i3gkoj7-shard-00-00.2pu37z6.mongodb.net:27017, type=REPLICA_SET_SECONDARY, state=CONNECTED, ok=true, minWireVersion=0, maxWireVersion=25, maxDocumentSize=16777216, logicalSessionTimeoutMinutes=30, roundTripTimeNanos=156595200, setName='atlas-i9pmeb-shard-0', canonicalAddress=ac-i3gkoj7-shard-00-00.2pu37z6.mongodb.net:27017, hosts=[ac-i3gkoj7-shard-00-00.2pu37z6.mongodb.net:27017, ac-i3gkoj7-shard-00-01.2pu37z6.mongodb.net:27017, ac-i3gkoj7-shard-00-02.2pu37z6.mongodb.net:27017], passives=[], arbiters=[], primary='ac-i3gkoj7-shard-00-02.2pu37z6.mongodb.net:27017', tagSet=TagSet{[Tag{name='availabilityZone', value='apse1-az1'}, Tag{name='cacheState', value='READY'}, Tag{name='diskState', value='READY'}, Tag{name='nodeType', value='ELECTABLE'}, Tag{name='provider', value='AWS'}, Tag{name='region', value='AP_SOUTHEAST_1'}, Tag{name='workloadType', value='OPERATIONAL'}]}, electionId=null, setVersion=65, topologyVersion=TopologyVersion{processId=6aa571ca69bd1640bfc04f00, counter=10}, lastWriteDate=Fri Sep 25 17:52:04 ICT 2026, lastUpdateTimeNanos=642854902932900}
2026-09-25T17:52:04.079+07:00  INFO 36788 --- [CNJ70 Ecommerce] [ngodb.net:27017] org.mongodb.driver.cluster               : Monitor thread successfully connected to server with description ServerDescription{address=ac-i3gkoj7-shard-00-02.2pu37z6.mongodb.net:27017, type=REPLICA_SET_PRIMARY, state=CONNECTED, ok=true, minWireVersion=0, maxWireVersion=25, maxDocumentSize=16777216, logicalSessionTimeoutMinutes=30, roundTripTimeNanos=176243800, setName='atlas-i9pmeb-shard-0', canonicalAddress=ac-i3gkoj7-shard-00-02.2pu37z6.mongodb.net:27017, hosts=[ac-i3gkoj7-shard-00-00.2pu37z6.mongodb.net:27017, ac-i3gkoj7-shard-00-01.2pu37z6.mongodb.net:27017, ac-i3gkoj7-shard-00-02.2pu37z6.mongodb.net:27017], passives=[], arbiters=[], primary='ac-i3gkoj7-shard-00-02.2pu37z6.mongodb.net:27017', tagSet=TagSet{[Tag{name='availabilityZone', value='apse1-az3'}, Tag{name='cacheState', value='READY'}, Tag{name='diskState', value='READY'}, Tag{name='nodeType', value='ELECTABLE'}, Tag{name='provider', value='AWS'}, Tag{name='region', value='AP_SOUTHEAST_1'}, Tag{name='workloadType', value='OPERATIONAL'}]}, electionId=7fffffff000000000000006b, setVersion=65, topologyVersion=TopologyVersion{processId=6aa57074fe73bbb10be7cb83, counter=12}, lastWriteDate=Fri Sep 25 17:52:04 ICT 2026, lastUpdateTimeNanos=642854926561500}
2026-09-25T17:52:04.079+07:00  INFO 36788 --- [CNJ70 Ecommerce] [ngodb.net:27017] org.mongodb.driver.cluster               : Discovered replica set primary ac-i3gkoj7-shard-00-02.2pu37z6.mongodb.net:27017 with max election id 7fffffff000000000000006b and max set version 65
2026-09-25T17:52:04.103+07:00  INFO 36788 --- [CNJ70 Ecommerce] [ngodb.net:27017] org.mongodb.driver.cluster               : Monitor thread successfully connected to server with description ServerDescription{address=ac-i3gkoj7-shard-00-01.2pu37z6.mongodb.net:27017, type=REPLICA_SET_SECONDARY, state=CONNECTED, ok=true, minWireVersion=0, maxWireVersion=25, maxDocumentSize=16777216, logicalSessionTimeoutMinutes=30, roundTripTimeNanos=167672000, setName='atlas-i9pmeb-shard-0', canonicalAddress=ac-i3gkoj7-shard-00-01.2pu37z6.mongodb.net:27017, hosts=[ac-i3gkoj7-shard-00-00.2pu37z6.mongodb.net:27017, ac-i3gkoj7-shard-00-01.2pu37z6.mongodb.net:27017, ac-i3gkoj7-shard-00-02.2pu37z6.mongodb.net:27017], passives=[], arbiters=[], primary='ac-i3gkoj7-shard-00-02.2pu37z6.mongodb.net:27017', tagSet=TagSet{[Tag{name='availabilityZone', value='apse1-az2'}, Tag{name='cacheState', value='READY'}, Tag{name='diskState', value='READY'}, Tag{name='nodeType', value='ELECTABLE'}, Tag{name='provider', value='AWS'}, Tag{name='region', value='AP_SOUTHEAST_1'}, Tag{name='workloadType', value='OPERATIONAL'}]}, electionId=null, setVersion=65, topologyVersion=TopologyVersion{processId=6aa573647c864f06dabc38b1, counter=9}, lastWriteDate=Fri Sep 25 17:52:04 ICT 2026, lastUpdateTimeNanos=642854947405900}
2026-09-25T17:52:04.726+07:00 DEBUG 36788 --- [CNJ70 Ecommerce] [  restartedMain] .m.c.i.MongoPersistentEntityIndexCreator : Analyzing class class com.ecommerce.cnj70.document.Banner for index information
2026-09-25T17:52:04.911+07:00 DEBUG 36788 --- [CNJ70 Ecommerce] [  restartedMain] .m.c.i.MongoPersistentEntityIndexCreator : Analyzing class class com.ecommerce.cnj70.document.ReportCase for index information
2026-09-25T17:52:05.448+07:00 DEBUG 36788 --- [CNJ70 Ecommerce] [  restartedMain] .m.c.i.MongoPersistentEntityIndexCreator : Analyzing class class com.ecommerce.cnj70.document.User for index information
2026-09-25T17:52:05.515+07:00 DEBUG 36788 --- [CNJ70 Ecommerce] [  restartedMain] .m.c.i.MongoPersistentEntityIndexCreator : Analyzing class class com.ecommerce.cnj70.document.ProductVariant for index information
2026-09-25T17:52:05.517+07:00 DEBUG 36788 --- [CNJ70 Ecommerce] [  restartedMain] .m.c.i.MongoPersistentEntityIndexCreator : Analyzing class class com.ecommerce.cnj70.document.Cart for index information
2026-09-25T17:52:05.579+07:00 DEBUG 36788 --- [CNJ70 Ecommerce] [  restartedMain] .m.c.i.MongoPersistentEntityIndexCreator : Analyzing class class com.ecommerce.cnj70.document.Order for index information
2026-09-25T17:52:05.648+07:00 DEBUG 36788 --- [CNJ70 Ecommerce] [  restartedMain] .m.c.i.MongoPersistentEntityIndexCreator : Analyzing class class com.ecommerce.cnj70.document.Product for index information
2026-09-25T17:52:05.793+07:00 DEBUG 36788 --- [CNJ70 Ecommerce] [  restartedMain] .m.c.i.MongoPersistentEntityIndexCreator : Analyzing class class com.ecommerce.cnj70.document.SchedulerIdempotencyRecord for index information
2026-09-25T17:52:06.227+07:00 DEBUG 36788 --- [CNJ70 Ecommerce] [  restartedMain] .m.c.i.MongoPersistentEntityIndexCreator : Analyzing class class com.ecommerce.cnj70.document.ModerationHistory for index information
2026-09-25T17:52:06.352+07:00 DEBUG 36788 --- [CNJ70 Ecommerce] [  restartedMain] .m.c.i.MongoPersistentEntityIndexCreator : Analyzing class class com.ecommerce.cnj70.document.Category for index information
2026-09-25T17:52:06.418+07:00 DEBUG 36788 --- [CNJ70 Ecommerce] [  restartedMain] .m.c.i.MongoPersistentEntityIndexCreator : Analyzing class class com.ecommerce.cnj70.document.Escalation for index information
2026-09-25T17:52:06.609+07:00 DEBUG 36788 --- [CNJ70 Ecommerce] [  restartedMain] .m.c.i.MongoPersistentEntityIndexCreator : Analyzing class class com.ecommerce.cnj70.document.ReturnRequest for index information
2026-09-25T17:52:06.985+07:00 DEBUG 36788 --- [CNJ70 Ecommerce] [  restartedMain] .m.c.i.MongoPersistentEntityIndexCreator : Analyzing class class com.ecommerce.cnj70.document.Review for index information
2026-09-25T17:52:07.239+07:00 DEBUG 36788 --- [CNJ70 Ecommerce] [  restartedMain] .m.c.i.MongoPersistentEntityIndexCreator : Analyzing class class com.ecommerce.cnj70.document.Order$SubOrderShipping for index information
2026-09-25T17:52:07.240+07:00 DEBUG 36788 --- [CNJ70 Ecommerce] [  restartedMain] .m.c.i.MongoPersistentEntityIndexCreator : Analyzing class class com.ecommerce.cnj70.document.AuditLogEntry for index information
2026-09-25T17:52:07.741+07:00 DEBUG 36788 --- [CNJ70 Ecommerce] [  restartedMain] .m.c.i.MongoPersistentEntityIndexCreator : Analyzing class class com.ecommerce.cnj70.document.Order$OrderItem for index information
2026-09-25T17:52:07.743+07:00 DEBUG 36788 --- [CNJ70 Ecommerce] [  restartedMain] .m.c.i.MongoPersistentEntityIndexCreator : Analyzing class class com.ecommerce.cnj70.document.Voucher for index information
2026-09-25T17:52:07.810+07:00 DEBUG 36788 --- [CNJ70 Ecommerce] [  restartedMain] .m.c.i.MongoPersistentEntityIndexCreator : Analyzing class class com.ecommerce.cnj70.document.Cart$CartItem for index information
2026-09-25T17:52:07.812+07:00 DEBUG 36788 --- [CNJ70 Ecommerce] [  restartedMain] .m.c.i.MongoPersistentEntityIndexCreator : Analyzing class class com.ecommerce.cnj70.document.KycProfile for index information
2026-09-25T17:52:07.878+07:00 DEBUG 36788 --- [CNJ70 Ecommerce] [  restartedMain] .m.c.i.MongoPersistentEntityIndexCreator : Analyzing class class com.ecommerce.cnj70.document.LegalDocument for index information
2026-09-25T17:52:07.942+07:00 DEBUG 36788 --- [CNJ70 Ecommerce] [  restartedMain] .m.c.i.MongoPersistentEntityIndexCreator : Analyzing class class com.ecommerce.cnj70.document.Shop for index information
2026-09-25T17:52:08.010+07:00 DEBUG 36788 --- [CNJ70 Ecommerce] [  restartedMain] .m.c.i.MongoPersistentEntityIndexCreator : Analyzing class class com.ecommerce.cnj70.document.Complaint for index information
2026-09-25T17:52:08.384+07:00 DEBUG 36788 --- [CNJ70 Ecommerce] [  restartedMain] .m.c.i.MongoPersistentEntityIndexCreator : Analyzing class class com.ecommerce.cnj70.document.ProductSpecification for index information
2026-09-25T17:52:08.385+07:00 DEBUG 36788 --- [CNJ70 Ecommerce] [  restartedMain] .m.c.i.MongoPersistentEntityIndexCreator : Analyzing class class com.ecommerce.cnj70.document.RefundRequest for index information
2026-09-25T17:52:08.859+07:00 DEBUG 36788 --- [CNJ70 Ecommerce] [  restartedMain] .m.c.i.MongoPersistentEntityIndexCreator : Analyzing class class com.ecommerce.cnj70.document.Violation for index information
2026-09-25T17:52:09.231+07:00 DEBUG 36788 --- [CNJ70 Ecommerce] [  restartedMain] c.e.c.security.JwtAuthenticationFilter   : Filter 'jwtAuthenticationFilter' configured for use
2026-09-25T17:52:09.241+07:00  INFO 36788 --- [CNJ70 Ecommerce] [  restartedMain] o.s.b.d.a.OptionalLiveReloadServer       : LiveReload server is running on port 35729
2026-09-25T17:52:09.483+07:00  INFO 36788 --- [CNJ70 Ecommerce] [  restartedMain] c.ecommerce.cnj70.config.DotenvConfig    : Loaded environment variables from .env file
2026-09-25T17:52:10.395+07:00  INFO 36788 --- [CNJ70 Ecommerce] [  restartedMain] com.ecommerce.cnj70.util.CryptoUtil      : ENCRYPTION_KEY resolved from JVM system property
2026-09-25T17:52:10.407+07:00  INFO 36788 --- [CNJ70 Ecommerce] [  restartedMain] e.c.s.i.NoopAutoModerationResultProvider : NoopAutoModerationResultProvider active — Auto Moderation backend not wired in. Phase 2A UI will display 'Auto Moderation Result: not available'.
2026-09-25T17:52:10.429+07:00  INFO 36788 --- [CNJ70 Ecommerce] [  restartedMain] c.e.c.s.impl.LoggingEscalationWriter     : LoggingEscalationWriter active — Phase 3A Admin Escalation consumer not wired in. Escalations will be persisted to the 'escalations' collection only (no Admin notification).
2026-09-25T17:52:10.440+07:00  INFO 36788 --- [CNJ70 Ecommerce] [  restartedMain] c.e.c.s.i.NoopVerifiedPurchaseGateway    : NoopVerifiedPurchaseGateway active — Verified Purchase integration not wired in. Phase 2B UI will display 'Verified Purchase: not available'.
2026-09-25T17:52:10.440+07:00  INFO 36788 --- [CNJ70 Ecommerce] [  restartedMain] c.e.c.s.impl.NoopReviewReportGateway     : NoopReviewReportGateway active — ReportCase backend not wired in. Phase 2B UI will display 'Report Count: not available'.
2026-09-25T17:52:10.444+07:00  INFO 36788 --- [CNJ70 Ecommerce] [  restartedMain] c.s.i.NoopReviewViolationContextProvider : NoopReviewViolationContextProvider active — Review Violation backend not wired in. Phase 2B UI will display 'Auto Moderation Result: not available'.
2026-09-25T17:52:10.821+07:00  INFO 36788 --- [CNJ70 Ecommerce] [  restartedMain] o.s.s.web.DefaultSecurityFilterChain     : Will secure any request with [org.springframework.security.web.session.DisableEncodeUrlFilter@3d043a72, org.springframework.security.web.context.request.async.WebAsyncManagerIntegrationFilter@44e1efc7, org.springframework.security.web.context.SecurityContextHolderFilter@5fc6bf52, org.springframework.security.web.header.HeaderWriterFilter@38282980, org.springframework.web.filter.CorsFilter@4ddcf3bb, org.springframework.security.web.authentication.logout.LogoutFilter@d2e965b, com.ecommerce.cnj70.security.JwtAuthenticationFilter@198f50e2, org.springframework.security.web.savedrequest.RequestCacheAwareFilter@5c793e00, org.springframework.security.web.servletapi.SecurityContextHolderAwareRequestFilter@25647826, org.springframework.security.web.authentication.AnonymousAuthenticationFilter@5da80036, org.springframework.security.web.session.SessionManagementFilter@4d01ebe8, org.springframework.security.web.access.ExceptionTranslationFilter@4508d69c, org.springframework.security.web.access.intercept.AuthorizationFilter@1e91dea8]
2026-09-25T17:52:10.992+07:00  INFO 36788 --- [CNJ70 Ecommerce] [  restartedMain] o.s.b.w.embedded.tomcat.TomcatWebServer  : Tomcat started on port 8081 (http) with context path ''
2026-09-25T17:52:10.997+07:00  INFO 36788 --- [CNJ70 Ecommerce] [  restartedMain] c.e.cnj70.Cnj70EcommerceApplication      : Started Cnj70EcommerceApplication in 8.407 seconds (process running for 643.738)
2026-09-25T17:52:10.997+07:00 DEBUG 36788 --- [CNJ70 Ecommerce] [  restartedMain] o.s.data.mongodb.core.MongoTemplate      : Executing count: {} in collection: legal_documents
2026-09-25T17:52:11.048+07:00  INFO 36788 --- [CNJ70 Ecommerce] [  restartedMain] c.e.cnj70.config.LegalDocumentSeeder     : [LegalDocumentSeeder] Legal documents already exist, skipping
2026-09-25T17:52:11.048+07:00 DEBUG 36788 --- [CNJ70 Ecommerce] [  restartedMain] o.s.data.mongodb.core.MongoTemplate      : find using query: {} fields: Document{{}} for class: class com.ecommerce.cnj70.document.Product in collection: products
2026-09-25T17:52:11.170+07:00 DEBUG 36788 --- [CNJ70 Ecommerce] [  restartedMain] o.s.data.mongodb.core.MongoTemplate      : Saving Document containing fields: [_id, shopId, shopName, name, description, price, stock, specifications, variants, status, moderationStatus, moderationActorId, moderationReason, moderationAt, rating, reviewCount, sold, createdAt, updatedAt, _class]
2026-09-25T17:52:11.226+07:00 DEBUG 36788 --- [CNJ70 Ecommerce] [  restartedMain] o.s.data.mongodb.core.MongoTemplate      : Saving Document containing fields: [_id, shopId, shopName, name, description, price, stock, specifications, variants, status, moderationStatus, moderationActorId, moderationAt, rating, reviewCount, sold, createdAt, updatedAt, _class]
2026-09-25T17:52:11.277+07:00 DEBUG 36788 --- [CNJ70 Ecommerce] [  restartedMain] o.s.data.mongodb.core.MongoTemplate      : Saving Document containing fields: [_id, shopId, shopName, name, description, price, stock, specifications, variants, status, moderationStatus, rating, reviewCount, sold, createdAt, updatedAt, _class]
2026-09-25T17:52:11.328+07:00  INFO 36788 --- [CNJ70 Ecommerce] [  restartedMain] c.e.cnj70.config.SoldCountSeeder         : Đã seed số 'Đã bán' cho 3 sản phẩm.
2026-09-25T17:52:11.328+07:00  INFO 36788 --- [CNJ70 Ecommerce] [  restartedMain] .ConditionEvaluationDeltaLoggingListener : Condition evaluation unchanged
2026-09-25T17:52:19.289+07:00  INFO 36788 --- [CNJ70 Ecommerce] [nio-8081-exec-1] o.a.c.c.C.[Tomcat-1].[localhost].[/]     : Initializing Spring DispatcherServlet 'dispatcherServlet'
2026-09-25T17:52:19.289+07:00  INFO 36788 --- [CNJ70 Ecommerce] [nio-8081-exec-1] o.s.web.servlet.DispatcherServlet        : Initializing Servlet 'dispatcherServlet'
2026-09-25T17:52:19.292+07:00  INFO 36788 --- [CNJ70 Ecommerce] [nio-8081-exec-1] o.s.web.servlet.DispatcherServlet        : Completed initialization in 3 ms
2026-09-25T17:52:19.293+07:00 DEBUG 36788 --- [CNJ70 Ecommerce] [nio-8081-exec-1] o.s.security.web.FilterChainProxy        : Securing GET /admin/violations
2026-09-25T17:52:19.305+07:00 DEBUG 36788 --- [CNJ70 Ecommerce] [nio-8081-exec-1] o.s.d.m.r.query.MongoQueryCreator        : Created query Query: { "email" : "admin2@gmail.com"}, Fields: {}, Sort: {}
2026-09-25T17:52:19.306+07:00 DEBUG 36788 --- [CNJ70 Ecommerce] [nio-8081-exec-1] o.s.data.mongodb.core.MongoTemplate      : find using query: { "email" : "admin2@gmail.com"} fields: Document{{}} for class: class com.ecommerce.cnj70.document.User in collection: users
2026-09-25T17:52:19.363+07:00 DEBUG 36788 --- [CNJ70 Ecommerce] [nio-8081-exec-1] .s.ChangeSessionIdAuthenticationStrategy : Changed session id from 63397B22C9D97989E5428C41F7CC9316
2026-09-25T17:52:19.364+07:00  WARN 36788 --- [CNJ70 Ecommerce] [nio-8081-exec-1] o.s.w.s.h.HandlerMappingIntrospector     : Cache miss for REQUEST dispatch to '/admin/violations' (previous null). Performing MatchableHandlerMapping lookup. This is logged once only at WARN level, and every time at TRACE.
2026-09-25T17:52:19.367+07:00 DEBUG 36788 --- [CNJ70 Ecommerce] [nio-8081-exec-1] o.s.security.web.FilterChainProxy        : Secured GET /admin/violations
2026-09-25T17:52:19.371+07:00 DEBUG 36788 --- [CNJ70 Ecommerce] [nio-8081-exec-1] o.s.d.m.r.query.MongoQueryCreator        : Created query Query: { "email" : "admin2@gmail.com"}, Fields: {}, Sort: {}
2026-09-25T17:52:19.371+07:00 DEBUG 36788 --- [CNJ70 Ecommerce] [nio-8081-exec-1] o.s.data.mongodb.core.MongoTemplate      : find using query: { "email" : "admin2@gmail.com"} fields: Document{{}} for class: class com.ecommerce.cnj70.document.User in collection: users
2026-09-25T17:52:19.419+07:00 DEBUG 36788 --- [CNJ70 Ecommerce] [nio-8081-exec-1] o.s.data.mongodb.core.MongoTemplate      : find using query: {} fields: Document{{}} for class: class com.ecommerce.cnj70.document.Voucher in collection: vouchers
2026-09-25T17:52:19.483+07:00 DEBUG 36788 --- [CNJ70 Ecommerce] [nio-8081-exec-1] o.s.data.mongodb.core.MongoTemplate      : Executing count: {} in collection: violations
2026-09-25T17:52:19.531+07:00 DEBUG 36788 --- [CNJ70 Ecommerce] [nio-8081-exec-1] o.s.data.mongodb.core.MongoTemplate      : find using query: {} fields: Document{{}} for class: class com.ecommerce.cnj70.document.Violation in collection: violations
2026-09-25T17:52:19.675+07:00 DEBUG 36788 --- [CNJ70 Ecommerce] [nio-8081-exec-2] o.s.security.web.FilterChainProxy        : Securing GET /css/dashboard.css
2026-09-25T17:52:19.676+07:00 DEBUG 36788 --- [CNJ70 Ecommerce] [nio-8081-exec-3] o.s.security.web.FilterChainProxy        : Securing GET /css/admin-dashboard.css
2026-09-25T17:52:19.676+07:00 DEBUG 36788 --- [CNJ70 Ecommerce] [nio-8081-exec-4] o.s.security.web.FilterChainProxy        : Securing GET /css/foundation/index.css
2026-09-25T17:52:19.677+07:00 DEBUG 36788 --- [CNJ70 Ecommerce] [nio-8081-exec-5] o.s.security.web.FilterChainProxy        : Securing GET /css/admin-ui.css
2026-09-25T17:52:19.677+07:00 DEBUG 36788 --- [CNJ70 Ecommerce] [nio-8081-exec-3] o.s.d.m.r.query.MongoQueryCreator        : Created query Query: { "email" : "admin2@gmail.com"}, Fields: {}, Sort: {}
2026-09-25T17:52:19.677+07:00 DEBUG 36788 --- [CNJ70 Ecommerce] [nio-8081-exec-2] o.s.d.m.r.query.MongoQueryCreator        : Created query Query: { "email" : "admin2@gmail.com"}, Fields: {}, Sort: {}
2026-09-25T17:52:19.677+07:00 DEBUG 36788 --- [CNJ70 Ecommerce] [nio-8081-exec-4] o.s.d.m.r.query.MongoQueryCreator        : Created query Query: { "email" : "admin2@gmail.com"}, Fields: {}, Sort: {}
2026-09-25T17:52:19.677+07:00 DEBUG 36788 --- [CNJ70 Ecommerce] [nio-8081-exec-5] o.s.d.m.r.query.MongoQueryCreator        : Created query Query: { "email" : "admin2@gmail.com"}, Fields: {}, Sort: {}
2026-09-25T17:52:19.677+07:00 DEBUG 36788 --- [CNJ70 Ecommerce] [nio-8081-exec-3] o.s.data.mongodb.core.MongoTemplate      : find using query: { "email" : "admin2@gmail.com"} fields: Document{{}} for class: class com.ecommerce.cnj70.document.User in collection: users
2026-09-25T17:52:19.677+07:00 DEBUG 36788 --- [CNJ70 Ecommerce] [nio-8081-exec-5] o.s.data.mongodb.core.MongoTemplate      : find using query: { "email" : "admin2@gmail.com"} fields: Document{{}} for class: class com.ecommerce.cnj70.document.User in collection: users
2026-09-25T17:52:19.677+07:00 DEBUG 36788 --- [CNJ70 Ecommerce] [nio-8081-exec-2] o.s.data.mongodb.core.MongoTemplate      : find using query: { "email" : "admin2@gmail.com"} fields: Document{{}} for class: class com.ecommerce.cnj70.document.User in collection: users
2026-09-25T17:52:19.677+07:00 DEBUG 36788 --- [CNJ70 Ecommerce] [nio-8081-exec-4] o.s.data.mongodb.core.MongoTemplate      : find using query: { "email" : "admin2@gmail.com"} fields: Document{{}} for class: class com.ecommerce.cnj70.document.User in collection: users
2026-09-25T17:52:19.730+07:00 DEBUG 36788 --- [CNJ70 Ecommerce] [nio-8081-exec-3] .s.ChangeSessionIdAuthenticationStrategy : Changed session id from 8800ECF14F8EBBD6DB0841A844E03DB7
2026-09-25T17:52:19.733+07:00 DEBUG 36788 --- [CNJ70 Ecommerce] [nio-8081-exec-3] o.s.security.web.FilterChainProxy        : Secured GET /css/admin-dashboard.css
2026-09-25T17:52:19.782+07:00 DEBUG 36788 --- [CNJ70 Ecommerce] [nio-8081-exec-4] o.s.security.web.FilterChainProxy        : Secured GET /css/foundation/index.css
2026-09-25T17:52:19.791+07:00 DEBUG 36788 --- [CNJ70 Ecommerce] [nio-8081-exec-7] o.s.security.web.FilterChainProxy        : Securing GET /css/foundation/base.css
2026-09-25T17:52:19.791+07:00 DEBUG 36788 --- [CNJ70 Ecommerce] [nio-8081-exec-8] o.s.security.web.FilterChainProxy        : Securing GET /css/foundation/components.css
2026-09-25T17:52:19.791+07:00 DEBUG 36788 --- [CNJ70 Ecommerce] [nio-8081-exec-6] o.s.security.web.FilterChainProxy        : Securing GET /css/foundation/tokens.css
2026-09-25T17:52:19.792+07:00 DEBUG 36788 --- [CNJ70 Ecommerce] [nio-8081-exec-9] o.s.security.web.FilterChainProxy        : Securing GET /css/foundation/layout.css
2026-09-25T17:52:19.794+07:00 DEBUG 36788 --- [CNJ70 Ecommerce] [nio-8081-exec-7] o.s.d.m.r.query.MongoQueryCreator        : Created query Query: { "email" : "admin2@gmail.com"}, Fields: {}, Sort: {}
2026-09-25T17:52:19.794+07:00 DEBUG 36788 --- [CNJ70 Ecommerce] [nio-8081-exec-6] o.s.d.m.r.query.MongoQueryCreator        : Created query Query: { "email" : "admin2@gmail.com"}, Fields: {}, Sort: {}
2026-09-25T17:52:19.794+07:00 DEBUG 36788 --- [CNJ70 Ecommerce] [nio-8081-exec-8] o.s.d.m.r.query.MongoQueryCreator        : Created query Query: { "email" : "admin2@gmail.com"}, Fields: {}, Sort: {}
2026-09-25T17:52:19.794+07:00 DEBUG 36788 --- [CNJ70 Ecommerce] [nio-8081-exec-9] o.s.d.m.r.query.MongoQueryCreator        : Created query Query: { "email" : "admin2@gmail.com"}, Fields: {}, Sort: {}
2026-09-25T17:52:19.794+07:00 DEBUG 36788 --- [CNJ70 Ecommerce] [nio-8081-exec-7] o.s.data.mongodb.core.MongoTemplate      : find using query: { "email" : "admin2@gmail.com"} fields: Document{{}} for class: class com.ecommerce.cnj70.document.User in collection: users
2026-09-25T17:52:19.794+07:00 DEBUG 36788 --- [CNJ70 Ecommerce] [nio-8081-exec-9] o.s.data.mongodb.core.MongoTemplate      : find using query: { "email" : "admin2@gmail.com"} fields: Document{{}} for class: class com.ecommerce.cnj70.document.User in collection: users
2026-09-25T17:52:19.794+07:00 DEBUG 36788 --- [CNJ70 Ecommerce] [nio-8081-exec-6] o.s.data.mongodb.core.MongoTemplate      : find using query: { "email" : "admin2@gmail.com"} fields: Document{{}} for class: class com.ecommerce.cnj70.document.User in collection: users
2026-09-25T17:52:19.794+07:00 DEBUG 36788 --- [CNJ70 Ecommerce] [nio-8081-exec-8] o.s.data.mongodb.core.MongoTemplate      : find using query: { "email" : "admin2@gmail.com"} fields: Document{{}} for class: class com.ecommerce.cnj70.document.User in collection: users
2026-09-25T17:52:19.843+07:00 DEBUG 36788 --- [CNJ70 Ecommerce] [nio-8081-exec-7] .s.ChangeSessionIdAuthenticationStrategy : Changed session id from 4672DF52DF5E5EE96886DD2D96258609
2026-09-25T17:52:19.847+07:00 DEBUG 36788 --- [CNJ70 Ecommerce] [nio-8081-exec-7] o.s.security.web.FilterChainProxy        : Secured GET /css/foundation/base.css
2026-09-25T17:52:19.853+07:00 DEBUG 36788 --- [CNJ70 Ecommerce] [io-8081-exec-10] o.s.security.web.FilterChainProxy        : Securing GET /css/foundation/responsive.css
2026-09-25T17:52:19.857+07:00 DEBUG 36788 --- [CNJ70 Ecommerce] [io-8081-exec-10] o.s.d.m.r.query.MongoQueryCreator        : Created query Query: { "email" : "admin2@gmail.com"}, Fields: {}, Sort: {}
2026-09-25T17:52:19.858+07:00 DEBUG 36788 --- [CNJ70 Ecommerce] [io-8081-exec-10] o.s.data.mongodb.core.MongoTemplate      : find using query: { "email" : "admin2@gmail.com"} fields: Document{{}} for class: class com.ecommerce.cnj70.document.User in collection: users
2026-09-25T17:52:19.898+07:00 DEBUG 36788 --- [CNJ70 Ecommerce] [nio-8081-exec-9] o.s.security.web.FilterChainProxy        : Secured GET /css/foundation/layout.css
2026-09-25T17:52:19.904+07:00 DEBUG 36788 --- [CNJ70 Ecommerce] [nio-8081-exec-1] o.s.security.web.FilterChainProxy        : Securing GET /css/foundation/accessibility.css
2026-09-25T17:52:19.912+07:00 DEBUG 36788 --- [CNJ70 Ecommerce] [nio-8081-exec-1] o.s.d.m.r.query.MongoQueryCreator        : Created query Query: { "email" : "admin2@gmail.com"}, Fields: {}, Sort: {}
2026-09-25T17:52:19.914+07:00 DEBUG 36788 --- [CNJ70 Ecommerce] [nio-8081-exec-1] o.s.data.mongodb.core.MongoTemplate      : find using query: { "email" : "admin2@gmail.com"} fields: Document{{}} for class: class com.ecommerce.cnj70.document.User in collection: users
2026-09-25T17:52:19.957+07:00 DEBUG 36788 --- [CNJ70 Ecommerce] [nio-8081-exec-6] o.s.security.web.FilterChainProxy        : Secured GET /css/foundation/tokens.css
2026-09-25T17:52:19.990+07:00 DEBUG 36788 --- [CNJ70 Ecommerce] [nio-8081-exec-8] o.s.security.web.FilterChainProxy        : Secured GET /css/foundation/components.css
2026-09-25T17:52:20.009+07:00 DEBUG 36788 --- [CNJ70 Ecommerce] [nio-8081-exec-2] o.s.security.web.FilterChainProxy        : Secured GET /css/dashboard.css
2026-09-25T17:52:20.037+07:00 DEBUG 36788 --- [CNJ70 Ecommerce] [nio-8081-exec-1] o.s.security.web.FilterChainProxy        : Secured GET /css/foundation/accessibility.css
2026-09-25T17:52:20.064+07:00 DEBUG 36788 --- [CNJ70 Ecommerce] [nio-8081-exec-5] o.s.security.web.FilterChainProxy        : Secured GET /css/admin-ui.css
2026-09-25T17:52:20.350+07:00 DEBUG 36788 --- [CNJ70 Ecommerce] [io-8081-exec-10] o.s.security.web.FilterChainProxy        : Secured GET /css/foundation/responsive.css
2026-09-25T17:52:27.737+07:00 DEBUG 36788 --- [CNJ70 Ecommerce] [nio-8081-exec-3] o.s.security.web.FilterChainProxy        : Securing GET /admin/violations/6ab61d7259fb2a46a9b1163b?page=0&size=10&shopId=&severity=&type=
2026-09-25T17:52:27.743+07:00 DEBUG 36788 --- [CNJ70 Ecommerce] [nio-8081-exec-3] o.s.d.m.r.query.MongoQueryCreator        : Created query Query: { "email" : "admin2@gmail.com"}, Fields: {}, Sort: {}
2026-09-25T17:52:27.744+07:00 DEBUG 36788 --- [CNJ70 Ecommerce] [nio-8081-exec-3] o.s.data.mongodb.core.MongoTemplate      : find using query: { "email" : "admin2@gmail.com"} fields: Document{{}} for class: class com.ecommerce.cnj70.document.User in collection: users
2026-09-25T17:52:27.805+07:00 DEBUG 36788 --- [CNJ70 Ecommerce] [nio-8081-exec-3] .s.ChangeSessionIdAuthenticationStrategy : Changed session id from 0D3AE78399F2964CAEA2EB3061C84E44
2026-09-25T17:52:27.813+07:00 DEBUG 36788 --- [CNJ70 Ecommerce] [nio-8081-exec-3] o.s.security.web.FilterChainProxy        : Secured GET /admin/violations/6ab61d7259fb2a46a9b1163b?page=0&size=10&shopId=&severity=&type=
2026-09-25T17:52:27.816+07:00 DEBUG 36788 --- [CNJ70 Ecommerce] [nio-8081-exec-3] o.s.d.m.r.query.MongoQueryCreator        : Created query Query: { "email" : "admin2@gmail.com"}, Fields: {}, Sort: {}
2026-09-25T17:52:27.816+07:00 DEBUG 36788 --- [CNJ70 Ecommerce] [nio-8081-exec-3] o.s.data.mongodb.core.MongoTemplate      : find using query: { "email" : "admin2@gmail.com"} fields: Document{{}} for class: class com.ecommerce.cnj70.document.User in collection: users
2026-09-25T17:52:27.877+07:00 DEBUG 36788 --- [CNJ70 Ecommerce] [nio-8081-exec-3] o.s.data.mongodb.core.MongoTemplate      : find using query: {} fields: Document{{}} for class: class com.ecommerce.cnj70.document.Voucher in collection: vouchers
2026-09-25T17:52:28.066+07:00 DEBUG 36788 --- [CNJ70 Ecommerce] [nio-8081-exec-3] o.s.data.mongodb.core.MongoTemplate      : findOne using query: { "id" : "6a86ac30add146680e49cf64"} fields: Document{{}} for class: class com.ecommerce.cnj70.document.Shop in collection: shops
2026-09-25T17:52:28.173+07:00 ERROR 36788 --- [CNJ70 Ecommerce] [nio-8081-exec-3] org.thymeleaf.TemplateEngine             : [THYMELEAF][http-nio-8081-exec-3] Exception processing template "admin/violation-detail": An error happened during template parsing (template: "class path resource [templates/admin/violation-detail.html]")

org.thymeleaf.exceptions.TemplateInputException: An error happened during template parsing (template: "class path resource [templates/admin/violation-detail.html]")
	at org.thymeleaf.templateparser.markup.AbstractMarkupTemplateParser.parse(AbstractMarkupTemplateParser.java:241) ~[thymeleaf-3.1.2.RELEASE.jar:3.1.2.RELEASE]
	at org.thymeleaf.templateparser.markup.AbstractMarkupTemplateParser.parseStandalone(AbstractMarkupTemplateParser.java:100) ~[thymeleaf-3.1.2.RELEASE.jar:3.1.2.RELEASE]
	at org.thymeleaf.engine.TemplateManager.parseAndProcess(TemplateManager.java:666) ~[thymeleaf-3.1.2.RELEASE.jar:3.1.2.RELEASE]
	at org.thymeleaf.TemplateEngine.process(TemplateEngine.java:1103) ~[thymeleaf-3.1.2.RELEASE.jar:3.1.2.RELEASE]
	at org.thymeleaf.TemplateEngine.process(TemplateEngine.java:1077) ~[thymeleaf-3.1.2.RELEASE.jar:3.1.2.RELEASE]
	at org.thymeleaf.spring6.view.ThymeleafView.renderFragment(ThymeleafView.java:372) ~[thymeleaf-spring6-3.1.2.RELEASE.jar:3.1.2.RELEASE]
	at org.thymeleaf.spring6.view.ThymeleafView.render(ThymeleafView.java:192) ~[thymeleaf-spring6-3.1.2.RELEASE.jar:3.1.2.RELEASE]
	at org.springframework.web.servlet.DispatcherServlet.render(DispatcherServlet.java:1431) ~[spring-webmvc-6.1.1.jar:6.1.1]
	at org.springframework.web.servlet.DispatcherServlet.processDispatchResult(DispatcherServlet.java:1167) ~[spring-webmvc-6.1.1.jar:6.1.1]
	at org.springframework.web.servlet.DispatcherServlet.doDispatch(DispatcherServlet.java:1106) ~[spring-webmvc-6.1.1.jar:6.1.1]
	at org.springframework.web.servlet.DispatcherServlet.doService(DispatcherServlet.java:979) ~[spring-webmvc-6.1.1.jar:6.1.1]
	at org.springframework.web.servlet.FrameworkServlet.processRequest(FrameworkServlet.java:1014) ~[spring-webmvc-6.1.1.jar:6.1.1]
	at org.springframework.web.servlet.FrameworkServlet.doGet(FrameworkServlet.java:903) ~[spring-webmvc-6.1.1.jar:6.1.1]
	at jakarta.servlet.http.HttpServlet.service(HttpServlet.java:564) ~[tomcat-embed-core-10.1.16.jar:6.0]
	at org.springframework.web.servlet.FrameworkServlet.service(FrameworkServlet.java:885) ~[spring-webmvc-6.1.1.jar:6.1.1]
	at jakarta.servlet.http.HttpServlet.service(HttpServlet.java:658) ~[tomcat-embed-core-10.1.16.jar:6.0]
	at org.apache.catalina.core.ApplicationFilterChain.internalDoFilter(ApplicationFilterChain.java:205) ~[tomcat-embed-core-10.1.16.jar:10.1.16]
	at org.apache.catalina.core.ApplicationFilterChain.doFilter(ApplicationFilterChain.java:149) ~[tomcat-embed-core-10.1.16.jar:10.1.16]
	at org.apache.tomcat.websocket.server.WsFilter.doFilter(WsFilter.java:51) ~[tomcat-embed-websocket-10.1.16.jar:10.1.16]
	at org.apache.catalina.core.ApplicationFilterChain.internalDoFilter(ApplicationFilterChain.java:174) ~[tomcat-embed-core-10.1.16.jar:10.1.16]
	at org.apache.catalina.core.ApplicationFilterChain.doFilter(ApplicationFilterChain.java:149) ~[tomcat-embed-core-10.1.16.jar:10.1.16]
	at org.springframework.web.filter.OncePerRequestFilter.doFilter(OncePerRequestFilter.java:110) ~[spring-web-6.1.1.jar:6.1.1]
	at org.apache.catalina.core.ApplicationFilterChain.internalDoFilter(ApplicationFilterChain.java:174) ~[tomcat-embed-core-10.1.16.jar:10.1.16]
	at org.apache.catalina.core.ApplicationFilterChain.doFilter(ApplicationFilterChain.java:149) ~[tomcat-embed-core-10.1.16.jar:10.1.16]
	at org.springframework.security.web.FilterChainProxy.lambda$doFilterInternal$3(FilterChainProxy.java:231) ~[spring-security-web-6.2.0.jar:6.2.0]
	at org.springframework.security.web.FilterChainProxy$VirtualFilterChain.doFilter(FilterChainProxy.java:365) ~[spring-security-web-6.2.0.jar:6.2.0]
	at org.springframework.security.web.access.intercept.AuthorizationFilter.doFilter(AuthorizationFilter.java:100) ~[spring-security-web-6.2.0.jar:6.2.0]
	at org.springframework.security.web.FilterChainProxy$VirtualFilterChain.doFilter(FilterChainProxy.java:374) ~[spring-security-web-6.2.0.jar:6.2.0]
	at org.springframework.security.web.access.ExceptionTranslationFilter.doFilter(ExceptionTranslationFilter.java:126) ~[spring-security-web-6.2.0.jar:6.2.0]
	at org.springframework.security.web.access.ExceptionTranslationFilter.doFilter(ExceptionTranslationFilter.java:120) ~[spring-security-web-6.2.0.jar:6.2.0]
	at org.springframework.security.web.FilterChainProxy$VirtualFilterChain.doFilter(FilterChainProxy.java:374) ~[spring-security-web-6.2.0.jar:6.2.0]
	at org.springframework.security.web.session.SessionManagementFilter.doFilter(SessionManagementFilter.java:131) ~[spring-security-web-6.2.0.jar:6.2.0]
	at org.springframework.security.web.session.SessionManagementFilter.doFilter(SessionManagementFilter.java:85) ~[spring-security-web-6.2.0.jar:6.2.0]
	at org.springframework.security.web.FilterChainProxy$VirtualFilterChain.doFilter(FilterChainProxy.java:374) ~[spring-security-web-6.2.0.jar:6.2.0]
	at org.springframework.security.web.authentication.AnonymousAuthenticationFilter.doFilter(AnonymousAuthenticationFilter.java:100) ~[spring-security-web-6.2.0.jar:6.2.0]
	at org.springframework.security.web.FilterChainProxy$VirtualFilterChain.doFilter(FilterChainProxy.java:374) ~[spring-security-web-6.2.0.jar:6.2.0]
	at org.springframework.security.web.servletapi.SecurityContextHolderAwareRequestFilter.doFilter(SecurityContextHolderAwareRequestFilter.java:179) ~[spring-security-web-6.2.0.jar:6.2.0]
	at org.springframework.security.web.FilterChainProxy$VirtualFilterChain.doFilter(FilterChainProxy.java:374) ~[spring-security-web-6.2.0.jar:6.2.0]
	at org.springframework.security.web.savedrequest.RequestCacheAwareFilter.doFilter(RequestCacheAwareFilter.java:63) ~[spring-security-web-6.2.0.jar:6.2.0]
	at org.springframework.security.web.FilterChainProxy$VirtualFilterChain.doFilter(FilterChainProxy.java:374) ~[spring-security-web-6.2.0.jar:6.2.0]
	at com.ecommerce.cnj70.security.JwtAuthenticationFilter.doFilterInternal(JwtAuthenticationFilter.java:70) ~[classes/:na]
	at org.springframework.web.filter.OncePerRequestFilter.doFilter(OncePerRequestFilter.java:116) ~[spring-web-6.1.1.jar:6.1.1]
	at org.springframework.security.web.FilterChainProxy$VirtualFilterChain.doFilter(FilterChainProxy.java:374) ~[spring-security-web-6.2.0.jar:6.2.0]
	at org.springframework.security.web.authentication.logout.LogoutFilter.doFilter(LogoutFilter.java:107) ~[spring-security-web-6.2.0.jar:6.2.0]
	at org.springframework.security.web.authentication.logout.LogoutFilter.doFilter(LogoutFilter.java:93) ~[spring-security-web-6.2.0.jar:6.2.0]
	at org.springframework.security.web.FilterChainProxy$VirtualFilterChain.doFilter(FilterChainProxy.java:374) ~[spring-security-web-6.2.0.jar:6.2.0]
	at org.springframework.web.filter.CorsFilter.doFilterInternal(CorsFilter.java:91) ~[spring-web-6.1.1.jar:6.1.1]
	at org.springframework.web.filter.OncePerRequestFilter.doFilter(OncePerRequestFilter.java:116) ~[spring-web-6.1.1.jar:6.1.1]
	at org.springframework.security.web.FilterChainProxy$VirtualFilterChain.doFilter(FilterChainProxy.java:374) ~[spring-security-web-6.2.0.jar:6.2.0]
	at org.springframework.security.web.header.HeaderWriterFilter.doHeadersAfter(HeaderWriterFilter.java:90) ~[spring-security-web-6.2.0.jar:6.2.0]
	at org.springframework.security.web.header.HeaderWriterFilter.doFilterInternal(HeaderWriterFilter.java:75) ~[spring-security-web-6.2.0.jar:6.2.0]
	at org.springframework.web.filter.OncePerRequestFilter.doFilter(OncePerRequestFilter.java:116) ~[spring-web-6.1.1.jar:6.1.1]
	at org.springframework.security.web.FilterChainProxy$VirtualFilterChain.doFilter(FilterChainProxy.java:374) ~[spring-security-web-6.2.0.jar:6.2.0]
	at org.springframework.security.web.context.SecurityContextHolderFilter.doFilter(SecurityContextHolderFilter.java:82) ~[spring-security-web-6.2.0.jar:6.2.0]
	at org.springframework.security.web.context.SecurityContextHolderFilter.doFilter(SecurityContextHolderFilter.java:69) ~[spring-security-web-6.2.0.jar:6.2.0]
	at org.springframework.security.web.FilterChainProxy$VirtualFilterChain.doFilter(FilterChainProxy.java:374) ~[spring-security-web-6.2.0.jar:6.2.0]
	at org.springframework.security.web.context.request.async.WebAsyncManagerIntegrationFilter.doFilterInternal(WebAsyncManagerIntegrationFilter.java:62) ~[spring-security-web-6.2.0.jar:6.2.0]
	at org.springframework.web.filter.OncePerRequestFilter.doFilter(OncePerRequestFilter.java:116) ~[spring-web-6.1.1.jar:6.1.1]
	at org.springframework.security.web.FilterChainProxy$VirtualFilterChain.doFilter(FilterChainProxy.java:374) ~[spring-security-web-6.2.0.jar:6.2.0]
	at org.springframework.security.web.session.DisableEncodeUrlFilter.doFilterInternal(DisableEncodeUrlFilter.java:42) ~[spring-security-web-6.2.0.jar:6.2.0]
	at org.springframework.web.filter.OncePerRequestFilter.doFilter(OncePerRequestFilter.java:116) ~[spring-web-6.1.1.jar:6.1.1]
	at org.springframework.security.web.FilterChainProxy$VirtualFilterChain.doFilter(FilterChainProxy.java:374) ~[spring-security-web-6.2.0.jar:6.2.0]
	at org.springframework.security.web.FilterChainProxy.doFilterInternal(FilterChainProxy.java:233) ~[spring-security-web-6.2.0.jar:6.2.0]
	at org.springframework.security.web.FilterChainProxy.doFilter(FilterChainProxy.java:191) ~[spring-security-web-6.2.0.jar:6.2.0]
	at org.springframework.web.filter.DelegatingFilterProxy.invokeDelegate(DelegatingFilterProxy.java:352) ~[spring-web-6.1.1.jar:6.1.1]
	at org.springframework.web.filter.DelegatingFilterProxy.doFilter(DelegatingFilterProxy.java:268) ~[spring-web-6.1.1.jar:6.1.1]
	at org.apache.catalina.core.ApplicationFilterChain.internalDoFilter(ApplicationFilterChain.java:174) ~[tomcat-embed-core-10.1.16.jar:10.1.16]
	at org.apache.catalina.core.ApplicationFilterChain.doFilter(ApplicationFilterChain.java:149) ~[tomcat-embed-core-10.1.16.jar:10.1.16]
	at org.springframework.web.filter.RequestContextFilter.doFilterInternal(RequestContextFilter.java:100) ~[spring-web-6.1.1.jar:6.1.1]
	at org.springframework.web.filter.OncePerRequestFilter.doFilter(OncePerRequestFilter.java:116) ~[spring-web-6.1.1.jar:6.1.1]
	at org.apache.catalina.core.ApplicationFilterChain.internalDoFilter(ApplicationFilterChain.java:174) ~[tomcat-embed-core-10.1.16.jar:10.1.16]
	at org.apache.catalina.core.ApplicationFilterChain.doFilter(ApplicationFilterChain.java:149) ~[tomcat-embed-core-10.1.16.jar:10.1.16]
	at org.springframework.web.filter.FormContentFilter.doFilterInternal(FormContentFilter.java:93) ~[spring-web-6.1.1.jar:6.1.1]
	at org.springframework.web.filter.OncePerRequestFilter.doFilter(OncePerRequestFilter.java:116) ~[spring-web-6.1.1.jar:6.1.1]
	at org.apache.catalina.core.ApplicationFilterChain.internalDoFilter(ApplicationFilterChain.java:174) ~[tomcat-embed-core-10.1.16.jar:10.1.16]
	at org.apache.catalina.core.ApplicationFilterChain.doFilter(ApplicationFilterChain.java:149) ~[tomcat-embed-core-10.1.16.jar:10.1.16]
	at org.springframework.web.filter.CharacterEncodingFilter.doFilterInternal(CharacterEncodingFilter.java:201) ~[spring-web-6.1.1.jar:6.1.1]
	at org.springframework.web.filter.OncePerRequestFilter.doFilter(OncePerRequestFilter.java:116) ~[spring-web-6.1.1.jar:6.1.1]
	at org.apache.catalina.core.ApplicationFilterChain.internalDoFilter(ApplicationFilterChain.java:174) ~[tomcat-embed-core-10.1.16.jar:10.1.16]
	at org.apache.catalina.core.ApplicationFilterChain.doFilter(ApplicationFilterChain.java:149) ~[tomcat-embed-core-10.1.16.jar:10.1.16]
	at org.apache.catalina.core.StandardWrapperValve.invoke(StandardWrapperValve.java:167) ~[tomcat-embed-core-10.1.16.jar:10.1.16]
	at org.apache.catalina.core.StandardContextValve.invoke(StandardContextValve.java:90) ~[tomcat-embed-core-10.1.16.jar:10.1.16]
	at org.apache.catalina.authenticator.AuthenticatorBase.invoke(AuthenticatorBase.java:482) ~[tomcat-embed-core-10.1.16.jar:10.1.16]
	at org.apache.catalina.core.StandardHostValve.invoke(StandardHostValve.java:115) ~[tomcat-embed-core-10.1.16.jar:10.1.16]
	at org.apache.catalina.valves.ErrorReportValve.invoke(ErrorReportValve.java:93) ~[tomcat-embed-core-10.1.16.jar:10.1.16]
	at org.apache.catalina.core.StandardEngineValve.invoke(StandardEngineValve.java:74) ~[tomcat-embed-core-10.1.16.jar:10.1.16]
	at org.apache.catalina.connector.CoyoteAdapter.service(CoyoteAdapter.java:340) ~[tomcat-embed-core-10.1.16.jar:10.1.16]
	at org.apache.coyote.http11.Http11Processor.service(Http11Processor.java:391) ~[tomcat-embed-core-10.1.16.jar:10.1.16]
	at org.apache.coyote.AbstractProcessorLight.process(AbstractProcessorLight.java:63) ~[tomcat-embed-core-10.1.16.jar:10.1.16]
	at org.apache.coyote.AbstractProtocol$ConnectionHandler.process(AbstractProtocol.java:896) ~[tomcat-embed-core-10.1.16.jar:10.1.16]
	at org.apache.tomcat.util.net.NioEndpoint$SocketProcessor.doRun(NioEndpoint.java:1744) ~[tomcat-embed-core-10.1.16.jar:10.1.16]
	at org.apache.tomcat.util.net.SocketProcessorBase.run(SocketProcessorBase.java:52) ~[tomcat-embed-core-10.1.16.jar:10.1.16]
	at org.apache.tomcat.util.threads.ThreadPoolExecutor.runWorker(ThreadPoolExecutor.java:1191) ~[tomcat-embed-core-10.1.16.jar:10.1.16]
	at org.apache.tomcat.util.threads.ThreadPoolExecutor$Worker.run(ThreadPoolExecutor.java:659) ~[tomcat-embed-core-10.1.16.jar:10.1.16]
	at org.apache.tomcat.util.threads.TaskThread$WrappingRunnable.run(TaskThread.java:61) ~[tomcat-embed-core-10.1.16.jar:10.1.16]
	at java.base/java.lang.Thread.run(Thread.java:1583) ~[na:na]
Caused by: org.attoparser.ParseException: Exception evaluating SpringEL expression: "v.status.name() == 'OPEN'" (template: "admin/violation-detail" - line 55, col 19)
	at org.attoparser.MarkupParser.parseDocument(MarkupParser.java:393) ~[attoparser-2.0.7.RELEASE.jar:2.0.7.RELEASE]
	at org.attoparser.MarkupParser.parse(MarkupParser.java:257) ~[attoparser-2.0.7.RELEASE.jar:2.0.7.RELEASE]
	at org.thymeleaf.templateparser.markup.AbstractMarkupTemplateParser.parse(AbstractMarkupTemplateParser.java:230) ~[thymeleaf-3.1.2.RELEASE.jar:3.1.2.RELEASE]
	... 95 common frames omitted
Caused by: org.thymeleaf.exceptions.TemplateProcessingException: Exception evaluating SpringEL expression: "v.status.name() == 'OPEN'" (template: "admin/violation-detail" - line 55, col 19)
	at org.thymeleaf.spring6.expression.SPELVariableExpressionEvaluator.evaluate(SPELVariableExpressionEvaluator.java:292) ~[thymeleaf-spring6-3.1.2.RELEASE.jar:3.1.2.RELEASE]
	at org.thymeleaf.standard.expression.VariableExpression.executeVariableExpression(VariableExpression.java:166) ~[thymeleaf-3.1.2.RELEASE.jar:3.1.2.RELEASE]
	at org.thymeleaf.standard.expression.SimpleExpression.executeSimple(SimpleExpression.java:66) ~[thymeleaf-3.1.2.RELEASE.jar:3.1.2.RELEASE]
	at org.thymeleaf.standard.expression.Expression.execute(Expression.java:109) ~[thymeleaf-3.1.2.RELEASE.jar:3.1.2.RELEASE]
	at org.thymeleaf.standard.expression.Expression.execute(Expression.java:138) ~[thymeleaf-3.1.2.RELEASE.jar:3.1.2.RELEASE]
	at org.thymeleaf.standard.expression.ConditionalExpression.executeConditional(ConditionalExpression.java:209) ~[thymeleaf-3.1.2.RELEASE.jar:3.1.2.RELEASE]
	at org.thymeleaf.standard.expression.ComplexExpression.executeComplex(ComplexExpression.java:77) ~[thymeleaf-3.1.2.RELEASE.jar:3.1.2.RELEASE]
	at org.thymeleaf.standard.expression.Expression.execute(Expression.java:112) ~[thymeleaf-3.1.2.RELEASE.jar:3.1.2.RELEASE]
	at org.thymeleaf.standard.expression.Expression.execute(Expression.java:138) ~[thymeleaf-3.1.2.RELEASE.jar:3.1.2.RELEASE]
	at org.thymeleaf.standard.processor.AbstractStandardExpressionAttributeTagProcessor.doProcess(AbstractStandardExpressionAttributeTagProcessor.java:144) ~[thymeleaf-3.1.2.RELEASE.jar:3.1.2.RELEASE]
	at org.thymeleaf.processor.element.AbstractAttributeTagProcessor.doProcess(AbstractAttributeTagProcessor.java:74) ~[thymeleaf-3.1.2.RELEASE.jar:3.1.2.RELEASE]
	at org.thymeleaf.processor.element.AbstractElementTagProcessor.process(AbstractElementTagProcessor.java:95) ~[thymeleaf-3.1.2.RELEASE.jar:3.1.2.RELEASE]
	at org.thymeleaf.util.ProcessorConfigurationUtils$ElementTagProcessorWrapper.process(ProcessorConfigurationUtils.java:633) ~[thymeleaf-3.1.2.RELEASE.jar:3.1.2.RELEASE]
	at org.thymeleaf.engine.ProcessorTemplateHandler.handleOpenElement(ProcessorTemplateHandler.java:1314) ~[thymeleaf-3.1.2.RELEASE.jar:3.1.2.RELEASE]
	at org.thymeleaf.engine.OpenElementTag.beHandled(OpenElementTag.java:205) ~[thymeleaf-3.1.2.RELEASE.jar:3.1.2.RELEASE]
	at org.thymeleaf.engine.Model.process(Model.java:282) ~[thymeleaf-3.1.2.RELEASE.jar:3.1.2.RELEASE]
	at org.thymeleaf.engine.ProcessorTemplateHandler.handleOpenElement(ProcessorTemplateHandler.java:1587) ~[thymeleaf-3.1.2.RELEASE.jar:3.1.2.RELEASE]
	at org.thymeleaf.engine.OpenElementTag.beHandled(OpenElementTag.java:205) ~[thymeleaf-3.1.2.RELEASE.jar:3.1.2.RELEASE]
	at org.thymeleaf.engine.Model.process(Model.java:282) ~[thymeleaf-3.1.2.RELEASE.jar:3.1.2.RELEASE]
	at org.thymeleaf.engine.ProcessorTemplateHandler.handleOpenElement(ProcessorTemplateHandler.java:1587) ~[thymeleaf-3.1.2.RELEASE.jar:3.1.2.RELEASE]
	at org.thymeleaf.engine.TemplateHandlerAdapterMarkupHandler.handleOpenElementEnd(TemplateHandlerAdapterMarkupHandler.java:304) ~[thymeleaf-3.1.2.RELEASE.jar:3.1.2.RELEASE]
	at org.thymeleaf.templateparser.markup.InlinedOutputExpressionMarkupHandler$InlineMarkupAdapterPreProcessorHandler.handleOpenElementEnd(InlinedOutputExpressionMarkupHandler.java:278) ~[thymeleaf-3.1.2.RELEASE.jar:3.1.2.RELEASE]
	at org.thymeleaf.standard.inline.OutputExpressionInlinePreProcessorHandler.handleOpenElementEnd(OutputExpressionInlinePreProcessorHandler.java:186) ~[thymeleaf-3.1.2.RELEASE.jar:3.1.2.RELEASE]
	at org.thymeleaf.templateparser.markup.InlinedOutputExpressionMarkupHandler.handleOpenElementEnd(InlinedOutputExpressionMarkupHandler.java:124) ~[thymeleaf-3.1.2.RELEASE.jar:3.1.2.RELEASE]
	at org.attoparser.HtmlElement.handleOpenElementEnd(HtmlElement.java:109) ~[attoparser-2.0.7.RELEASE.jar:2.0.7.RELEASE]
	at org.attoparser.HtmlMarkupHandler.handleOpenElementEnd(HtmlMarkupHandler.java:297) ~[attoparser-2.0.7.RELEASE.jar:2.0.7.RELEASE]
	at org.attoparser.MarkupEventProcessorHandler.handleOpenElementEnd(MarkupEventProcessorHandler.java:402) ~[attoparser-2.0.7.RELEASE.jar:2.0.7.RELEASE]
	at org.attoparser.ParsingElementMarkupUtil.parseOpenElement(ParsingElementMarkupUtil.java:159) ~[attoparser-2.0.7.RELEASE.jar:2.0.7.RELEASE]
	at org.attoparser.MarkupParser.parseBuffer(MarkupParser.java:710) ~[attoparser-2.0.7.RELEASE.jar:2.0.7.RELEASE]
	at org.attoparser.MarkupParser.parseDocument(MarkupParser.java:301) ~[attoparser-2.0.7.RELEASE.jar:2.0.7.RELEASE]
	... 97 common frames omitted
Caused by: org.springframework.expression.spel.SpelEvaluationException: EL1004E: Method call: Method name() cannot be found on type java.lang.String
	at org.springframework.expression.spel.ast.MethodReference.findAccessorForMethod(MethodReference.java:237) ~[spring-expression-6.1.1.jar:6.1.1]
	at org.springframework.expression.spel.ast.MethodReference.getValueInternal(MethodReference.java:147) ~[spring-expression-6.1.1.jar:6.1.1]
	at org.springframework.expression.spel.ast.MethodReference$MethodValueRef.getValue(MethodReference.java:400) ~[spring-expression-6.1.1.jar:6.1.1]
	at org.springframework.expression.spel.ast.CompoundExpression.getValueInternal(CompoundExpression.java:98) ~[spring-expression-6.1.1.jar:6.1.1]
	at org.springframework.expression.spel.ast.OpEQ.getValueInternal(OpEQ.java:42) ~[spring-expression-6.1.1.jar:6.1.1]
	at org.springframework.expression.spel.ast.OpEQ.getValueInternal(OpEQ.java:32) ~[spring-expression-6.1.1.jar:6.1.1]
	at org.springframework.expression.spel.ast.SpelNodeImpl.getValue(SpelNodeImpl.java:114) ~[spring-expression-6.1.1.jar:6.1.1]
	at org.springframework.expression.spel.standard.SpelExpression.getValue(SpelExpression.java:338) ~[spring-expression-6.1.1.jar:6.1.1]
	at org.thymeleaf.spring6.expression.SPELVariableExpressionEvaluator.evaluate(SPELVariableExpressionEvaluator.java:265) ~[thymeleaf-spring6-3.1.2.RELEASE.jar:3.1.2.RELEASE]
	... 126 common frames omitted

2026-09-25T17:52:28.183+07:00 ERROR 36788 --- [CNJ70 Ecommerce] [nio-8081-exec-3] o.a.c.c.C.[.[.[/].[dispatcherServlet]    : Servlet.service() for servlet [dispatcherServlet] in context with path [] threw exception [Request processing failed: org.thymeleaf.exceptions.TemplateInputException: An error happened during template parsing (template: "class path resource [templates/admin/violation-detail.html]")] with root cause

org.springframework.expression.spel.SpelEvaluationException: EL1004E: Method call: Method name() cannot be found on type java.lang.String
	at org.springframework.expression.spel.ast.MethodReference.findAccessorForMethod(MethodReference.java:237) ~[spring-expression-6.1.1.jar:6.1.1]
	at org.springframework.expression.spel.ast.MethodReference.getValueInternal(MethodReference.java:147) ~[spring-expression-6.1.1.jar:6.1.1]
	at org.springframework.expression.spel.ast.MethodReference$MethodValueRef.getValue(MethodReference.java:400) ~[spring-expression-6.1.1.jar:6.1.1]
	at org.springframework.expression.spel.ast.CompoundExpression.getValueInternal(CompoundExpression.java:98) ~[spring-expression-6.1.1.jar:6.1.1]
	at org.springframework.expression.spel.ast.OpEQ.getValueInternal(OpEQ.java:42) ~[spring-expression-6.1.1.jar:6.1.1]
	at org.springframework.expression.spel.ast.OpEQ.getValueInternal(OpEQ.java:32) ~[spring-expression-6.1.1.jar:6.1.1]
	at org.springframework.expression.spel.ast.SpelNodeImpl.getValue(SpelNodeImpl.java:114) ~[spring-expression-6.1.1.jar:6.1.1]
	at org.springframework.expression.spel.standard.SpelExpression.getValue(SpelExpression.java:338) ~[spring-expression-6.1.1.jar:6.1.1]
	at org.thymeleaf.spring6.expression.SPELVariableExpressionEvaluator.evaluate(SPELVariableExpressionEvaluator.java:265) ~[thymeleaf-spring6-3.1.2.RELEASE.jar:3.1.2.RELEASE]
	at org.thymeleaf.standard.expression.VariableExpression.executeVariableExpression(VariableExpression.java:166) ~[thymeleaf-3.1.2.RELEASE.jar:3.1.2.RELEASE]
	at org.thymeleaf.standard.expression.SimpleExpression.executeSimple(SimpleExpression.java:66) ~[thymeleaf-3.1.2.RELEASE.jar:3.1.2.RELEASE]
	at org.thymeleaf.standard.expression.Expression.execute(Expression.java:109) ~[thymeleaf-3.1.2.RELEASE.jar:3.1.2.RELEASE]
	at org.thymeleaf.standard.expression.Expression.execute(Expression.java:138) ~[thymeleaf-3.1.2.RELEASE.jar:3.1.2.RELEASE]
	at org.thymeleaf.standard.expression.ConditionalExpression.executeConditional(ConditionalExpression.java:209) ~[thymeleaf-3.1.2.RELEASE.jar:3.1.2.RELEASE]
	at org.thymeleaf.standard.expression.ComplexExpression.executeComplex(ComplexExpression.java:77) ~[thymeleaf-3.1.2.RELEASE.jar:3.1.2.RELEASE]
	at org.thymeleaf.standard.expression.Expression.execute(Expression.java:112) ~[thymeleaf-3.1.2.RELEASE.jar:3.1.2.RELEASE]
	at org.thymeleaf.standard.expression.Expression.execute(Expression.java:138) ~[thymeleaf-3.1.2.RELEASE.jar:3.1.2.RELEASE]
	at org.thymeleaf.standard.processor.AbstractStandardExpressionAttributeTagProcessor.doProcess(AbstractStandardExpressionAttributeTagProcessor.java:144) ~[thymeleaf-3.1.2.RELEASE.jar:3.1.2.RELEASE]
	at org.thymeleaf.processor.element.AbstractAttributeTagProcessor.doProcess(AbstractAttributeTagProcessor.java:74) ~[thymeleaf-3.1.2.RELEASE.jar:3.1.2.RELEASE]
	at org.thymeleaf.processor.element.AbstractElementTagProcessor.process(AbstractElementTagProcessor.java:95) ~[thymeleaf-3.1.2.RELEASE.jar:3.1.2.RELEASE]
	at org.thymeleaf.util.ProcessorConfigurationUtils$ElementTagProcessorWrapper.process(ProcessorConfigurationUtils.java:633) ~[thymeleaf-3.1.2.RELEASE.jar:3.1.2.RELEASE]
	at org.thymeleaf.engine.ProcessorTemplateHandler.handleOpenElement(ProcessorTemplateHandler.java:1314) ~[thymeleaf-3.1.2.RELEASE.jar:3.1.2.RELEASE]
	at org.thymeleaf.engine.OpenElementTag.beHandled(OpenElementTag.java:205) ~[thymeleaf-3.1.2.RELEASE.jar:3.1.2.RELEASE]
	at org.thymeleaf.engine.Model.process(Model.java:282) ~[thymeleaf-3.1.2.RELEASE.jar:3.1.2.RELEASE]
	at org.thymeleaf.engine.ProcessorTemplateHandler.handleOpenElement(ProcessorTemplateHandler.java:1587) ~[thymeleaf-3.1.2.RELEASE.jar:3.1.2.RELEASE]
	at org.thymeleaf.engine.OpenElementTag.beHandled(OpenElementTag.java:205) ~[thymeleaf-3.1.2.RELEASE.jar:3.1.2.RELEASE]
	at org.thymeleaf.engine.Model.process(Model.java:282) ~[thymeleaf-3.1.2.RELEASE.jar:3.1.2.RELEASE]
	at org.thymeleaf.engine.ProcessorTemplateHandler.handleOpenElement(ProcessorTemplateHandler.java:1587) ~[thymeleaf-3.1.2.RELEASE.jar:3.1.2.RELEASE]
	at org.thymeleaf.engine.TemplateHandlerAdapterMarkupHandler.handleOpenElementEnd(TemplateHandlerAdapterMarkupHandler.java:304) ~[thymeleaf-3.1.2.RELEASE.jar:3.1.2.RELEASE]
	at org.thymeleaf.templateparser.markup.InlinedOutputExpressionMarkupHandler$InlineMarkupAdapterPreProcessorHandler.handleOpenElementEnd(InlinedOutputExpressionMarkupHandler.java:278) ~[thymeleaf-3.1.2.RELEASE.jar:3.1.2.RELEASE]
	at org.thymeleaf.standard.inline.OutputExpressionInlinePreProcessorHandler.handleOpenElementEnd(OutputExpressionInlinePreProcessorHandler.java:186) ~[thymeleaf-3.1.2.RELEASE.jar:3.1.2.RELEASE]
	at org.thymeleaf.templateparser.markup.InlinedOutputExpressionMarkupHandler.handleOpenElementEnd(InlinedOutputExpressionMarkupHandler.java:124) ~[thymeleaf-3.1.2.RELEASE.jar:3.1.2.RELEASE]
	at org.attoparser.HtmlElement.handleOpenElementEnd(HtmlElement.java:109) ~[attoparser-2.0.7.RELEASE.jar:2.0.7.RELEASE]
	at org.attoparser.HtmlMarkupHandler.handleOpenElementEnd(HtmlMarkupHandler.java:297) ~[attoparser-2.0.7.RELEASE.jar:2.0.7.RELEASE]
	at org.attoparser.MarkupEventProcessorHandler.handleOpenElementEnd(MarkupEventProcessorHandler.java:402) ~[attoparser-2.0.7.RELEASE.jar:2.0.7.RELEASE]
	at org.attoparser.ParsingElementMarkupUtil.parseOpenElement(ParsingElementMarkupUtil.java:159) ~[attoparser-2.0.7.RELEASE.jar:2.0.7.RELEASE]
	at org.attoparser.MarkupParser.parseBuffer(MarkupParser.java:710) ~[attoparser-2.0.7.RELEASE.jar:2.0.7.RELEASE]
	at org.attoparser.MarkupParser.parseDocument(MarkupParser.java:301) ~[attoparser-2.0.7.RELEASE.jar:2.0.7.RELEASE]
	at org.attoparser.MarkupParser.parse(MarkupParser.java:257) ~[attoparser-2.0.7.RELEASE.jar:2.0.7.RELEASE]
	at org.thymeleaf.templateparser.markup.AbstractMarkupTemplateParser.parse(AbstractMarkupTemplateParser.java:230) ~[thymeleaf-3.1.2.RELEASE.jar:3.1.2.RELEASE]
	at org.thymeleaf.templateparser.markup.AbstractMarkupTemplateParser.parseStandalone(AbstractMarkupTemplateParser.java:100) ~[thymeleaf-3.1.2.RELEASE.jar:3.1.2.RELEASE]
	at org.thymeleaf.engine.TemplateManager.parseAndProcess(TemplateManager.java:666) ~[thymeleaf-3.1.2.RELEASE.jar:3.1.2.RELEASE]
	at org.thymeleaf.TemplateEngine.process(TemplateEngine.java:1103) ~[thymeleaf-3.1.2.RELEASE.jar:3.1.2.RELEASE]
	at org.thymeleaf.TemplateEngine.process(TemplateEngine.java:1077) ~[thymeleaf-3.1.2.RELEASE.jar:3.1.2.RELEASE]
	at org.thymeleaf.spring6.view.ThymeleafView.renderFragment(ThymeleafView.java:372) ~[thymeleaf-spring6-3.1.2.RELEASE.jar:3.1.2.RELEASE]
	at org.thymeleaf.spring6.view.ThymeleafView.render(ThymeleafView.java:192) ~[thymeleaf-spring6-3.1.2.RELEASE.jar:3.1.2.RELEASE]
	at org.springframework.web.servlet.DispatcherServlet.render(DispatcherServlet.java:1431) ~[spring-webmvc-6.1.1.jar:6.1.1]
	at org.springframework.web.servlet.DispatcherServlet.processDispatchResult(DispatcherServlet.java:1167) ~[spring-webmvc-6.1.1.jar:6.1.1]
	at org.springframework.web.servlet.DispatcherServlet.doDispatch(DispatcherServlet.java:1106) ~[spring-webmvc-6.1.1.jar:6.1.1]
	at org.springframework.web.servlet.DispatcherServlet.doService(DispatcherServlet.java:979) ~[spring-webmvc-6.1.1.jar:6.1.1]
	at org.springframework.web.servlet.FrameworkServlet.processRequest(FrameworkServlet.java:1014) ~[spring-webmvc-6.1.1.jar:6.1.1]
	at org.springframework.web.servlet.FrameworkServlet.doGet(FrameworkServlet.java:903) ~[spring-webmvc-6.1.1.jar:6.1.1]
	at jakarta.servlet.http.HttpServlet.service(HttpServlet.java:564) ~[tomcat-embed-core-10.1.16.jar:6.0]
	at org.springframework.web.servlet.FrameworkServlet.service(FrameworkServlet.java:885) ~[spring-webmvc-6.1.1.jar:6.1.1]
	at jakarta.servlet.http.HttpServlet.service(HttpServlet.java:658) ~[tomcat-embed-core-10.1.16.jar:6.0]
	at org.apache.catalina.core.ApplicationFilterChain.internalDoFilter(ApplicationFilterChain.java:205) ~[tomcat-embed-core-10.1.16.jar:10.1.16]
	at org.apache.catalina.core.ApplicationFilterChain.doFilter(ApplicationFilterChain.java:149) ~[tomcat-embed-core-10.1.16.jar:10.1.16]
	at org.apache.tomcat.websocket.server.WsFilter.doFilter(WsFilter.java:51) ~[tomcat-embed-websocket-10.1.16.jar:10.1.16]
	at org.apache.catalina.core.ApplicationFilterChain.internalDoFilter(ApplicationFilterChain.java:174) ~[tomcat-embed-core-10.1.16.jar:10.1.16]
	at org.apache.catalina.core.ApplicationFilterChain.doFilter(ApplicationFilterChain.java:149) ~[tomcat-embed-core-10.1.16.jar:10.1.16]
	at org.springframework.web.filter.OncePerRequestFilter.doFilter(OncePerRequestFilter.java:110) ~[spring-web-6.1.1.jar:6.1.1]
	at org.apache.catalina.core.ApplicationFilterChain.internalDoFilter(ApplicationFilterChain.java:174) ~[tomcat-embed-core-10.1.16.jar:10.1.16]
	at org.apache.catalina.core.ApplicationFilterChain.doFilter(ApplicationFilterChain.java:149) ~[tomcat-embed-core-10.1.16.jar:10.1.16]
	at org.springframework.security.web.FilterChainProxy.lambda$doFilterInternal$3(FilterChainProxy.java:231) ~[spring-security-web-6.2.0.jar:6.2.0]
	at org.springframework.security.web.FilterChainProxy$VirtualFilterChain.doFilter(FilterChainProxy.java:365) ~[spring-security-web-6.2.0.jar:6.2.0]
	at org.springframework.security.web.access.intercept.AuthorizationFilter.doFilter(AuthorizationFilter.java:100) ~[spring-security-web-6.2.0.jar:6.2.0]
	at org.springframework.security.web.FilterChainProxy$VirtualFilterChain.doFilter(FilterChainProxy.java:374) ~[spring-security-web-6.2.0.jar:6.2.0]
	at org.springframework.security.web.access.ExceptionTranslationFilter.doFilter(ExceptionTranslationFilter.java:126) ~[spring-security-web-6.2.0.jar:6.2.0]
	at org.springframework.security.web.access.ExceptionTranslationFilter.doFilter(ExceptionTranslationFilter.java:120) ~[spring-security-web-6.2.0.jar:6.2.0]
	at org.springframework.security.web.FilterChainProxy$VirtualFilterChain.doFilter(FilterChainProxy.java:374) ~[spring-security-web-6.2.0.jar:6.2.0]
	at org.springframework.security.web.session.SessionManagementFilter.doFilter(SessionManagementFilter.java:131) ~[spring-security-web-6.2.0.jar:6.2.0]
	at org.springframework.security.web.session.SessionManagementFilter.doFilter(SessionManagementFilter.java:85) ~[spring-security-web-6.2.0.jar:6.2.0]
	at org.springframework.security.web.FilterChainProxy$VirtualFilterChain.doFilter(FilterChainProxy.java:374) ~[spring-security-web-6.2.0.jar:6.2.0]
	at org.springframework.security.web.authentication.AnonymousAuthenticationFilter.doFilter(AnonymousAuthenticationFilter.java:100) ~[spring-security-web-6.2.0.jar:6.2.0]
	at org.springframework.security.web.FilterChainProxy$VirtualFilterChain.doFilter(FilterChainProxy.java:374) ~[spring-security-web-6.2.0.jar:6.2.0]
	at org.springframework.security.web.servletapi.SecurityContextHolderAwareRequestFilter.doFilter(SecurityContextHolderAwareRequestFilter.java:179) ~[spring-security-web-6.2.0.jar:6.2.0]
	at org.springframework.security.web.FilterChainProxy$VirtualFilterChain.doFilter(FilterChainProxy.java:374) ~[spring-security-web-6.2.0.jar:6.2.0]
	at org.springframework.security.web.savedrequest.RequestCacheAwareFilter.doFilter(RequestCacheAwareFilter.java:63) ~[spring-security-web-6.2.0.jar:6.2.0]
	at org.springframework.security.web.FilterChainProxy$VirtualFilterChain.doFilter(FilterChainProxy.java:374) ~[spring-security-web-6.2.0.jar:6.2.0]
	at com.ecommerce.cnj70.security.JwtAuthenticationFilter.doFilterInternal(JwtAuthenticationFilter.java:70) ~[classes/:na]
	at org.springframework.web.filter.OncePerRequestFilter.doFilter(OncePerRequestFilter.java:116) ~[spring-web-6.1.1.jar:6.1.1]
	at org.springframework.security.web.FilterChainProxy$VirtualFilterChain.doFilter(FilterChainProxy.java:374) ~[spring-security-web-6.2.0.jar:6.2.0]
	at org.springframework.security.web.authentication.logout.LogoutFilter.doFilter(LogoutFilter.java:107) ~[spring-security-web-6.2.0.jar:6.2.0]
	at org.springframework.security.web.authentication.logout.LogoutFilter.doFilter(LogoutFilter.java:93) ~[spring-security-web-6.2.0.jar:6.2.0]
	at org.springframework.security.web.FilterChainProxy$VirtualFilterChain.doFilter(FilterChainProxy.java:374) ~[spring-security-web-6.2.0.jar:6.2.0]
	at org.springframework.web.filter.CorsFilter.doFilterInternal(CorsFilter.java:91) ~[spring-web-6.1.1.jar:6.1.1]
	at org.springframework.web.filter.OncePerRequestFilter.doFilter(OncePerRequestFilter.java:116) ~[spring-web-6.1.1.jar:6.1.1]
	at org.springframework.security.web.FilterChainProxy$VirtualFilterChain.doFilter(FilterChainProxy.java:374) ~[spring-security-web-6.2.0.jar:6.2.0]
	at org.springframework.security.web.header.HeaderWriterFilter.doHeadersAfter(HeaderWriterFilter.java:90) ~[spring-security-web-6.2.0.jar:6.2.0]
	at org.springframework.security.web.header.HeaderWriterFilter.doFilterInternal(HeaderWriterFilter.java:75) ~[spring-security-web-6.2.0.jar:6.2.0]
	at org.springframework.web.filter.OncePerRequestFilter.doFilter(OncePerRequestFilter.java:116) ~[spring-web-6.1.1.jar:6.1.1]
	at org.springframework.security.web.FilterChainProxy$VirtualFilterChain.doFilter(FilterChainProxy.java:374) ~[spring-security-web-6.2.0.jar:6.2.0]
	at org.springframework.security.web.context.SecurityContextHolderFilter.doFilter(SecurityContextHolderFilter.java:82) ~[spring-security-web-6.2.0.jar:6.2.0]
	at org.springframework.security.web.context.SecurityContextHolderFilter.doFilter(SecurityContextHolderFilter.java:69) ~[spring-security-web-6.2.0.jar:6.2.0]
	at org.springframework.security.web.FilterChainProxy$VirtualFilterChain.doFilter(FilterChainProxy.java:374) ~[spring-security-web-6.2.0.jar:6.2.0]
	at org.springframework.security.web.context.request.async.WebAsyncManagerIntegrationFilter.doFilterInternal(WebAsyncManagerIntegrationFilter.java:62) ~[spring-security-web-6.2.0.jar:6.2.0]
	at org.springframework.web.filter.OncePerRequestFilter.doFilter(OncePerRequestFilter.java:116) ~[spring-web-6.1.1.jar:6.1.1]
	at org.springframework.security.web.FilterChainProxy$VirtualFilterChain.doFilter(FilterChainProxy.java:374) ~[spring-security-web-6.2.0.jar:6.2.0]
	at org.springframework.security.web.session.DisableEncodeUrlFilter.doFilterInternal(DisableEncodeUrlFilter.java:42) ~[spring-security-web-6.2.0.jar:6.2.0]
	at org.springframework.web.filter.OncePerRequestFilter.doFilter(OncePerRequestFilter.java:116) ~[spring-web-6.1.1.jar:6.1.1]
	at org.springframework.security.web.FilterChainProxy$VirtualFilterChain.doFilter(FilterChainProxy.java:374) ~[spring-security-web-6.2.0.jar:6.2.0]
	at org.springframework.security.web.FilterChainProxy.doFilterInternal(FilterChainProxy.java:233) ~[spring-security-web-6.2.0.jar:6.2.0]
	at org.springframework.security.web.FilterChainProxy.doFilter(FilterChainProxy.java:191) ~[spring-security-web-6.2.0.jar:6.2.0]
	at org.springframework.web.filter.DelegatingFilterProxy.invokeDelegate(DelegatingFilterProxy.java:352) ~[spring-web-6.1.1.jar:6.1.1]
	at org.springframework.web.filter.DelegatingFilterProxy.doFilter(DelegatingFilterProxy.java:268) ~[spring-web-6.1.1.jar:6.1.1]
	at org.apache.catalina.core.ApplicationFilterChain.internalDoFilter(ApplicationFilterChain.java:174) ~[tomcat-embed-core-10.1.16.jar:10.1.16]
	at org.apache.catalina.core.ApplicationFilterChain.doFilter(ApplicationFilterChain.java:149) ~[tomcat-embed-core-10.1.16.jar:10.1.16]
	at org.springframework.web.filter.RequestContextFilter.doFilterInternal(RequestContextFilter.java:100) ~[spring-web-6.1.1.jar:6.1.1]
	at org.springframework.web.filter.OncePerRequestFilter.doFilter(OncePerRequestFilter.java:116) ~[spring-web-6.1.1.jar:6.1.1]
	at org.apache.catalina.core.ApplicationFilterChain.internalDoFilter(ApplicationFilterChain.java:174) ~[tomcat-embed-core-10.1.16.jar:10.1.16]
	at org.apache.catalina.core.ApplicationFilterChain.doFilter(ApplicationFilterChain.java:149) ~[tomcat-embed-core-10.1.16.jar:10.1.16]
	at org.springframework.web.filter.FormContentFilter.doFilterInternal(FormContentFilter.java:93) ~[spring-web-6.1.1.jar:6.1.1]
	at org.springframework.web.filter.OncePerRequestFilter.doFilter(OncePerRequestFilter.java:116) ~[spring-web-6.1.1.jar:6.1.1]
	at org.apache.catalina.core.ApplicationFilterChain.internalDoFilter(ApplicationFilterChain.java:174) ~[tomcat-embed-core-10.1.16.jar:10.1.16]
	at org.apache.catalina.core.ApplicationFilterChain.doFilter(ApplicationFilterChain.java:149) ~[tomcat-embed-core-10.1.16.jar:10.1.16]
	at org.springframework.web.filter.CharacterEncodingFilter.doFilterInternal(CharacterEncodingFilter.java:201) ~[spring-web-6.1.1.jar:6.1.1]
	at org.springframework.web.filter.OncePerRequestFilter.doFilter(OncePerRequestFilter.java:116) ~[spring-web-6.1.1.jar:6.1.1]
	at org.apache.catalina.core.ApplicationFilterChain.internalDoFilter(ApplicationFilterChain.java:174) ~[tomcat-embed-core-10.1.16.jar:10.1.16]
	at org.apache.catalina.core.ApplicationFilterChain.doFilter(ApplicationFilterChain.java:149) ~[tomcat-embed-core-10.1.16.jar:10.1.16]
	at org.apache.catalina.core.StandardWrapperValve.invoke(StandardWrapperValve.java:167) ~[tomcat-embed-core-10.1.16.jar:10.1.16]
	at org.apache.catalina.core.StandardContextValve.invoke(StandardContextValve.java:90) ~[tomcat-embed-core-10.1.16.jar:10.1.16]
	at org.apache.catalina.authenticator.AuthenticatorBase.invoke(AuthenticatorBase.java:482) ~[tomcat-embed-core-10.1.16.jar:10.1.16]
	at org.apache.catalina.core.StandardHostValve.invoke(StandardHostValve.java:115) ~[tomcat-embed-core-10.1.16.jar:10.1.16]
	at org.apache.catalina.valves.ErrorReportValve.invoke(ErrorReportValve.java:93) ~[tomcat-embed-core-10.1.16.jar:10.1.16]
	at org.apache.catalina.core.StandardEngineValve.invoke(StandardEngineValve.java:74) ~[tomcat-embed-core-10.1.16.jar:10.1.16]
	at org.apache.catalina.connector.CoyoteAdapter.service(CoyoteAdapter.java:340) ~[tomcat-embed-core-10.1.16.jar:10.1.16]
	at org.apache.coyote.http11.Http11Processor.service(Http11Processor.java:391) ~[tomcat-embed-core-10.1.16.jar:10.1.16]
	at org.apache.coyote.AbstractProcessorLight.process(AbstractProcessorLight.java:63) ~[tomcat-embed-core-10.1.16.jar:10.1.16]
	at org.apache.coyote.AbstractProtocol$ConnectionHandler.process(AbstractProtocol.java:896) ~[tomcat-embed-core-10.1.16.jar:10.1.16]
	at org.apache.tomcat.util.net.NioEndpoint$SocketProcessor.doRun(NioEndpoint.java:1744) ~[tomcat-embed-core-10.1.16.jar:10.1.16]
	at org.apache.tomcat.util.net.SocketProcessorBase.run(SocketProcessorBase.java:52) ~[tomcat-embed-core-10.1.16.jar:10.1.16]
	at org.apache.tomcat.util.threads.ThreadPoolExecutor.runWorker(ThreadPoolExecutor.java:1191) ~[tomcat-embed-core-10.1.16.jar:10.1.16]
	at org.apache.tomcat.util.threads.ThreadPoolExecutor$Worker.run(ThreadPoolExecutor.java:659) ~[tomcat-embed-core-10.1.16.jar:10.1.16]
	at org.apache.tomcat.util.threads.TaskThread$WrappingRunnable.run(TaskThread.java:61) ~[tomcat-embed-core-10.1.16.jar:10.1.16]
	at java.base/java.lang.Thread.run(Thread.java:1583) ~[na:na]

2026-09-25T17:52:28.192+07:00 DEBUG 36788 --- [CNJ70 Ecommerce] [nio-8081-exec-3] o.s.security.web.FilterChainProxy        : Securing GET /error?page=0&size=10&shopId=&severity=&type=
2026-09-25T17:52:28.197+07:00 DEBUG 36788 --- [CNJ70 Ecommerce] [nio-8081-exec-3] o.s.security.web.FilterChainProxy        : Secured GET /error?page=0&size=10&shopId=&severity=&type=
2026-09-25T17:52:28.197+07:00 DEBUG 36788 --- [CNJ70 Ecommerce] [nio-8081-exec-3] o.s.s.w.a.AnonymousAuthenticationFilter  : Set SecurityContextHolder to anonymous SecurityContext
2026-09-25T17:52:28.200+07:00 DEBUG 36788 --- [CNJ70 Ecommerce] [nio-8081-exec-3] o.s.data.mongodb.core.MongoTemplate      : find using query: {} fields: Document{{}} for class: class com.ecommerce.cnj70.document.Voucher in collection: vouchers
2026-09-25T17:52:28.290+07:00 DEBUG 36788 --- [CNJ70 Ecommerce] [nio-8081-exec-4] o.s.security.web.FilterChainProxy        : Securing GET /css/style.css
2026-09-25T17:52:28.295+07:00 DEBUG 36788 --- [CNJ70 Ecommerce] [nio-8081-exec-4] o.s.d.m.r.query.MongoQueryCreator        : Created query Query: { "email" : "admin2@gmail.com"}, Fields: {}, Sort: {}
2026-09-25T17:52:28.296+07:00 DEBUG 36788 --- [CNJ70 Ecommerce] [nio-8081-exec-4] o.s.data.mongodb.core.MongoTemplate      : find using query: { "email" : "admin2@gmail.com"} fields: Document{{}} for class: class com.ecommerce.cnj70.document.User in collection: users
2026-09-25T17:52:28.357+07:00 DEBUG 36788 --- [CNJ70 Ecommerce] [nio-8081-exec-4] .s.ChangeSessionIdAuthenticationStrategy : Changed session id from 209A499A69EDA106E2F9F216275B39FC
2026-09-25T17:52:28.366+07:00 DEBUG 36788 --- [CNJ70 Ecommerce] [nio-8081-exec-4] o.s.security.web.FilterChainProxy        : Secured GET /css/style.css
2026-09-25T17:53:17.122+07:00 DEBUG 36788 --- [CNJ70 Ecommerce] [nio-8081-exec-7] o.s.security.web.FilterChainProxy        : Securing GET /admin/violations/6ab61d7259fb2a46a9b1163b
2026-09-25T17:53:17.126+07:00 DEBUG 36788 --- [CNJ70 Ecommerce] [nio-8081-exec-7] o.s.d.m.r.query.MongoQueryCreator        : Created query Query: { "email" : "admin2@gmail.com"}, Fields: {}, Sort: {}
2026-09-25T17:53:17.127+07:00 DEBUG 36788 --- [CNJ70 Ecommerce] [nio-8081-exec-7] o.s.data.mongodb.core.MongoTemplate      : find using query: { "email" : "admin2@gmail.com"} fields: Document{{}} for class: class com.ecommerce.cnj70.document.User in collection: users
2026-09-25T17:53:17.184+07:00 DEBUG 36788 --- [CNJ70 Ecommerce] [nio-8081-exec-7] .s.ChangeSessionIdAuthenticationStrategy : Changed session id from 1DEFA4E4AE821EFC8787D3C5A0497825
2026-09-25T17:53:17.194+07:00 DEBUG 36788 --- [CNJ70 Ecommerce] [nio-8081-exec-7] o.s.security.web.FilterChainProxy        : Secured GET /admin/violations/6ab61d7259fb2a46a9b1163b
2026-09-25T17:53:17.195+07:00 DEBUG 36788 --- [CNJ70 Ecommerce] [nio-8081-exec-7] o.s.d.m.r.query.MongoQueryCreator        : Created query Query: { "email" : "admin2@gmail.com"}, Fields: {}, Sort: {}
2026-09-25T17:53:17.196+07:00 DEBUG 36788 --- [CNJ70 Ecommerce] [nio-8081-exec-7] o.s.data.mongodb.core.MongoTemplate      : find using query: { "email" : "admin2@gmail.com"} fields: Document{{}} for class: class com.ecommerce.cnj70.document.User in collection: users
2026-09-25T17:53:17.257+07:00 DEBUG 36788 --- [CNJ70 Ecommerce] [nio-8081-exec-7] o.s.data.mongodb.core.MongoTemplate      : find using query: {} fields: Document{{}} for class: class com.ecommerce.cnj70.document.Voucher in collection: vouchers
2026-09-25T17:53:17.445+07:00 DEBUG 36788 --- [CNJ70 Ecommerce] [nio-8081-exec-7] o.s.data.mongodb.core.MongoTemplate      : findOne using query: { "id" : "6a86ac30add146680e49cf64"} fields: Document{{}} for class: class com.ecommerce.cnj70.document.Shop in collection: shops
2026-09-25T17:53:17.518+07:00 ERROR 36788 --- [CNJ70 Ecommerce] [nio-8081-exec-7] org.thymeleaf.TemplateEngine             : [THYMELEAF][http-nio-8081-exec-7] Exception processing template "admin/violation-detail": An error happened during template parsing (template: "class path resource [templates/admin/violation-detail.html]")

org.thymeleaf.exceptions.TemplateInputException: An error happened during template parsing (template: "class path resource [templates/admin/violation-detail.html]")
	at org.thymeleaf.templateparser.markup.AbstractMarkupTemplateParser.parse(AbstractMarkupTemplateParser.java:241) ~[thymeleaf-3.1.2.RELEASE.jar:3.1.2.RELEASE]
	at org.thymeleaf.templateparser.markup.AbstractMarkupTemplateParser.parseStandalone(AbstractMarkupTemplateParser.java:100) ~[thymeleaf-3.1.2.RELEASE.jar:3.1.2.RELEASE]
	at org.thymeleaf.engine.TemplateManager.parseAndProcess(TemplateManager.java:666) ~[thymeleaf-3.1.2.RELEASE.jar:3.1.2.RELEASE]
	at org.thymeleaf.TemplateEngine.process(TemplateEngine.java:1103) ~[thymeleaf-3.1.2.RELEASE.jar:3.1.2.RELEASE]
	at org.thymeleaf.TemplateEngine.process(TemplateEngine.java:1077) ~[thymeleaf-3.1.2.RELEASE.jar:3.1.2.RELEASE]
	at org.thymeleaf.spring6.view.ThymeleafView.renderFragment(ThymeleafView.java:372) ~[thymeleaf-spring6-3.1.2.RELEASE.jar:3.1.2.RELEASE]
	at org.thymeleaf.spring6.view.ThymeleafView.render(ThymeleafView.java:192) ~[thymeleaf-spring6-3.1.2.RELEASE.jar:3.1.2.RELEASE]
	at org.springframework.web.servlet.DispatcherServlet.render(DispatcherServlet.java:1431) ~[spring-webmvc-6.1.1.jar:6.1.1]
	at org.springframework.web.servlet.DispatcherServlet.processDispatchResult(DispatcherServlet.java:1167) ~[spring-webmvc-6.1.1.jar:6.1.1]
	at org.springframework.web.servlet.DispatcherServlet.doDispatch(DispatcherServlet.java:1106) ~[spring-webmvc-6.1.1.jar:6.1.1]
	at org.springframework.web.servlet.DispatcherServlet.doService(DispatcherServlet.java:979) ~[spring-webmvc-6.1.1.jar:6.1.1]
	at org.springframework.web.servlet.FrameworkServlet.processRequest(FrameworkServlet.java:1014) ~[spring-webmvc-6.1.1.jar:6.1.1]
	at org.springframework.web.servlet.FrameworkServlet.doGet(FrameworkServlet.java:903) ~[spring-webmvc-6.1.1.jar:6.1.1]
	at jakarta.servlet.http.HttpServlet.service(HttpServlet.java:564) ~[tomcat-embed-core-10.1.16.jar:6.0]
	at org.springframework.web.servlet.FrameworkServlet.service(FrameworkServlet.java:885) ~[spring-webmvc-6.1.1.jar:6.1.1]
	at jakarta.servlet.http.HttpServlet.service(HttpServlet.java:658) ~[tomcat-embed-core-10.1.16.jar:6.0]
	at org.apache.catalina.core.ApplicationFilterChain.internalDoFilter(ApplicationFilterChain.java:205) ~[tomcat-embed-core-10.1.16.jar:10.1.16]
	at org.apache.catalina.core.ApplicationFilterChain.doFilter(ApplicationFilterChain.java:149) ~[tomcat-embed-core-10.1.16.jar:10.1.16]
	at org.apache.tomcat.websocket.server.WsFilter.doFilter(WsFilter.java:51) ~[tomcat-embed-websocket-10.1.16.jar:10.1.16]
	at org.apache.catalina.core.ApplicationFilterChain.internalDoFilter(ApplicationFilterChain.java:174) ~[tomcat-embed-core-10.1.16.jar:10.1.16]
	at org.apache.catalina.core.ApplicationFilterChain.doFilter(ApplicationFilterChain.java:149) ~[tomcat-embed-core-10.1.16.jar:10.1.16]
	at org.springframework.web.filter.OncePerRequestFilter.doFilter(OncePerRequestFilter.java:110) ~[spring-web-6.1.1.jar:6.1.1]
	at org.apache.catalina.core.ApplicationFilterChain.internalDoFilter(ApplicationFilterChain.java:174) ~[tomcat-embed-core-10.1.16.jar:10.1.16]
	at org.apache.catalina.core.ApplicationFilterChain.doFilter(ApplicationFilterChain.java:149) ~[tomcat-embed-core-10.1.16.jar:10.1.16]
	at org.springframework.security.web.FilterChainProxy.lambda$doFilterInternal$3(FilterChainProxy.java:231) ~[spring-security-web-6.2.0.jar:6.2.0]
	at org.springframework.security.web.FilterChainProxy$VirtualFilterChain.doFilter(FilterChainProxy.java:365) ~[spring-security-web-6.2.0.jar:6.2.0]
	at org.springframework.security.web.access.intercept.AuthorizationFilter.doFilter(AuthorizationFilter.java:100) ~[spring-security-web-6.2.0.jar:6.2.0]
	at org.springframework.security.web.FilterChainProxy$VirtualFilterChain.doFilter(FilterChainProxy.java:374) ~[spring-security-web-6.2.0.jar:6.2.0]
	at org.springframework.security.web.access.ExceptionTranslationFilter.doFilter(ExceptionTranslationFilter.java:126) ~[spring-security-web-6.2.0.jar:6.2.0]
	at org.springframework.security.web.access.ExceptionTranslationFilter.doFilter(ExceptionTranslationFilter.java:120) ~[spring-security-web-6.2.0.jar:6.2.0]
	at org.springframework.security.web.FilterChainProxy$VirtualFilterChain.doFilter(FilterChainProxy.java:374) ~[spring-security-web-6.2.0.jar:6.2.0]
	at org.springframework.security.web.session.SessionManagementFilter.doFilter(SessionManagementFilter.java:131) ~[spring-security-web-6.2.0.jar:6.2.0]
	at org.springframework.security.web.session.SessionManagementFilter.doFilter(SessionManagementFilter.java:85) ~[spring-security-web-6.2.0.jar:6.2.0]
	at org.springframework.security.web.FilterChainProxy$VirtualFilterChain.doFilter(FilterChainProxy.java:374) ~[spring-security-web-6.2.0.jar:6.2.0]
	at org.springframework.security.web.authentication.AnonymousAuthenticationFilter.doFilter(AnonymousAuthenticationFilter.java:100) ~[spring-security-web-6.2.0.jar:6.2.0]
	at org.springframework.security.web.FilterChainProxy$VirtualFilterChain.doFilter(FilterChainProxy.java:374) ~[spring-security-web-6.2.0.jar:6.2.0]
	at org.springframework.security.web.servletapi.SecurityContextHolderAwareRequestFilter.doFilter(SecurityContextHolderAwareRequestFilter.java:179) ~[spring-security-web-6.2.0.jar:6.2.0]
	at org.springframework.security.web.FilterChainProxy$VirtualFilterChain.doFilter(FilterChainProxy.java:374) ~[spring-security-web-6.2.0.jar:6.2.0]
	at org.springframework.security.web.savedrequest.RequestCacheAwareFilter.doFilter(RequestCacheAwareFilter.java:63) ~[spring-security-web-6.2.0.jar:6.2.0]
	at org.springframework.security.web.FilterChainProxy$VirtualFilterChain.doFilter(FilterChainProxy.java:374) ~[spring-security-web-6.2.0.jar:6.2.0]
	at com.ecommerce.cnj70.security.JwtAuthenticationFilter.doFilterInternal(JwtAuthenticationFilter.java:70) ~[classes/:na]
	at org.springframework.web.filter.OncePerRequestFilter.doFilter(OncePerRequestFilter.java:116) ~[spring-web-6.1.1.jar:6.1.1]
	at org.springframework.security.web.FilterChainProxy$VirtualFilterChain.doFilter(FilterChainProxy.java:374) ~[spring-security-web-6.2.0.jar:6.2.0]
	at org.springframework.security.web.authentication.logout.LogoutFilter.doFilter(LogoutFilter.java:107) ~[spring-security-web-6.2.0.jar:6.2.0]
	at org.springframework.security.web.authentication.logout.LogoutFilter.doFilter(LogoutFilter.java:93) ~[spring-security-web-6.2.0.jar:6.2.0]
	at org.springframework.security.web.FilterChainProxy$VirtualFilterChain.doFilter(FilterChainProxy.java:374) ~[spring-security-web-6.2.0.jar:6.2.0]
	at org.springframework.web.filter.CorsFilter.doFilterInternal(CorsFilter.java:91) ~[spring-web-6.1.1.jar:6.1.1]
	at org.springframework.web.filter.OncePerRequestFilter.doFilter(OncePerRequestFilter.java:116) ~[spring-web-6.1.1.jar:6.1.1]
	at org.springframework.security.web.FilterChainProxy$VirtualFilterChain.doFilter(FilterChainProxy.java:374) ~[spring-security-web-6.2.0.jar:6.2.0]
	at org.springframework.security.web.header.HeaderWriterFilter.doHeadersAfter(HeaderWriterFilter.java:90) ~[spring-security-web-6.2.0.jar:6.2.0]
	at org.springframework.security.web.header.HeaderWriterFilter.doFilterInternal(HeaderWriterFilter.java:75) ~[spring-security-web-6.2.0.jar:6.2.0]
	at org.springframework.web.filter.OncePerRequestFilter.doFilter(OncePerRequestFilter.java:116) ~[spring-web-6.1.1.jar:6.1.1]
	at org.springframework.security.web.FilterChainProxy$VirtualFilterChain.doFilter(FilterChainProxy.java:374) ~[spring-security-web-6.2.0.jar:6.2.0]
	at org.springframework.security.web.context.SecurityContextHolderFilter.doFilter(SecurityContextHolderFilter.java:82) ~[spring-security-web-6.2.0.jar:6.2.0]
	at org.springframework.security.web.context.SecurityContextHolderFilter.doFilter(SecurityContextHolderFilter.java:69) ~[spring-security-web-6.2.0.jar:6.2.0]
	at org.springframework.security.web.FilterChainProxy$VirtualFilterChain.doFilter(FilterChainProxy.java:374) ~[spring-security-web-6.2.0.jar:6.2.0]
	at org.springframework.security.web.context.request.async.WebAsyncManagerIntegrationFilter.doFilterInternal(WebAsyncManagerIntegrationFilter.java:62) ~[spring-security-web-6.2.0.jar:6.2.0]
	at org.springframework.web.filter.OncePerRequestFilter.doFilter(OncePerRequestFilter.java:116) ~[spring-web-6.1.1.jar:6.1.1]
	at org.springframework.security.web.FilterChainProxy$VirtualFilterChain.doFilter(FilterChainProxy.java:374) ~[spring-security-web-6.2.0.jar:6.2.0]
	at org.springframework.security.web.session.DisableEncodeUrlFilter.doFilterInternal(DisableEncodeUrlFilter.java:42) ~[spring-security-web-6.2.0.jar:6.2.0]
	at org.springframework.web.filter.OncePerRequestFilter.doFilter(OncePerRequestFilter.java:116) ~[spring-web-6.1.1.jar:6.1.1]
	at org.springframework.security.web.FilterChainProxy$VirtualFilterChain.doFilter(FilterChainProxy.java:374) ~[spring-security-web-6.2.0.jar:6.2.0]
	at org.springframework.security.web.FilterChainProxy.doFilterInternal(FilterChainProxy.java:233) ~[spring-security-web-6.2.0.jar:6.2.0]
	at org.springframework.security.web.FilterChainProxy.doFilter(FilterChainProxy.java:191) ~[spring-security-web-6.2.0.jar:6.2.0]
	at org.springframework.web.filter.DelegatingFilterProxy.invokeDelegate(DelegatingFilterProxy.java:352) ~[spring-web-6.1.1.jar:6.1.1]
	at org.springframework.web.filter.DelegatingFilterProxy.doFilter(DelegatingFilterProxy.java:268) ~[spring-web-6.1.1.jar:6.1.1]
	at org.apache.catalina.core.ApplicationFilterChain.internalDoFilter(ApplicationFilterChain.java:174) ~[tomcat-embed-core-10.1.16.jar:10.1.16]
	at org.apache.catalina.core.ApplicationFilterChain.doFilter(ApplicationFilterChain.java:149) ~[tomcat-embed-core-10.1.16.jar:10.1.16]
	at org.springframework.web.filter.RequestContextFilter.doFilterInternal(RequestContextFilter.java:100) ~[spring-web-6.1.1.jar:6.1.1]
	at org.springframework.web.filter.OncePerRequestFilter.doFilter(OncePerRequestFilter.java:116) ~[spring-web-6.1.1.jar:6.1.1]
	at org.apache.catalina.core.ApplicationFilterChain.internalDoFilter(ApplicationFilterChain.java:174) ~[tomcat-embed-core-10.1.16.jar:10.1.16]
	at org.apache.catalina.core.ApplicationFilterChain.doFilter(ApplicationFilterChain.java:149) ~[tomcat-embed-core-10.1.16.jar:10.1.16]
	at org.springframework.web.filter.FormContentFilter.doFilterInternal(FormContentFilter.java:93) ~[spring-web-6.1.1.jar:6.1.1]
	at org.springframework.web.filter.OncePerRequestFilter.doFilter(OncePerRequestFilter.java:116) ~[spring-web-6.1.1.jar:6.1.1]
	at org.apache.catalina.core.ApplicationFilterChain.internalDoFilter(ApplicationFilterChain.java:174) ~[tomcat-embed-core-10.1.16.jar:10.1.16]
	at org.apache.catalina.core.ApplicationFilterChain.doFilter(ApplicationFilterChain.java:149) ~[tomcat-embed-core-10.1.16.jar:10.1.16]
	at org.springframework.web.filter.CharacterEncodingFilter.doFilterInternal(CharacterEncodingFilter.java:201) ~[spring-web-6.1.1.jar:6.1.1]
	at org.springframework.web.filter.OncePerRequestFilter.doFilter(OncePerRequestFilter.java:116) ~[spring-web-6.1.1.jar:6.1.1]
	at org.apache.catalina.core.ApplicationFilterChain.internalDoFilter(ApplicationFilterChain.java:174) ~[tomcat-embed-core-10.1.16.jar:10.1.16]
	at org.apache.catalina.core.ApplicationFilterChain.doFilter(ApplicationFilterChain.java:149) ~[tomcat-embed-core-10.1.16.jar:10.1.16]
	at org.apache.catalina.core.StandardWrapperValve.invoke(StandardWrapperValve.java:167) ~[tomcat-embed-core-10.1.16.jar:10.1.16]
	at org.apache.catalina.core.StandardContextValve.invoke(StandardContextValve.java:90) ~[tomcat-embed-core-10.1.16.jar:10.1.16]
	at org.apache.catalina.authenticator.AuthenticatorBase.invoke(AuthenticatorBase.java:482) ~[tomcat-embed-core-10.1.16.jar:10.1.16]
	at org.apache.catalina.core.StandardHostValve.invoke(StandardHostValve.java:115) ~[tomcat-embed-core-10.1.16.jar:10.1.16]
	at org.apache.catalina.valves.ErrorReportValve.invoke(ErrorReportValve.java:93) ~[tomcat-embed-core-10.1.16.jar:10.1.16]
	at org.apache.catalina.core.StandardEngineValve.invoke(StandardEngineValve.java:74) ~[tomcat-embed-core-10.1.16.jar:10.1.16]
	at org.apache.catalina.connector.CoyoteAdapter.service(CoyoteAdapter.java:340) ~[tomcat-embed-core-10.1.16.jar:10.1.16]
	at org.apache.coyote.http11.Http11Processor.service(Http11Processor.java:391) ~[tomcat-embed-core-10.1.16.jar:10.1.16]
	at org.apache.coyote.AbstractProcessorLight.process(AbstractProcessorLight.java:63) ~[tomcat-embed-core-10.1.16.jar:10.1.16]
	at org.apache.coyote.AbstractProtocol$ConnectionHandler.process(AbstractProtocol.java:896) ~[tomcat-embed-core-10.1.16.jar:10.1.16]
	at org.apache.tomcat.util.net.NioEndpoint$SocketProcessor.doRun(NioEndpoint.java:1744) ~[tomcat-embed-core-10.1.16.jar:10.1.16]
	at org.apache.tomcat.util.net.SocketProcessorBase.run(SocketProcessorBase.java:52) ~[tomcat-embed-core-10.1.16.jar:10.1.16]
	at org.apache.tomcat.util.threads.ThreadPoolExecutor.runWorker(ThreadPoolExecutor.java:1191) ~[tomcat-embed-core-10.1.16.jar:10.1.16]
	at org.apache.tomcat.util.threads.ThreadPoolExecutor$Worker.run(ThreadPoolExecutor.java:659) ~[tomcat-embed-core-10.1.16.jar:10.1.16]
	at org.apache.tomcat.util.threads.TaskThread$WrappingRunnable.run(TaskThread.java:61) ~[tomcat-embed-core-10.1.16.jar:10.1.16]
	at java.base/java.lang.Thread.run(Thread.java:1583) ~[na:na]
Caused by: org.attoparser.ParseException: Exception evaluating SpringEL expression: "v.status.name() == 'OPEN'" (template: "admin/violation-detail" - line 55, col 19)
	at org.attoparser.MarkupParser.parseDocument(MarkupParser.java:393) ~[attoparser-2.0.7.RELEASE.jar:2.0.7.RELEASE]
	at org.attoparser.MarkupParser.parse(MarkupParser.java:257) ~[attoparser-2.0.7.RELEASE.jar:2.0.7.RELEASE]
	at org.thymeleaf.templateparser.markup.AbstractMarkupTemplateParser.parse(AbstractMarkupTemplateParser.java:230) ~[thymeleaf-3.1.2.RELEASE.jar:3.1.2.RELEASE]
	... 95 common frames omitted
Caused by: org.thymeleaf.exceptions.TemplateProcessingException: Exception evaluating SpringEL expression: "v.status.name() == 'OPEN'" (template: "admin/violation-detail" - line 55, col 19)
	at org.thymeleaf.spring6.expression.SPELVariableExpressionEvaluator.evaluate(SPELVariableExpressionEvaluator.java:292) ~[thymeleaf-spring6-3.1.2.RELEASE.jar:3.1.2.RELEASE]
	at org.thymeleaf.standard.expression.VariableExpression.executeVariableExpression(VariableExpression.java:166) ~[thymeleaf-3.1.2.RELEASE.jar:3.1.2.RELEASE]
	at org.thymeleaf.standard.expression.SimpleExpression.executeSimple(SimpleExpression.java:66) ~[thymeleaf-3.1.2.RELEASE.jar:3.1.2.RELEASE]
	at org.thymeleaf.standard.expression.Expression.execute(Expression.java:109) ~[thymeleaf-3.1.2.RELEASE.jar:3.1.2.RELEASE]
	at org.thymeleaf.standard.expression.Expression.execute(Expression.java:138) ~[thymeleaf-3.1.2.RELEASE.jar:3.1.2.RELEASE]
	at org.thymeleaf.standard.expression.ConditionalExpression.executeConditional(ConditionalExpression.java:209) ~[thymeleaf-3.1.2.RELEASE.jar:3.1.2.RELEASE]
	at org.thymeleaf.standard.expression.ComplexExpression.executeComplex(ComplexExpression.java:77) ~[thymeleaf-3.1.2.RELEASE.jar:3.1.2.RELEASE]
	at org.thymeleaf.standard.expression.Expression.execute(Expression.java:112) ~[thymeleaf-3.1.2.RELEASE.jar:3.1.2.RELEASE]
	at org.thymeleaf.standard.expression.Expression.execute(Expression.java:138) ~[thymeleaf-3.1.2.RELEASE.jar:3.1.2.RELEASE]
	at org.thymeleaf.standard.processor.AbstractStandardExpressionAttributeTagProcessor.doProcess(AbstractStandardExpressionAttributeTagProcessor.java:144) ~[thymeleaf-3.1.2.RELEASE.jar:3.1.2.RELEASE]
	at org.thymeleaf.processor.element.AbstractAttributeTagProcessor.doProcess(AbstractAttributeTagProcessor.java:74) ~[thymeleaf-3.1.2.RELEASE.jar:3.1.2.RELEASE]
	at org.thymeleaf.processor.element.AbstractElementTagProcessor.process(AbstractElementTagProcessor.java:95) ~[thymeleaf-3.1.2.RELEASE.jar:3.1.2.RELEASE]
	at org.thymeleaf.util.ProcessorConfigurationUtils$ElementTagProcessorWrapper.process(ProcessorConfigurationUtils.java:633) ~[thymeleaf-3.1.2.RELEASE.jar:3.1.2.RELEASE]
	at org.thymeleaf.engine.ProcessorTemplateHandler.handleOpenElement(ProcessorTemplateHandler.java:1314) ~[thymeleaf-3.1.2.RELEASE.jar:3.1.2.RELEASE]
	at org.thymeleaf.engine.OpenElementTag.beHandled(OpenElementTag.java:205) ~[thymeleaf-3.1.2.RELEASE.jar:3.1.2.RELEASE]
	at org.thymeleaf.engine.Model.process(Model.java:282) ~[thymeleaf-3.1.2.RELEASE.jar:3.1.2.RELEASE]
	at org.thymeleaf.engine.ProcessorTemplateHandler.handleOpenElement(ProcessorTemplateHandler.java:1587) ~[thymeleaf-3.1.2.RELEASE.jar:3.1.2.RELEASE]
	at org.thymeleaf.engine.OpenElementTag.beHandled(OpenElementTag.java:205) ~[thymeleaf-3.1.2.RELEASE.jar:3.1.2.RELEASE]
	at org.thymeleaf.engine.Model.process(Model.java:282) ~[thymeleaf-3.1.2.RELEASE.jar:3.1.2.RELEASE]
	at org.thymeleaf.engine.ProcessorTemplateHandler.handleOpenElement(ProcessorTemplateHandler.java:1587) ~[thymeleaf-3.1.2.RELEASE.jar:3.1.2.RELEASE]
	at org.thymeleaf.engine.TemplateHandlerAdapterMarkupHandler.handleOpenElementEnd(TemplateHandlerAdapterMarkupHandler.java:304) ~[thymeleaf-3.1.2.RELEASE.jar:3.1.2.RELEASE]
	at org.thymeleaf.templateparser.markup.InlinedOutputExpressionMarkupHandler$InlineMarkupAdapterPreProcessorHandler.handleOpenElementEnd(InlinedOutputExpressionMarkupHandler.java:278) ~[thymeleaf-3.1.2.RELEASE.jar:3.1.2.RELEASE]
	at org.thymeleaf.standard.inline.OutputExpressionInlinePreProcessorHandler.handleOpenElementEnd(OutputExpressionInlinePreProcessorHandler.java:186) ~[thymeleaf-3.1.2.RELEASE.jar:3.1.2.RELEASE]
	at org.thymeleaf.templateparser.markup.InlinedOutputExpressionMarkupHandler.handleOpenElementEnd(InlinedOutputExpressionMarkupHandler.java:124) ~[thymeleaf-3.1.2.RELEASE.jar:3.1.2.RELEASE]
	at org.attoparser.HtmlElement.handleOpenElementEnd(HtmlElement.java:109) ~[attoparser-2.0.7.RELEASE.jar:2.0.7.RELEASE]
	at org.attoparser.HtmlMarkupHandler.handleOpenElementEnd(HtmlMarkupHandler.java:297) ~[attoparser-2.0.7.RELEASE.jar:2.0.7.RELEASE]
	at org.attoparser.MarkupEventProcessorHandler.handleOpenElementEnd(MarkupEventProcessorHandler.java:402) ~[attoparser-2.0.7.RELEASE.jar:2.0.7.RELEASE]
	at org.attoparser.ParsingElementMarkupUtil.parseOpenElement(ParsingElementMarkupUtil.java:159) ~[attoparser-2.0.7.RELEASE.jar:2.0.7.RELEASE]
	at org.attoparser.MarkupParser.parseBuffer(MarkupParser.java:710) ~[attoparser-2.0.7.RELEASE.jar:2.0.7.RELEASE]
	at org.attoparser.MarkupParser.parseDocument(MarkupParser.java:301) ~[attoparser-2.0.7.RELEASE.jar:2.0.7.RELEASE]
	... 97 common frames omitted
Caused by: org.springframework.expression.spel.SpelEvaluationException: EL1004E: Method call: Method name() cannot be found on type java.lang.String
	at org.springframework.expression.spel.ast.MethodReference.findAccessorForMethod(MethodReference.java:237) ~[spring-expression-6.1.1.jar:6.1.1]
	at org.springframework.expression.spel.ast.MethodReference.getValueInternal(MethodReference.java:147) ~[spring-expression-6.1.1.jar:6.1.1]
	at org.springframework.expression.spel.ast.MethodReference$MethodValueRef.getValue(MethodReference.java:400) ~[spring-expression-6.1.1.jar:6.1.1]
	at org.springframework.expression.spel.ast.CompoundExpression.getValueInternal(CompoundExpression.java:98) ~[spring-expression-6.1.1.jar:6.1.1]
	at org.springframework.expression.spel.ast.OpEQ.getValueInternal(OpEQ.java:42) ~[spring-expression-6.1.1.jar:6.1.1]
	at org.springframework.expression.spel.ast.OpEQ.getValueInternal(OpEQ.java:32) ~[spring-expression-6.1.1.jar:6.1.1]
	at org.springframework.expression.spel.ast.SpelNodeImpl.getValue(SpelNodeImpl.java:114) ~[spring-expression-6.1.1.jar:6.1.1]
	at org.springframework.expression.spel.standard.SpelExpression.getValue(SpelExpression.java:338) ~[spring-expression-6.1.1.jar:6.1.1]
	at org.thymeleaf.spring6.expression.SPELVariableExpressionEvaluator.evaluate(SPELVariableExpressionEvaluator.java:265) ~[thymeleaf-spring6-3.1.2.RELEASE.jar:3.1.2.RELEASE]
	... 126 common frames omitted

2026-09-25T17:53:17.523+07:00 ERROR 36788 --- [CNJ70 Ecommerce] [nio-8081-exec-7] o.a.c.c.C.[.[.[/].[dispatcherServlet]    : Servlet.service() for servlet [dispatcherServlet] in context with path [] threw exception [Request processing failed: org.thymeleaf.exceptions.TemplateInputException: An error happened during template parsing (template: "class path resource [templates/admin/violation-detail.html]")] with root cause

org.springframework.expression.spel.SpelEvaluationException: EL1004E: Method call: Method name() cannot be found on type java.lang.String
	at org.springframework.expression.spel.ast.MethodReference.findAccessorForMethod(MethodReference.java:237) ~[spring-expression-6.1.1.jar:6.1.1]
	at org.springframework.expression.spel.ast.MethodReference.getValueInternal(MethodReference.java:147) ~[spring-expression-6.1.1.jar:6.1.1]
	at org.springframework.expression.spel.ast.MethodReference$MethodValueRef.getValue(MethodReference.java:400) ~[spring-expression-6.1.1.jar:6.1.1]
	at org.springframework.expression.spel.ast.CompoundExpression.getValueInternal(CompoundExpression.java:98) ~[spring-expression-6.1.1.jar:6.1.1]
	at org.springframework.expression.spel.ast.OpEQ.getValueInternal(OpEQ.java:42) ~[spring-expression-6.1.1.jar:6.1.1]
	at org.springframework.expression.spel.ast.OpEQ.getValueInternal(OpEQ.java:32) ~[spring-expression-6.1.1.jar:6.1.1]
	at org.springframework.expression.spel.ast.SpelNodeImpl.getValue(SpelNodeImpl.java:114) ~[spring-expression-6.1.1.jar:6.1.1]
	at org.springframework.expression.spel.standard.SpelExpression.getValue(SpelExpression.java:338) ~[spring-expression-6.1.1.jar:6.1.1]
	at org.thymeleaf.spring6.expression.SPELVariableExpressionEvaluator.evaluate(SPELVariableExpressionEvaluator.java:265) ~[thymeleaf-spring6-3.1.2.RELEASE.jar:3.1.2.RELEASE]
	at org.thymeleaf.standard.expression.VariableExpression.executeVariableExpression(VariableExpression.java:166) ~[thymeleaf-3.1.2.RELEASE.jar:3.1.2.RELEASE]
	at org.thymeleaf.standard.expression.SimpleExpression.executeSimple(SimpleExpression.java:66) ~[thymeleaf-3.1.2.RELEASE.jar:3.1.2.RELEASE]
	at org.thymeleaf.standard.expression.Expression.execute(Expression.java:109) ~[thymeleaf-3.1.2.RELEASE.jar:3.1.2.RELEASE]
	at org.thymeleaf.standard.expression.Expression.execute(Expression.java:138) ~[thymeleaf-3.1.2.RELEASE.jar:3.1.2.RELEASE]
	at org.thymeleaf.standard.expression.ConditionalExpression.executeConditional(ConditionalExpression.java:209) ~[thymeleaf-3.1.2.RELEASE.jar:3.1.2.RELEASE]
	at org.thymeleaf.standard.expression.ComplexExpression.executeComplex(ComplexExpression.java:77) ~[thymeleaf-3.1.2.RELEASE.jar:3.1.2.RELEASE]
	at org.thymeleaf.standard.expression.Expression.execute(Expression.java:112) ~[thymeleaf-3.1.2.RELEASE.jar:3.1.2.RELEASE]
	at org.thymeleaf.standard.expression.Expression.execute(Expression.java:138) ~[thymeleaf-3.1.2.RELEASE.jar:3.1.2.RELEASE]
	at org.thymeleaf.standard.processor.AbstractStandardExpressionAttributeTagProcessor.doProcess(AbstractStandardExpressionAttributeTagProcessor.java:144) ~[thymeleaf-3.1.2.RELEASE.jar:3.1.2.RELEASE]
	at org.thymeleaf.processor.element.AbstractAttributeTagProcessor.doProcess(AbstractAttributeTagProcessor.java:74) ~[thymeleaf-3.1.2.RELEASE.jar:3.1.2.RELEASE]
	at org.thymeleaf.processor.element.AbstractElementTagProcessor.process(AbstractElementTagProcessor.java:95) ~[thymeleaf-3.1.2.RELEASE.jar:3.1.2.RELEASE]
	at org.thymeleaf.util.ProcessorConfigurationUtils$ElementTagProcessorWrapper.process(ProcessorConfigurationUtils.java:633) ~[thymeleaf-3.1.2.RELEASE.jar:3.1.2.RELEASE]
	at org.thymeleaf.engine.ProcessorTemplateHandler.handleOpenElement(ProcessorTemplateHandler.java:1314) ~[thymeleaf-3.1.2.RELEASE.jar:3.1.2.RELEASE]
	at org.thymeleaf.engine.OpenElementTag.beHandled(OpenElementTag.java:205) ~[thymeleaf-3.1.2.RELEASE.jar:3.1.2.RELEASE]
	at org.thymeleaf.engine.Model.process(Model.java:282) ~[thymeleaf-3.1.2.RELEASE.jar:3.1.2.RELEASE]
	at org.thymeleaf.engine.ProcessorTemplateHandler.handleOpenElement(ProcessorTemplateHandler.java:1587) ~[thymeleaf-3.1.2.RELEASE.jar:3.1.2.RELEASE]
	at org.thymeleaf.engine.OpenElementTag.beHandled(OpenElementTag.java:205) ~[thymeleaf-3.1.2.RELEASE.jar:3.1.2.RELEASE]
	at org.thymeleaf.engine.Model.process(Model.java:282) ~[thymeleaf-3.1.2.RELEASE.jar:3.1.2.RELEASE]
	at org.thymeleaf.engine.ProcessorTemplateHandler.handleOpenElement(ProcessorTemplateHandler.java:1587) ~[thymeleaf-3.1.2.RELEASE.jar:3.1.2.RELEASE]
	at org.thymeleaf.engine.TemplateHandlerAdapterMarkupHandler.handleOpenElementEnd(TemplateHandlerAdapterMarkupHandler.java:304) ~[thymeleaf-3.1.2.RELEASE.jar:3.1.2.RELEASE]
	at org.thymeleaf.templateparser.markup.InlinedOutputExpressionMarkupHandler$InlineMarkupAdapterPreProcessorHandler.handleOpenElementEnd(InlinedOutputExpressionMarkupHandler.java:278) ~[thymeleaf-3.1.2.RELEASE.jar:3.1.2.RELEASE]
	at org.thymeleaf.standard.inline.OutputExpressionInlinePreProcessorHandler.handleOpenElementEnd(OutputExpressionInlinePreProcessorHandler.java:186) ~[thymeleaf-3.1.2.RELEASE.jar:3.1.2.RELEASE]
	at org.thymeleaf.templateparser.markup.InlinedOutputExpressionMarkupHandler.handleOpenElementEnd(InlinedOutputExpressionMarkupHandler.java:124) ~[thymeleaf-3.1.2.RELEASE.jar:3.1.2.RELEASE]
	at org.attoparser.HtmlElement.handleOpenElementEnd(HtmlElement.java:109) ~[attoparser-2.0.7.RELEASE.jar:2.0.7.RELEASE]
	at org.attoparser.HtmlMarkupHandler.handleOpenElementEnd(HtmlMarkupHandler.java:297) ~[attoparser-2.0.7.RELEASE.jar:2.0.7.RELEASE]
	at org.attoparser.MarkupEventProcessorHandler.handleOpenElementEnd(MarkupEventProcessorHandler.java:402) ~[attoparser-2.0.7.RELEASE.jar:2.0.7.RELEASE]
	at org.attoparser.ParsingElementMarkupUtil.parseOpenElement(ParsingElementMarkupUtil.java:159) ~[attoparser-2.0.7.RELEASE.jar:2.0.7.RELEASE]
	at org.attoparser.MarkupParser.parseBuffer(MarkupParser.java:710) ~[attoparser-2.0.7.RELEASE.jar:2.0.7.RELEASE]
	at org.attoparser.MarkupParser.parseDocument(MarkupParser.java:301) ~[attoparser-2.0.7.RELEASE.jar:2.0.7.RELEASE]
	at org.attoparser.MarkupParser.parse(MarkupParser.java:257) ~[attoparser-2.0.7.RELEASE.jar:2.0.7.RELEASE]
	at org.thymeleaf.templateparser.markup.AbstractMarkupTemplateParser.parse(AbstractMarkupTemplateParser.java:230) ~[thymeleaf-3.1.2.RELEASE.jar:3.1.2.RELEASE]
	at org.thymeleaf.templateparser.markup.AbstractMarkupTemplateParser.parseStandalone(AbstractMarkupTemplateParser.java:100) ~[thymeleaf-3.1.2.RELEASE.jar:3.1.2.RELEASE]
	at org.thymeleaf.engine.TemplateManager.parseAndProcess(TemplateManager.java:666) ~[thymeleaf-3.1.2.RELEASE.jar:3.1.2.RELEASE]
	at org.thymeleaf.TemplateEngine.process(TemplateEngine.java:1103) ~[thymeleaf-3.1.2.RELEASE.jar:3.1.2.RELEASE]
	at org.thymeleaf.TemplateEngine.process(TemplateEngine.java:1077) ~[thymeleaf-3.1.2.RELEASE.jar:3.1.2.RELEASE]
	at org.thymeleaf.spring6.view.ThymeleafView.renderFragment(ThymeleafView.java:372) ~[thymeleaf-spring6-3.1.2.RELEASE.jar:3.1.2.RELEASE]
	at org.thymeleaf.spring6.view.ThymeleafView.render(ThymeleafView.java:192) ~[thymeleaf-spring6-3.1.2.RELEASE.jar:3.1.2.RELEASE]
	at org.springframework.web.servlet.DispatcherServlet.render(DispatcherServlet.java:1431) ~[spring-webmvc-6.1.1.jar:6.1.1]
	at org.springframework.web.servlet.DispatcherServlet.processDispatchResult(DispatcherServlet.java:1167) ~[spring-webmvc-6.1.1.jar:6.1.1]
	at org.springframework.web.servlet.DispatcherServlet.doDispatch(DispatcherServlet.java:1106) ~[spring-webmvc-6.1.1.jar:6.1.1]
	at org.springframework.web.servlet.DispatcherServlet.doService(DispatcherServlet.java:979) ~[spring-webmvc-6.1.1.jar:6.1.1]
	at org.springframework.web.servlet.FrameworkServlet.processRequest(FrameworkServlet.java:1014) ~[spring-webmvc-6.1.1.jar:6.1.1]
	at org.springframework.web.servlet.FrameworkServlet.doGet(FrameworkServlet.java:903) ~[spring-webmvc-6.1.1.jar:6.1.1]
	at jakarta.servlet.http.HttpServlet.service(HttpServlet.java:564) ~[tomcat-embed-core-10.1.16.jar:6.0]
	at org.springframework.web.servlet.FrameworkServlet.service(FrameworkServlet.java:885) ~[spring-webmvc-6.1.1.jar:6.1.1]
	at jakarta.servlet.http.HttpServlet.service(HttpServlet.java:658) ~[tomcat-embed-core-10.1.16.jar:6.0]
	at org.apache.catalina.core.ApplicationFilterChain.internalDoFilter(ApplicationFilterChain.java:205) ~[tomcat-embed-core-10.1.16.jar:10.1.16]
	at org.apache.catalina.core.ApplicationFilterChain.doFilter(ApplicationFilterChain.java:149) ~[tomcat-embed-core-10.1.16.jar:10.1.16]
	at org.apache.tomcat.websocket.server.WsFilter.doFilter(WsFilter.java:51) ~[tomcat-embed-websocket-10.1.16.jar:10.1.16]
	at org.apache.catalina.core.ApplicationFilterChain.internalDoFilter(ApplicationFilterChain.java:174) ~[tomcat-embed-core-10.1.16.jar:10.1.16]
	at org.apache.catalina.core.ApplicationFilterChain.doFilter(ApplicationFilterChain.java:149) ~[tomcat-embed-core-10.1.16.jar:10.1.16]
	at org.springframework.web.filter.OncePerRequestFilter.doFilter(OncePerRequestFilter.java:110) ~[spring-web-6.1.1.jar:6.1.1]
	at org.apache.catalina.core.ApplicationFilterChain.internalDoFilter(ApplicationFilterChain.java:174) ~[tomcat-embed-core-10.1.16.jar:10.1.16]
	at org.apache.catalina.core.ApplicationFilterChain.doFilter(ApplicationFilterChain.java:149) ~[tomcat-embed-core-10.1.16.jar:10.1.16]
	at org.springframework.security.web.FilterChainProxy.lambda$doFilterInternal$3(FilterChainProxy.java:231) ~[spring-security-web-6.2.0.jar:6.2.0]
	at org.springframework.security.web.FilterChainProxy$VirtualFilterChain.doFilter(FilterChainProxy.java:365) ~[spring-security-web-6.2.0.jar:6.2.0]
	at org.springframework.security.web.access.intercept.AuthorizationFilter.doFilter(AuthorizationFilter.java:100) ~[spring-security-web-6.2.0.jar:6.2.0]
	at org.springframework.security.web.FilterChainProxy$VirtualFilterChain.doFilter(FilterChainProxy.java:374) ~[spring-security-web-6.2.0.jar:6.2.0]
	at org.springframework.security.web.access.ExceptionTranslationFilter.doFilter(ExceptionTranslationFilter.java:126) ~[spring-security-web-6.2.0.jar:6.2.0]
	at org.springframework.security.web.access.ExceptionTranslationFilter.doFilter(ExceptionTranslationFilter.java:120) ~[spring-security-web-6.2.0.jar:6.2.0]
	at org.springframework.security.web.FilterChainProxy$VirtualFilterChain.doFilter(FilterChainProxy.java:374) ~[spring-security-web-6.2.0.jar:6.2.0]
	at org.springframework.security.web.session.SessionManagementFilter.doFilter(SessionManagementFilter.java:131) ~[spring-security-web-6.2.0.jar:6.2.0]
	at org.springframework.security.web.session.SessionManagementFilter.doFilter(SessionManagementFilter.java:85) ~[spring-security-web-6.2.0.jar:6.2.0]
	at org.springframework.security.web.FilterChainProxy$VirtualFilterChain.doFilter(FilterChainProxy.java:374) ~[spring-security-web-6.2.0.jar:6.2.0]
	at org.springframework.security.web.authentication.AnonymousAuthenticationFilter.doFilter(AnonymousAuthenticationFilter.java:100) ~[spring-security-web-6.2.0.jar:6.2.0]
	at org.springframework.security.web.FilterChainProxy$VirtualFilterChain.doFilter(FilterChainProxy.java:374) ~[spring-security-web-6.2.0.jar:6.2.0]
	at org.springframework.security.web.servletapi.SecurityContextHolderAwareRequestFilter.doFilter(SecurityContextHolderAwareRequestFilter.java:179) ~[spring-security-web-6.2.0.jar:6.2.0]
	at org.springframework.security.web.FilterChainProxy$VirtualFilterChain.doFilter(FilterChainProxy.java:374) ~[spring-security-web-6.2.0.jar:6.2.0]
	at org.springframework.security.web.savedrequest.RequestCacheAwareFilter.doFilter(RequestCacheAwareFilter.java:63) ~[spring-security-web-6.2.0.jar:6.2.0]
	at org.springframework.security.web.FilterChainProxy$VirtualFilterChain.doFilter(FilterChainProxy.java:374) ~[spring-security-web-6.2.0.jar:6.2.0]
	at com.ecommerce.cnj70.security.JwtAuthenticationFilter.doFilterInternal(JwtAuthenticationFilter.java:70) ~[classes/:na]
	at org.springframework.web.filter.OncePerRequestFilter.doFilter(OncePerRequestFilter.java:116) ~[spring-web-6.1.1.jar:6.1.1]
	at org.springframework.security.web.FilterChainProxy$VirtualFilterChain.doFilter(FilterChainProxy.java:374) ~[spring-security-web-6.2.0.jar:6.2.0]
	at org.springframework.security.web.authentication.logout.LogoutFilter.doFilter(LogoutFilter.java:107) ~[spring-security-web-6.2.0.jar:6.2.0]
	at org.springframework.security.web.authentication.logout.LogoutFilter.doFilter(LogoutFilter.java:93) ~[spring-security-web-6.2.0.jar:6.2.0]
	at org.springframework.security.web.FilterChainProxy$VirtualFilterChain.doFilter(FilterChainProxy.java:374) ~[spring-security-web-6.2.0.jar:6.2.0]
	at org.springframework.web.filter.CorsFilter.doFilterInternal(CorsFilter.java:91) ~[spring-web-6.1.1.jar:6.1.1]
	at org.springframework.web.filter.OncePerRequestFilter.doFilter(OncePerRequestFilter.java:116) ~[spring-web-6.1.1.jar:6.1.1]
	at org.springframework.security.web.FilterChainProxy$VirtualFilterChain.doFilter(FilterChainProxy.java:374) ~[spring-security-web-6.2.0.jar:6.2.0]
	at org.springframework.security.web.header.HeaderWriterFilter.doHeadersAfter(HeaderWriterFilter.java:90) ~[spring-security-web-6.2.0.jar:6.2.0]
	at org.springframework.security.web.header.HeaderWriterFilter.doFilterInternal(HeaderWriterFilter.java:75) ~[spring-security-web-6.2.0.jar:6.2.0]
	at org.springframework.web.filter.OncePerRequestFilter.doFilter(OncePerRequestFilter.java:116) ~[spring-web-6.1.1.jar:6.1.1]
	at org.springframework.security.web.FilterChainProxy$VirtualFilterChain.doFilter(FilterChainProxy.java:374) ~[spring-security-web-6.2.0.jar:6.2.0]
	at org.springframework.security.web.context.SecurityContextHolderFilter.doFilter(SecurityContextHolderFilter.java:82) ~[spring-security-web-6.2.0.jar:6.2.0]
	at org.springframework.security.web.context.SecurityContextHolderFilter.doFilter(SecurityContextHolderFilter.java:69) ~[spring-security-web-6.2.0.jar:6.2.0]
	at org.springframework.security.web.FilterChainProxy$VirtualFilterChain.doFilter(FilterChainProxy.java:374) ~[spring-security-web-6.2.0.jar:6.2.0]
	at org.springframework.security.web.context.request.async.WebAsyncManagerIntegrationFilter.doFilterInternal(WebAsyncManagerIntegrationFilter.java:62) ~[spring-security-web-6.2.0.jar:6.2.0]
	at org.springframework.web.filter.OncePerRequestFilter.doFilter(OncePerRequestFilter.java:116) ~[spring-web-6.1.1.jar:6.1.1]
	at org.springframework.security.web.FilterChainProxy$VirtualFilterChain.doFilter(FilterChainProxy.java:374) ~[spring-security-web-6.2.0.jar:6.2.0]
	at org.springframework.security.web.session.DisableEncodeUrlFilter.doFilterInternal(DisableEncodeUrlFilter.java:42) ~[spring-security-web-6.2.0.jar:6.2.0]
	at org.springframework.web.filter.OncePerRequestFilter.doFilter(OncePerRequestFilter.java:116) ~[spring-web-6.1.1.jar:6.1.1]
	at org.springframework.security.web.FilterChainProxy$VirtualFilterChain.doFilter(FilterChainProxy.java:374) ~[spring-security-web-6.2.0.jar:6.2.0]
	at org.springframework.security.web.FilterChainProxy.doFilterInternal(FilterChainProxy.java:233) ~[spring-security-web-6.2.0.jar:6.2.0]
	at org.springframework.security.web.FilterChainProxy.doFilter(FilterChainProxy.java:191) ~[spring-security-web-6.2.0.jar:6.2.0]
	at org.springframework.web.filter.DelegatingFilterProxy.invokeDelegate(DelegatingFilterProxy.java:352) ~[spring-web-6.1.1.jar:6.1.1]
	at org.springframework.web.filter.DelegatingFilterProxy.doFilter(DelegatingFilterProxy.java:268) ~[spring-web-6.1.1.jar:6.1.1]
	at org.apache.catalina.core.ApplicationFilterChain.internalDoFilter(ApplicationFilterChain.java:174) ~[tomcat-embed-core-10.1.16.jar:10.1.16]
	at org.apache.catalina.core.ApplicationFilterChain.doFilter(ApplicationFilterChain.java:149) ~[tomcat-embed-core-10.1.16.jar:10.1.16]
	at org.springframework.web.filter.RequestContextFilter.doFilterInternal(RequestContextFilter.java:100) ~[spring-web-6.1.1.jar:6.1.1]
	at org.springframework.web.filter.OncePerRequestFilter.doFilter(OncePerRequestFilter.java:116) ~[spring-web-6.1.1.jar:6.1.1]
	at org.apache.catalina.core.ApplicationFilterChain.internalDoFilter(ApplicationFilterChain.java:174) ~[tomcat-embed-core-10.1.16.jar:10.1.16]
	at org.apache.catalina.core.ApplicationFilterChain.doFilter(ApplicationFilterChain.java:149) ~[tomcat-embed-core-10.1.16.jar:10.1.16]
	at org.springframework.web.filter.FormContentFilter.doFilterInternal(FormContentFilter.java:93) ~[spring-web-6.1.1.jar:6.1.1]
	at org.springframework.web.filter.OncePerRequestFilter.doFilter(OncePerRequestFilter.java:116) ~[spring-web-6.1.1.jar:6.1.1]
	at org.apache.catalina.core.ApplicationFilterChain.internalDoFilter(ApplicationFilterChain.java:174) ~[tomcat-embed-core-10.1.16.jar:10.1.16]
	at org.apache.catalina.core.ApplicationFilterChain.doFilter(ApplicationFilterChain.java:149) ~[tomcat-embed-core-10.1.16.jar:10.1.16]
	at org.springframework.web.filter.CharacterEncodingFilter.doFilterInternal(CharacterEncodingFilter.java:201) ~[spring-web-6.1.1.jar:6.1.1]
	at org.springframework.web.filter.OncePerRequestFilter.doFilter(OncePerRequestFilter.java:116) ~[spring-web-6.1.1.jar:6.1.1]
	at org.apache.catalina.core.ApplicationFilterChain.internalDoFilter(ApplicationFilterChain.java:174) ~[tomcat-embed-core-10.1.16.jar:10.1.16]
	at org.apache.catalina.core.ApplicationFilterChain.doFilter(ApplicationFilterChain.java:149) ~[tomcat-embed-core-10.1.16.jar:10.1.16]
	at org.apache.catalina.core.StandardWrapperValve.invoke(StandardWrapperValve.java:167) ~[tomcat-embed-core-10.1.16.jar:10.1.16]
	at org.apache.catalina.core.StandardContextValve.invoke(StandardContextValve.java:90) ~[tomcat-embed-core-10.1.16.jar:10.1.16]
	at org.apache.catalina.authenticator.AuthenticatorBase.invoke(AuthenticatorBase.java:482) ~[tomcat-embed-core-10.1.16.jar:10.1.16]
	at org.apache.catalina.core.StandardHostValve.invoke(StandardHostValve.java:115) ~[tomcat-embed-core-10.1.16.jar:10.1.16]
	at org.apache.catalina.valves.ErrorReportValve.invoke(ErrorReportValve.java:93) ~[tomcat-embed-core-10.1.16.jar:10.1.16]
	at org.apache.catalina.core.StandardEngineValve.invoke(StandardEngineValve.java:74) ~[tomcat-embed-core-10.1.16.jar:10.1.16]
	at org.apache.catalina.connector.CoyoteAdapter.service(CoyoteAdapter.java:340) ~[tomcat-embed-core-10.1.16.jar:10.1.16]
	at org.apache.coyote.http11.Http11Processor.service(Http11Processor.java:391) ~[tomcat-embed-core-10.1.16.jar:10.1.16]
	at org.apache.coyote.AbstractProcessorLight.process(AbstractProcessorLight.java:63) ~[tomcat-embed-core-10.1.16.jar:10.1.16]
	at org.apache.coyote.AbstractProtocol$ConnectionHandler.process(AbstractProtocol.java:896) ~[tomcat-embed-core-10.1.16.jar:10.1.16]
	at org.apache.tomcat.util.net.NioEndpoint$SocketProcessor.doRun(NioEndpoint.java:1744) ~[tomcat-embed-core-10.1.16.jar:10.1.16]
	at org.apache.tomcat.util.net.SocketProcessorBase.run(SocketProcessorBase.java:52) ~[tomcat-embed-core-10.1.16.jar:10.1.16]
	at org.apache.tomcat.util.threads.ThreadPoolExecutor.runWorker(ThreadPoolExecutor.java:1191) ~[tomcat-embed-core-10.1.16.jar:10.1.16]
	at org.apache.tomcat.util.threads.ThreadPoolExecutor$Worker.run(ThreadPoolExecutor.java:659) ~[tomcat-embed-core-10.1.16.jar:10.1.16]
	at org.apache.tomcat.util.threads.TaskThread$WrappingRunnable.run(TaskThread.java:61) ~[tomcat-embed-core-10.1.16.jar:10.1.16]
	at java.base/java.lang.Thread.run(Thread.java:1583) ~[na:na]

2026-09-25T17:53:17.525+07:00 DEBUG 36788 --- [CNJ70 Ecommerce] [nio-8081-exec-7] o.s.security.web.FilterChainProxy        : Securing GET /error
2026-09-25T17:53:17.527+07:00 DEBUG 36788 --- [CNJ70 Ecommerce] [nio-8081-exec-7] o.s.security.web.FilterChainProxy        : Secured GET /error
2026-09-25T17:53:17.527+07:00 DEBUG 36788 --- [CNJ70 Ecommerce] [nio-8081-exec-7] o.s.s.w.a.AnonymousAuthenticationFilter  : Set SecurityContextHolder to anonymous SecurityContext
2026-09-25T17:53:17.528+07:00 DEBUG 36788 --- [CNJ70 Ecommerce] [nio-8081-exec-7] o.s.data.mongodb.core.MongoTemplate      : find using query: {} fields: Document{{}} for class: class com.ecommerce.cnj70.document.Voucher in collection: vouchers
2026-09-25T17:53:17.615+07:00 DEBUG 36788 --- [CNJ70 Ecommerce] [nio-8081-exec-9] o.s.security.web.FilterChainProxy        : Securing GET /css/style.css
2026-09-25T17:53:17.618+07:00 DEBUG 36788 --- [CNJ70 Ecommerce] [nio-8081-exec-9] o.s.d.m.r.query.MongoQueryCreator        : Created query Query: { "email" : "admin2@gmail.com"}, Fields: {}, Sort: {}
2026-09-25T17:53:17.619+07:00 DEBUG 36788 --- [CNJ70 Ecommerce] [nio-8081-exec-9] o.s.data.mongodb.core.MongoTemplate      : find using query: { "email" : "admin2@gmail.com"} fields: Document{{}} for class: class com.ecommerce.cnj70.document.User in collection: users
2026-09-25T17:53:17.679+07:00 DEBUG 36788 --- [CNJ70 Ecommerce] [nio-8081-exec-9] .s.ChangeSessionIdAuthenticationStrategy : Changed session id from C289CEFAB56C238D067BE9B1AED62828
2026-09-25T17:53:17.680+07:00 DEBUG 36788 --- [CNJ70 Ecommerce] [nio-8081-exec-9] o.s.security.web.FilterChainProxy        : Secured GET /css/style.css
2026-09-25T17:54:26.220+07:00 DEBUG 36788 --- [CNJ70 Ecommerce] [nio-8081-exec-5] o.s.security.web.FilterChainProxy        : Securing GET /admin/violations/6ab61d7259fb2a46a9b1163b
2026-09-25T17:54:26.225+07:00 DEBUG 36788 --- [CNJ70 Ecommerce] [nio-8081-exec-5] o.s.d.m.r.query.MongoQueryCreator        : Created query Query: { "email" : "admin2@gmail.com"}, Fields: {}, Sort: {}
2026-09-25T17:54:26.228+07:00 DEBUG 36788 --- [CNJ70 Ecommerce] [nio-8081-exec-5] o.s.data.mongodb.core.MongoTemplate      : find using query: { "email" : "admin2@gmail.com"} fields: Document{{}} for class: class com.ecommerce.cnj70.document.User in collection: users
2026-09-25T17:54:26.289+07:00 DEBUG 36788 --- [CNJ70 Ecommerce] [nio-8081-exec-5] .s.ChangeSessionIdAuthenticationStrategy : Changed session id from CA12879F71F281701A3FDEAC45138CEB
2026-09-25T17:54:26.303+07:00 DEBUG 36788 --- [CNJ70 Ecommerce] [nio-8081-exec-5] o.s.security.web.FilterChainProxy        : Secured GET /admin/violations/6ab61d7259fb2a46a9b1163b
2026-09-25T17:54:26.307+07:00 DEBUG 36788 --- [CNJ70 Ecommerce] [nio-8081-exec-5] o.s.d.m.r.query.MongoQueryCreator        : Created query Query: { "email" : "admin2@gmail.com"}, Fields: {}, Sort: {}
2026-09-25T17:54:26.308+07:00 DEBUG 36788 --- [CNJ70 Ecommerce] [nio-8081-exec-5] o.s.data.mongodb.core.MongoTemplate      : find using query: { "email" : "admin2@gmail.com"} fields: Document{{}} for class: class com.ecommerce.cnj70.document.User in collection: users
2026-09-25T17:54:26.368+07:00 DEBUG 36788 --- [CNJ70 Ecommerce] [nio-8081-exec-5] o.s.data.mongodb.core.MongoTemplate      : find using query: {} fields: Document{{}} for class: class com.ecommerce.cnj70.document.Voucher in collection: vouchers
2026-09-25T17:54:26.562+07:00 DEBUG 36788 --- [CNJ70 Ecommerce] [nio-8081-exec-5] o.s.data.mongodb.core.MongoTemplate      : findOne using query: { "id" : "6a86ac30add146680e49cf64"} fields: Document{{}} for class: class com.ecommerce.cnj70.document.Shop in collection: shops
2026-09-25T17:54:26.635+07:00 ERROR 36788 --- [CNJ70 Ecommerce] [nio-8081-exec-5] org.thymeleaf.TemplateEngine             : [THYMELEAF][http-nio-8081-exec-5] Exception processing template "admin/violation-detail": An error happened during template parsing (template: "class path resource [templates/admin/violation-detail.html]")

org.thymeleaf.exceptions.TemplateInputException: An error happened during template parsing (template: "class path resource [templates/admin/violation-detail.html]")
	at org.thymeleaf.templateparser.markup.AbstractMarkupTemplateParser.parse(AbstractMarkupTemplateParser.java:241) ~[thymeleaf-3.1.2.RELEASE.jar:3.1.2.RELEASE]
	at org.thymeleaf.templateparser.markup.AbstractMarkupTemplateParser.parseStandalone(AbstractMarkupTemplateParser.java:100) ~[thymeleaf-3.1.2.RELEASE.jar:3.1.2.RELEASE]
	at org.thymeleaf.engine.TemplateManager.parseAndProcess(TemplateManager.java:666) ~[thymeleaf-3.1.2.RELEASE.jar:3.1.2.RELEASE]
	at org.thymeleaf.TemplateEngine.process(TemplateEngine.java:1103) ~[thymeleaf-3.1.2.RELEASE.jar:3.1.2.RELEASE]
	at org.thymeleaf.TemplateEngine.process(TemplateEngine.java:1077) ~[thymeleaf-3.1.2.RELEASE.jar:3.1.2.RELEASE]
	at org.thymeleaf.spring6.view.ThymeleafView.renderFragment(ThymeleafView.java:372) ~[thymeleaf-spring6-3.1.2.RELEASE.jar:3.1.2.RELEASE]
	at org.thymeleaf.spring6.view.ThymeleafView.render(ThymeleafView.java:192) ~[thymeleaf-spring6-3.1.2.RELEASE.jar:3.1.2.RELEASE]
	at org.springframework.web.servlet.DispatcherServlet.render(DispatcherServlet.java:1431) ~[spring-webmvc-6.1.1.jar:6.1.1]
	at org.springframework.web.servlet.DispatcherServlet.processDispatchResult(DispatcherServlet.java:1167) ~[spring-webmvc-6.1.1.jar:6.1.1]
	at org.springframework.web.servlet.DispatcherServlet.doDispatch(DispatcherServlet.java:1106) ~[spring-webmvc-6.1.1.jar:6.1.1]
	at org.springframework.web.servlet.DispatcherServlet.doService(DispatcherServlet.java:979) ~[spring-webmvc-6.1.1.jar:6.1.1]
	at org.springframework.web.servlet.FrameworkServlet.processRequest(FrameworkServlet.java:1014) ~[spring-webmvc-6.1.1.jar:6.1.1]
	at org.springframework.web.servlet.FrameworkServlet.doGet(FrameworkServlet.java:903) ~[spring-webmvc-6.1.1.jar:6.1.1]
	at jakarta.servlet.http.HttpServlet.service(HttpServlet.java:564) ~[tomcat-embed-core-10.1.16.jar:6.0]
	at org.springframework.web.servlet.FrameworkServlet.service(FrameworkServlet.java:885) ~[spring-webmvc-6.1.1.jar:6.1.1]
	at jakarta.servlet.http.HttpServlet.service(HttpServlet.java:658) ~[tomcat-embed-core-10.1.16.jar:6.0]
	at org.apache.catalina.core.ApplicationFilterChain.internalDoFilter(ApplicationFilterChain.java:205) ~[tomcat-embed-core-10.1.16.jar:10.1.16]
	at org.apache.catalina.core.ApplicationFilterChain.doFilter(ApplicationFilterChain.java:149) ~[tomcat-embed-core-10.1.16.jar:10.1.16]
	at org.apache.tomcat.websocket.server.WsFilter.doFilter(WsFilter.java:51) ~[tomcat-embed-websocket-10.1.16.jar:10.1.16]
	at org.apache.catalina.core.ApplicationFilterChain.internalDoFilter(ApplicationFilterChain.java:174) ~[tomcat-embed-core-10.1.16.jar:10.1.16]
	at org.apache.catalina.core.ApplicationFilterChain.doFilter(ApplicationFilterChain.java:149) ~[tomcat-embed-core-10.1.16.jar:10.1.16]
	at org.springframework.web.filter.OncePerRequestFilter.doFilter(OncePerRequestFilter.java:110) ~[spring-web-6.1.1.jar:6.1.1]
	at org.apache.catalina.core.ApplicationFilterChain.internalDoFilter(ApplicationFilterChain.java:174) ~[tomcat-embed-core-10.1.16.jar:10.1.16]
	at org.apache.catalina.core.ApplicationFilterChain.doFilter(ApplicationFilterChain.java:149) ~[tomcat-embed-core-10.1.16.jar:10.1.16]
	at org.springframework.security.web.FilterChainProxy.lambda$doFilterInternal$3(FilterChainProxy.java:231) ~[spring-security-web-6.2.0.jar:6.2.0]
	at org.springframework.security.web.FilterChainProxy$VirtualFilterChain.doFilter(FilterChainProxy.java:365) ~[spring-security-web-6.2.0.jar:6.2.0]
	at org.springframework.security.web.access.intercept.AuthorizationFilter.doFilter(AuthorizationFilter.java:100) ~[spring-security-web-6.2.0.jar:6.2.0]
	at org.springframework.security.web.FilterChainProxy$VirtualFilterChain.doFilter(FilterChainProxy.java:374) ~[spring-security-web-6.2.0.jar:6.2.0]
	at org.springframework.security.web.access.ExceptionTranslationFilter.doFilter(ExceptionTranslationFilter.java:126) ~[spring-security-web-6.2.0.jar:6.2.0]
	at org.springframework.security.web.access.ExceptionTranslationFilter.doFilter(ExceptionTranslationFilter.java:120) ~[spring-security-web-6.2.0.jar:6.2.0]
	at org.springframework.security.web.FilterChainProxy$VirtualFilterChain.doFilter(FilterChainProxy.java:374) ~[spring-security-web-6.2.0.jar:6.2.0]
	at org.springframework.security.web.session.SessionManagementFilter.doFilter(SessionManagementFilter.java:131) ~[spring-security-web-6.2.0.jar:6.2.0]
	at org.springframework.security.web.session.SessionManagementFilter.doFilter(SessionManagementFilter.java:85) ~[spring-security-web-6.2.0.jar:6.2.0]
	at org.springframework.security.web.FilterChainProxy$VirtualFilterChain.doFilter(FilterChainProxy.java:374) ~[spring-security-web-6.2.0.jar:6.2.0]
	at org.springframework.security.web.authentication.AnonymousAuthenticationFilter.doFilter(AnonymousAuthenticationFilter.java:100) ~[spring-security-web-6.2.0.jar:6.2.0]
	at org.springframework.security.web.FilterChainProxy$VirtualFilterChain.doFilter(FilterChainProxy.java:374) ~[spring-security-web-6.2.0.jar:6.2.0]
	at org.springframework.security.web.servletapi.SecurityContextHolderAwareRequestFilter.doFilter(SecurityContextHolderAwareRequestFilter.java:179) ~[spring-security-web-6.2.0.jar:6.2.0]
	at org.springframework.security.web.FilterChainProxy$VirtualFilterChain.doFilter(FilterChainProxy.java:374) ~[spring-security-web-6.2.0.jar:6.2.0]
	at org.springframework.security.web.savedrequest.RequestCacheAwareFilter.doFilter(RequestCacheAwareFilter.java:63) ~[spring-security-web-6.2.0.jar:6.2.0]
	at org.springframework.security.web.FilterChainProxy$VirtualFilterChain.doFilter(FilterChainProxy.java:374) ~[spring-security-web-6.2.0.jar:6.2.0]
	at com.ecommerce.cnj70.security.JwtAuthenticationFilter.doFilterInternal(JwtAuthenticationFilter.java:70) ~[classes/:na]
	at org.springframework.web.filter.OncePerRequestFilter.doFilter(OncePerRequestFilter.java:116) ~[spring-web-6.1.1.jar:6.1.1]
	at org.springframework.security.web.FilterChainProxy$VirtualFilterChain.doFilter(FilterChainProxy.java:374) ~[spring-security-web-6.2.0.jar:6.2.0]
	at org.springframework.security.web.authentication.logout.LogoutFilter.doFilter(LogoutFilter.java:107) ~[spring-security-web-6.2.0.jar:6.2.0]
	at org.springframework.security.web.authentication.logout.LogoutFilter.doFilter(LogoutFilter.java:93) ~[spring-security-web-6.2.0.jar:6.2.0]
	at org.springframework.security.web.FilterChainProxy$VirtualFilterChain.doFilter(FilterChainProxy.java:374) ~[spring-security-web-6.2.0.jar:6.2.0]
	at org.springframework.web.filter.CorsFilter.doFilterInternal(CorsFilter.java:91) ~[spring-web-6.1.1.jar:6.1.1]
	at org.springframework.web.filter.OncePerRequestFilter.doFilter(OncePerRequestFilter.java:116) ~[spring-web-6.1.1.jar:6.1.1]
	at org.springframework.security.web.FilterChainProxy$VirtualFilterChain.doFilter(FilterChainProxy.java:374) ~[spring-security-web-6.2.0.jar:6.2.0]
	at org.springframework.security.web.header.HeaderWriterFilter.doHeadersAfter(HeaderWriterFilter.java:90) ~[spring-security-web-6.2.0.jar:6.2.0]
	at org.springframework.security.web.header.HeaderWriterFilter.doFilterInternal(HeaderWriterFilter.java:75) ~[spring-security-web-6.2.0.jar:6.2.0]
	at org.springframework.web.filter.OncePerRequestFilter.doFilter(OncePerRequestFilter.java:116) ~[spring-web-6.1.1.jar:6.1.1]
	at org.springframework.security.web.FilterChainProxy$VirtualFilterChain.doFilter(FilterChainProxy.java:374) ~[spring-security-web-6.2.0.jar:6.2.0]
	at org.springframework.security.web.context.SecurityContextHolderFilter.doFilter(SecurityContextHolderFilter.java:82) ~[spring-security-web-6.2.0.jar:6.2.0]
	at org.springframework.security.web.context.SecurityContextHolderFilter.doFilter(SecurityContextHolderFilter.java:69) ~[spring-security-web-6.2.0.jar:6.2.0]
	at org.springframework.security.web.FilterChainProxy$VirtualFilterChain.doFilter(FilterChainProxy.java:374) ~[spring-security-web-6.2.0.jar:6.2.0]
	at org.springframework.security.web.context.request.async.WebAsyncManagerIntegrationFilter.doFilterInternal(WebAsyncManagerIntegrationFilter.java:62) ~[spring-security-web-6.2.0.jar:6.2.0]
	at org.springframework.web.filter.OncePerRequestFilter.doFilter(OncePerRequestFilter.java:116) ~[spring-web-6.1.1.jar:6.1.1]
	at org.springframework.security.web.FilterChainProxy$VirtualFilterChain.doFilter(FilterChainProxy.java:374) ~[spring-security-web-6.2.0.jar:6.2.0]
	at org.springframework.security.web.session.DisableEncodeUrlFilter.doFilterInternal(DisableEncodeUrlFilter.java:42) ~[spring-security-web-6.2.0.jar:6.2.0]
	at org.springframework.web.filter.OncePerRequestFilter.doFilter(OncePerRequestFilter.java:116) ~[spring-web-6.1.1.jar:6.1.1]
	at org.springframework.security.web.FilterChainProxy$VirtualFilterChain.doFilter(FilterChainProxy.java:374) ~[spring-security-web-6.2.0.jar:6.2.0]
	at org.springframework.security.web.FilterChainProxy.doFilterInternal(FilterChainProxy.java:233) ~[spring-security-web-6.2.0.jar:6.2.0]
	at org.springframework.security.web.FilterChainProxy.doFilter(FilterChainProxy.java:191) ~[spring-security-web-6.2.0.jar:6.2.0]
	at org.springframework.web.filter.DelegatingFilterProxy.invokeDelegate(DelegatingFilterProxy.java:352) ~[spring-web-6.1.1.jar:6.1.1]
	at org.springframework.web.filter.DelegatingFilterProxy.doFilter(DelegatingFilterProxy.java:268) ~[spring-web-6.1.1.jar:6.1.1]
	at org.apache.catalina.core.ApplicationFilterChain.internalDoFilter(ApplicationFilterChain.java:174) ~[tomcat-embed-core-10.1.16.jar:10.1.16]
	at org.apache.catalina.core.ApplicationFilterChain.doFilter(ApplicationFilterChain.java:149) ~[tomcat-embed-core-10.1.16.jar:10.1.16]
	at org.springframework.web.filter.RequestContextFilter.doFilterInternal(RequestContextFilter.java:100) ~[spring-web-6.1.1.jar:6.1.1]
	at org.springframework.web.filter.OncePerRequestFilter.doFilter(OncePerRequestFilter.java:116) ~[spring-web-6.1.1.jar:6.1.1]
	at org.apache.catalina.core.ApplicationFilterChain.internalDoFilter(ApplicationFilterChain.java:174) ~[tomcat-embed-core-10.1.16.jar:10.1.16]
	at org.apache.catalina.core.ApplicationFilterChain.doFilter(ApplicationFilterChain.java:149) ~[tomcat-embed-core-10.1.16.jar:10.1.16]
	at org.springframework.web.filter.FormContentFilter.doFilterInternal(FormContentFilter.java:93) ~[spring-web-6.1.1.jar:6.1.1]
	at org.springframework.web.filter.OncePerRequestFilter.doFilter(OncePerRequestFilter.java:116) ~[spring-web-6.1.1.jar:6.1.1]
	at org.apache.catalina.core.ApplicationFilterChain.internalDoFilter(ApplicationFilterChain.java:174) ~[tomcat-embed-core-10.1.16.jar:10.1.16]
	at org.apache.catalina.core.ApplicationFilterChain.doFilter(ApplicationFilterChain.java:149) ~[tomcat-embed-core-10.1.16.jar:10.1.16]
	at org.springframework.web.filter.CharacterEncodingFilter.doFilterInternal(CharacterEncodingFilter.java:201) ~[spring-web-6.1.1.jar:6.1.1]
	at org.springframework.web.filter.OncePerRequestFilter.doFilter(OncePerRequestFilter.java:116) ~[spring-web-6.1.1.jar:6.1.1]
	at org.apache.catalina.core.ApplicationFilterChain.internalDoFilter(ApplicationFilterChain.java:174) ~[tomcat-embed-core-10.1.16.jar:10.1.16]
	at org.apache.catalina.core.ApplicationFilterChain.doFilter(ApplicationFilterChain.java:149) ~[tomcat-embed-core-10.1.16.jar:10.1.16]
	at org.apache.catalina.core.StandardWrapperValve.invoke(StandardWrapperValve.java:167) ~[tomcat-embed-core-10.1.16.jar:10.1.16]
	at org.apache.catalina.core.StandardContextValve.invoke(StandardContextValve.java:90) ~[tomcat-embed-core-10.1.16.jar:10.1.16]
	at org.apache.catalina.authenticator.AuthenticatorBase.invoke(AuthenticatorBase.java:482) ~[tomcat-embed-core-10.1.16.jar:10.1.16]
	at org.apache.catalina.core.StandardHostValve.invoke(StandardHostValve.java:115) ~[tomcat-embed-core-10.1.16.jar:10.1.16]
	at org.apache.catalina.valves.ErrorReportValve.invoke(ErrorReportValve.java:93) ~[tomcat-embed-core-10.1.16.jar:10.1.16]
	at org.apache.catalina.core.StandardEngineValve.invoke(StandardEngineValve.java:74) ~[tomcat-embed-core-10.1.16.jar:10.1.16]
	at org.apache.catalina.connector.CoyoteAdapter.service(CoyoteAdapter.java:340) ~[tomcat-embed-core-10.1.16.jar:10.1.16]
	at org.apache.coyote.http11.Http11Processor.service(Http11Processor.java:391) ~[tomcat-embed-core-10.1.16.jar:10.1.16]
	at org.apache.coyote.AbstractProcessorLight.process(AbstractProcessorLight.java:63) ~[tomcat-embed-core-10.1.16.jar:10.1.16]
	at org.apache.coyote.AbstractProtocol$ConnectionHandler.process(AbstractProtocol.java:896) ~[tomcat-embed-core-10.1.16.jar:10.1.16]
	at org.apache.tomcat.util.net.NioEndpoint$SocketProcessor.doRun(NioEndpoint.java:1744) ~[tomcat-embed-core-10.1.16.jar:10.1.16]
	at org.apache.tomcat.util.net.SocketProcessorBase.run(SocketProcessorBase.java:52) ~[tomcat-embed-core-10.1.16.jar:10.1.16]
	at org.apache.tomcat.util.threads.ThreadPoolExecutor.runWorker(ThreadPoolExecutor.java:1191) ~[tomcat-embed-core-10.1.16.jar:10.1.16]
	at org.apache.tomcat.util.threads.ThreadPoolExecutor$Worker.run(ThreadPoolExecutor.java:659) ~[tomcat-embed-core-10.1.16.jar:10.1.16]
	at org.apache.tomcat.util.threads.TaskThread$WrappingRunnable.run(TaskThread.java:61) ~[tomcat-embed-core-10.1.16.jar:10.1.16]
	at java.base/java.lang.Thread.run(Thread.java:1583) ~[na:na]
Caused by: org.attoparser.ParseException: Exception evaluating SpringEL expression: "v.status.name() == 'OPEN'" (template: "admin/violation-detail" - line 55, col 19)
	at org.attoparser.MarkupParser.parseDocument(MarkupParser.java:393) ~[attoparser-2.0.7.RELEASE.jar:2.0.7.RELEASE]
	at org.attoparser.MarkupParser.parse(MarkupParser.java:257) ~[attoparser-2.0.7.RELEASE.jar:2.0.7.RELEASE]
	at org.thymeleaf.templateparser.markup.AbstractMarkupTemplateParser.parse(AbstractMarkupTemplateParser.java:230) ~[thymeleaf-3.1.2.RELEASE.jar:3.1.2.RELEASE]
	... 95 common frames omitted
Caused by: org.thymeleaf.exceptions.TemplateProcessingException: Exception evaluating SpringEL expression: "v.status.name() == 'OPEN'" (template: "admin/violation-detail" - line 55, col 19)
	at org.thymeleaf.spring6.expression.SPELVariableExpressionEvaluator.evaluate(SPELVariableExpressionEvaluator.java:292) ~[thymeleaf-spring6-3.1.2.RELEASE.jar:3.1.2.RELEASE]
	at org.thymeleaf.standard.expression.VariableExpression.executeVariableExpression(VariableExpression.java:166) ~[thymeleaf-3.1.2.RELEASE.jar:3.1.2.RELEASE]
	at org.thymeleaf.standard.expression.SimpleExpression.executeSimple(SimpleExpression.java:66) ~[thymeleaf-3.1.2.RELEASE.jar:3.1.2.RELEASE]
	at org.thymeleaf.standard.expression.Expression.execute(Expression.java:109) ~[thymeleaf-3.1.2.RELEASE.jar:3.1.2.RELEASE]
	at org.thymeleaf.standard.expression.Expression.execute(Expression.java:138) ~[thymeleaf-3.1.2.RELEASE.jar:3.1.2.RELEASE]
	at org.thymeleaf.standard.expression.ConditionalExpression.executeConditional(ConditionalExpression.java:209) ~[thymeleaf-3.1.2.RELEASE.jar:3.1.2.RELEASE]
	at org.thymeleaf.standard.expression.ComplexExpression.executeComplex(ComplexExpression.java:77) ~[thymeleaf-3.1.2.RELEASE.jar:3.1.2.RELEASE]
	at org.thymeleaf.standard.expression.Expression.execute(Expression.java:112) ~[thymeleaf-3.1.2.RELEASE.jar:3.1.2.RELEASE]
	at org.thymeleaf.standard.expression.Expression.execute(Expression.java:138) ~[thymeleaf-3.1.2.RELEASE.jar:3.1.2.RELEASE]
	at org.thymeleaf.standard.processor.AbstractStandardExpressionAttributeTagProcessor.doProcess(AbstractStandardExpressionAttributeTagProcessor.java:144) ~[thymeleaf-3.1.2.RELEASE.jar:3.1.2.RELEASE]
	at org.thymeleaf.processor.element.AbstractAttributeTagProcessor.doProcess(AbstractAttributeTagProcessor.java:74) ~[thymeleaf-3.1.2.RELEASE.jar:3.1.2.RELEASE]
	at org.thymeleaf.processor.element.AbstractElementTagProcessor.process(AbstractElementTagProcessor.java:95) ~[thymeleaf-3.1.2.RELEASE.jar:3.1.2.RELEASE]
	at org.thymeleaf.util.ProcessorConfigurationUtils$ElementTagProcessorWrapper.process(ProcessorConfigurationUtils.java:633) ~[thymeleaf-3.1.2.RELEASE.jar:3.1.2.RELEASE]
	at org.thymeleaf.engine.ProcessorTemplateHandler.handleOpenElement(ProcessorTemplateHandler.java:1314) ~[thymeleaf-3.1.2.RELEASE.jar:3.1.2.RELEASE]
	at org.thymeleaf.engine.OpenElementTag.beHandled(OpenElementTag.java:205) ~[thymeleaf-3.1.2.RELEASE.jar:3.1.2.RELEASE]
	at org.thymeleaf.engine.Model.process(Model.java:282) ~[thymeleaf-3.1.2.RELEASE.jar:3.1.2.RELEASE]
	at org.thymeleaf.engine.ProcessorTemplateHandler.handleOpenElement(ProcessorTemplateHandler.java:1587) ~[thymeleaf-3.1.2.RELEASE.jar:3.1.2.RELEASE]
	at org.thymeleaf.engine.OpenElementTag.beHandled(OpenElementTag.java:205) ~[thymeleaf-3.1.2.RELEASE.jar:3.1.2.RELEASE]
	at org.thymeleaf.engine.Model.process(Model.java:282) ~[thymeleaf-3.1.2.RELEASE.jar:3.1.2.RELEASE]
	at org.thymeleaf.engine.ProcessorTemplateHandler.handleOpenElement(ProcessorTemplateHandler.java:1587) ~[thymeleaf-3.1.2.RELEASE.jar:3.1.2.RELEASE]
	at org.thymeleaf.engine.TemplateHandlerAdapterMarkupHandler.handleOpenElementEnd(TemplateHandlerAdapterMarkupHandler.java:304) ~[thymeleaf-3.1.2.RELEASE.jar:3.1.2.RELEASE]
	at org.thymeleaf.templateparser.markup.InlinedOutputExpressionMarkupHandler$InlineMarkupAdapterPreProcessorHandler.handleOpenElementEnd(InlinedOutputExpressionMarkupHandler.java:278) ~[thymeleaf-3.1.2.RELEASE.jar:3.1.2.RELEASE]
	at org.thymeleaf.standard.inline.OutputExpressionInlinePreProcessorHandler.handleOpenElementEnd(OutputExpressionInlinePreProcessorHandler.java:186) ~[thymeleaf-3.1.2.RELEASE.jar:3.1.2.RELEASE]
	at org.thymeleaf.templateparser.markup.InlinedOutputExpressionMarkupHandler.handleOpenElementEnd(InlinedOutputExpressionMarkupHandler.java:124) ~[thymeleaf-3.1.2.RELEASE.jar:3.1.2.RELEASE]
	at org.attoparser.HtmlElement.handleOpenElementEnd(HtmlElement.java:109) ~[attoparser-2.0.7.RELEASE.jar:2.0.7.RELEASE]
	at org.attoparser.HtmlMarkupHandler.handleOpenElementEnd(HtmlMarkupHandler.java:297) ~[attoparser-2.0.7.RELEASE.jar:2.0.7.RELEASE]
	at org.attoparser.MarkupEventProcessorHandler.handleOpenElementEnd(MarkupEventProcessorHandler.java:402) ~[attoparser-2.0.7.RELEASE.jar:2.0.7.RELEASE]
	at org.attoparser.ParsingElementMarkupUtil.parseOpenElement(ParsingElementMarkupUtil.java:159) ~[attoparser-2.0.7.RELEASE.jar:2.0.7.RELEASE]
	at org.attoparser.MarkupParser.parseBuffer(MarkupParser.java:710) ~[attoparser-2.0.7.RELEASE.jar:2.0.7.RELEASE]
	at org.attoparser.MarkupParser.parseDocument(MarkupParser.java:301) ~[attoparser-2.0.7.RELEASE.jar:2.0.7.RELEASE]
	... 97 common frames omitted
Caused by: org.springframework.expression.spel.SpelEvaluationException: EL1004E: Method call: Method name() cannot be found on type java.lang.String
	at org.springframework.expression.spel.ast.MethodReference.findAccessorForMethod(MethodReference.java:237) ~[spring-expression-6.1.1.jar:6.1.1]
	at org.springframework.expression.spel.ast.MethodReference.getValueInternal(MethodReference.java:147) ~[spring-expression-6.1.1.jar:6.1.1]
	at org.springframework.expression.spel.ast.MethodReference$MethodValueRef.getValue(MethodReference.java:400) ~[spring-expression-6.1.1.jar:6.1.1]
	at org.springframework.expression.spel.ast.CompoundExpression.getValueInternal(CompoundExpression.java:98) ~[spring-expression-6.1.1.jar:6.1.1]
	at org.springframework.expression.spel.ast.OpEQ.getValueInternal(OpEQ.java:42) ~[spring-expression-6.1.1.jar:6.1.1]
	at org.springframework.expression.spel.ast.OpEQ.getValueInternal(OpEQ.java:32) ~[spring-expression-6.1.1.jar:6.1.1]
	at org.springframework.expression.spel.ast.SpelNodeImpl.getValue(SpelNodeImpl.java:114) ~[spring-expression-6.1.1.jar:6.1.1]
	at org.springframework.expression.spel.standard.SpelExpression.getValue(SpelExpression.java:338) ~[spring-expression-6.1.1.jar:6.1.1]
	at org.thymeleaf.spring6.expression.SPELVariableExpressionEvaluator.evaluate(SPELVariableExpressionEvaluator.java:265) ~[thymeleaf-spring6-3.1.2.RELEASE.jar:3.1.2.RELEASE]
	... 126 common frames omitted

2026-09-25T17:54:26.640+07:00 ERROR 36788 --- [CNJ70 Ecommerce] [nio-8081-exec-5] o.a.c.c.C.[.[.[/].[dispatcherServlet]    : Servlet.service() for servlet [dispatcherServlet] in context with path [] threw exception [Request processing failed: org.thymeleaf.exceptions.TemplateInputException: An error happened during template parsing (template: "class path resource [templates/admin/violation-detail.html]")] with root cause

org.springframework.expression.spel.SpelEvaluationException: EL1004E: Method call: Method name() cannot be found on type java.lang.String
	at org.springframework.expression.spel.ast.MethodReference.findAccessorForMethod(MethodReference.java:237) ~[spring-expression-6.1.1.jar:6.1.1]
	at org.springframework.expression.spel.ast.MethodReference.getValueInternal(MethodReference.java:147) ~[spring-expression-6.1.1.jar:6.1.1]
	at org.springframework.expression.spel.ast.MethodReference$MethodValueRef.getValue(MethodReference.java:400) ~[spring-expression-6.1.1.jar:6.1.1]
	at org.springframework.expression.spel.ast.CompoundExpression.getValueInternal(CompoundExpression.java:98) ~[spring-expression-6.1.1.jar:6.1.1]
	at org.springframework.expression.spel.ast.OpEQ.getValueInternal(OpEQ.java:42) ~[spring-expression-6.1.1.jar:6.1.1]
	at org.springframework.expression.spel.ast.OpEQ.getValueInternal(OpEQ.java:32) ~[spring-expression-6.1.1.jar:6.1.1]
	at org.springframework.expression.spel.ast.SpelNodeImpl.getValue(SpelNodeImpl.java:114) ~[spring-expression-6.1.1.jar:6.1.1]
	at org.springframework.expression.spel.standard.SpelExpression.getValue(SpelExpression.java:338) ~[spring-expression-6.1.1.jar:6.1.1]
	at org.thymeleaf.spring6.expression.SPELVariableExpressionEvaluator.evaluate(SPELVariableExpressionEvaluator.java:265) ~[thymeleaf-spring6-3.1.2.RELEASE.jar:3.1.2.RELEASE]
	at org.thymeleaf.standard.expression.VariableExpression.executeVariableExpression(VariableExpression.java:166) ~[thymeleaf-3.1.2.RELEASE.jar:3.1.2.RELEASE]
	at org.thymeleaf.standard.expression.SimpleExpression.executeSimple(SimpleExpression.java:66) ~[thymeleaf-3.1.2.RELEASE.jar:3.1.2.RELEASE]
	at org.thymeleaf.standard.expression.Expression.execute(Expression.java:109) ~[thymeleaf-3.1.2.RELEASE.jar:3.1.2.RELEASE]
	at org.thymeleaf.standard.expression.Expression.execute(Expression.java:138) ~[thymeleaf-3.1.2.RELEASE.jar:3.1.2.RELEASE]
	at org.thymeleaf.standard.expression.ConditionalExpression.executeConditional(ConditionalExpression.java:209) ~[thymeleaf-3.1.2.RELEASE.jar:3.1.2.RELEASE]
	at org.thymeleaf.standard.expression.ComplexExpression.executeComplex(ComplexExpression.java:77) ~[thymeleaf-3.1.2.RELEASE.jar:3.1.2.RELEASE]
	at org.thymeleaf.standard.expression.Expression.execute(Expression.java:112) ~[thymeleaf-3.1.2.RELEASE.jar:3.1.2.RELEASE]
	at org.thymeleaf.standard.expression.Expression.execute(Expression.java:138) ~[thymeleaf-3.1.2.RELEASE.jar:3.1.2.RELEASE]
	at org.thymeleaf.standard.processor.AbstractStandardExpressionAttributeTagProcessor.doProcess(AbstractStandardExpressionAttributeTagProcessor.java:144) ~[thymeleaf-3.1.2.RELEASE.jar:3.1.2.RELEASE]
	at org.thymeleaf.processor.element.AbstractAttributeTagProcessor.doProcess(AbstractAttributeTagProcessor.java:74) ~[thymeleaf-3.1.2.RELEASE.jar:3.1.2.RELEASE]
	at org.thymeleaf.processor.element.AbstractElementTagProcessor.process(AbstractElementTagProcessor.java:95) ~[thymeleaf-3.1.2.RELEASE.jar:3.1.2.RELEASE]
	at org.thymeleaf.util.ProcessorConfigurationUtils$ElementTagProcessorWrapper.process(ProcessorConfigurationUtils.java:633) ~[thymeleaf-3.1.2.RELEASE.jar:3.1.2.RELEASE]
	at org.thymeleaf.engine.ProcessorTemplateHandler.handleOpenElement(ProcessorTemplateHandler.java:1314) ~[thymeleaf-3.1.2.RELEASE.jar:3.1.2.RELEASE]
	at org.thymeleaf.engine.OpenElementTag.beHandled(OpenElementTag.java:205) ~[thymeleaf-3.1.2.RELEASE.jar:3.1.2.RELEASE]
	at org.thymeleaf.engine.Model.process(Model.java:282) ~[thymeleaf-3.1.2.RELEASE.jar:3.1.2.RELEASE]
	at org.thymeleaf.engine.ProcessorTemplateHandler.handleOpenElement(ProcessorTemplateHandler.java:1587) ~[thymeleaf-3.1.2.RELEASE.jar:3.1.2.RELEASE]
	at org.thymeleaf.engine.OpenElementTag.beHandled(OpenElementTag.java:205) ~[thymeleaf-3.1.2.RELEASE.jar:3.1.2.RELEASE]
	at org.thymeleaf.engine.Model.process(Model.java:282) ~[thymeleaf-3.1.2.RELEASE.jar:3.1.2.RELEASE]
	at org.thymeleaf.engine.ProcessorTemplateHandler.handleOpenElement(ProcessorTemplateHandler.java:1587) ~[thymeleaf-3.1.2.RELEASE.jar:3.1.2.RELEASE]
	at org.thymeleaf.engine.TemplateHandlerAdapterMarkupHandler.handleOpenElementEnd(TemplateHandlerAdapterMarkupHandler.java:304) ~[thymeleaf-3.1.2.RELEASE.jar:3.1.2.RELEASE]
	at org.thymeleaf.templateparser.markup.InlinedOutputExpressionMarkupHandler$InlineMarkupAdapterPreProcessorHandler.handleOpenElementEnd(InlinedOutputExpressionMarkupHandler.java:278) ~[thymeleaf-3.1.2.RELEASE.jar:3.1.2.RELEASE]
	at org.thymeleaf.standard.inline.OutputExpressionInlinePreProcessorHandler.handleOpenElementEnd(OutputExpressionInlinePreProcessorHandler.java:186) ~[thymeleaf-3.1.2.RELEASE.jar:3.1.2.RELEASE]
	at org.thymeleaf.templateparser.markup.InlinedOutputExpressionMarkupHandler.handleOpenElementEnd(InlinedOutputExpressionMarkupHandler.java:124) ~[thymeleaf-3.1.2.RELEASE.jar:3.1.2.RELEASE]
	at org.attoparser.HtmlElement.handleOpenElementEnd(HtmlElement.java:109) ~[attoparser-2.0.7.RELEASE.jar:2.0.7.RELEASE]
	at org.attoparser.HtmlMarkupHandler.handleOpenElementEnd(HtmlMarkupHandler.java:297) ~[attoparser-2.0.7.RELEASE.jar:2.0.7.RELEASE]
	at org.attoparser.MarkupEventProcessorHandler.handleOpenElementEnd(MarkupEventProcessorHandler.java:402) ~[attoparser-2.0.7.RELEASE.jar:2.0.7.RELEASE]
	at org.attoparser.ParsingElementMarkupUtil.parseOpenElement(ParsingElementMarkupUtil.java:159) ~[attoparser-2.0.7.RELEASE.jar:2.0.7.RELEASE]
	at org.attoparser.MarkupParser.parseBuffer(MarkupParser.java:710) ~[attoparser-2.0.7.RELEASE.jar:2.0.7.RELEASE]
	at org.attoparser.MarkupParser.parseDocument(MarkupParser.java:301) ~[attoparser-2.0.7.RELEASE.jar:2.0.7.RELEASE]
	at org.attoparser.MarkupParser.parse(MarkupParser.java:257) ~[attoparser-2.0.7.RELEASE.jar:2.0.7.RELEASE]
	at org.thymeleaf.templateparser.markup.AbstractMarkupTemplateParser.parse(AbstractMarkupTemplateParser.java:230) ~[thymeleaf-3.1.2.RELEASE.jar:3.1.2.RELEASE]
	at org.thymeleaf.templateparser.markup.AbstractMarkupTemplateParser.parseStandalone(AbstractMarkupTemplateParser.java:100) ~[thymeleaf-3.1.2.RELEASE.jar:3.1.2.RELEASE]
	at org.thymeleaf.engine.TemplateManager.parseAndProcess(TemplateManager.java:666) ~[thymeleaf-3.1.2.RELEASE.jar:3.1.2.RELEASE]
	at org.thymeleaf.TemplateEngine.process(TemplateEngine.java:1103) ~[thymeleaf-3.1.2.RELEASE.jar:3.1.2.RELEASE]
	at org.thymeleaf.TemplateEngine.process(TemplateEngine.java:1077) ~[thymeleaf-3.1.2.RELEASE.jar:3.1.2.RELEASE]
	at org.thymeleaf.spring6.view.ThymeleafView.renderFragment(ThymeleafView.java:372) ~[thymeleaf-spring6-3.1.2.RELEASE.jar:3.1.2.RELEASE]
	at org.thymeleaf.spring6.view.ThymeleafView.render(ThymeleafView.java:192) ~[thymeleaf-spring6-3.1.2.RELEASE.jar:3.1.2.RELEASE]
	at org.springframework.web.servlet.DispatcherServlet.render(DispatcherServlet.java:1431) ~[spring-webmvc-6.1.1.jar:6.1.1]
	at org.springframework.web.servlet.DispatcherServlet.processDispatchResult(DispatcherServlet.java:1167) ~[spring-webmvc-6.1.1.jar:6.1.1]
	at org.springframework.web.servlet.DispatcherServlet.doDispatch(DispatcherServlet.java:1106) ~[spring-webmvc-6.1.1.jar:6.1.1]
	at org.springframework.web.servlet.DispatcherServlet.doService(DispatcherServlet.java:979) ~[spring-webmvc-6.1.1.jar:6.1.1]
	at org.springframework.web.servlet.FrameworkServlet.processRequest(FrameworkServlet.java:1014) ~[spring-webmvc-6.1.1.jar:6.1.1]
	at org.springframework.web.servlet.FrameworkServlet.doGet(FrameworkServlet.java:903) ~[spring-webmvc-6.1.1.jar:6.1.1]
	at jakarta.servlet.http.HttpServlet.service(HttpServlet.java:564) ~[tomcat-embed-core-10.1.16.jar:6.0]
	at org.springframework.web.servlet.FrameworkServlet.service(FrameworkServlet.java:885) ~[spring-webmvc-6.1.1.jar:6.1.1]
	at jakarta.servlet.http.HttpServlet.service(HttpServlet.java:658) ~[tomcat-embed-core-10.1.16.jar:6.0]
	at org.apache.catalina.core.ApplicationFilterChain.internalDoFilter(ApplicationFilterChain.java:205) ~[tomcat-embed-core-10.1.16.jar:10.1.16]
	at org.apache.catalina.core.ApplicationFilterChain.doFilter(ApplicationFilterChain.java:149) ~[tomcat-embed-core-10.1.16.jar:10.1.16]
	at org.apache.tomcat.websocket.server.WsFilter.doFilter(WsFilter.java:51) ~[tomcat-embed-websocket-10.1.16.jar:10.1.16]
	at org.apache.catalina.core.ApplicationFilterChain.internalDoFilter(ApplicationFilterChain.java:174) ~[tomcat-embed-core-10.1.16.jar:10.1.16]
	at org.apache.catalina.core.ApplicationFilterChain.doFilter(ApplicationFilterChain.java:149) ~[tomcat-embed-core-10.1.16.jar:10.1.16]
	at org.springframework.web.filter.OncePerRequestFilter.doFilter(OncePerRequestFilter.java:110) ~[spring-web-6.1.1.jar:6.1.1]
	at org.apache.catalina.core.ApplicationFilterChain.internalDoFilter(ApplicationFilterChain.java:174) ~[tomcat-embed-core-10.1.16.jar:10.1.16]
	at org.apache.catalina.core.ApplicationFilterChain.doFilter(ApplicationFilterChain.java:149) ~[tomcat-embed-core-10.1.16.jar:10.1.16]
	at org.springframework.security.web.FilterChainProxy.lambda$doFilterInternal$3(FilterChainProxy.java:231) ~[spring-security-web-6.2.0.jar:6.2.0]
	at org.springframework.security.web.FilterChainProxy$VirtualFilterChain.doFilter(FilterChainProxy.java:365) ~[spring-security-web-6.2.0.jar:6.2.0]
	at org.springframework.security.web.access.intercept.AuthorizationFilter.doFilter(AuthorizationFilter.java:100) ~[spring-security-web-6.2.0.jar:6.2.0]
	at org.springframework.security.web.FilterChainProxy$VirtualFilterChain.doFilter(FilterChainProxy.java:374) ~[spring-security-web-6.2.0.jar:6.2.0]
	at org.springframework.security.web.access.ExceptionTranslationFilter.doFilter(ExceptionTranslationFilter.java:126) ~[spring-security-web-6.2.0.jar:6.2.0]
	at org.springframework.security.web.access.ExceptionTranslationFilter.doFilter(ExceptionTranslationFilter.java:120) ~[spring-security-web-6.2.0.jar:6.2.0]
	at org.springframework.security.web.FilterChainProxy$VirtualFilterChain.doFilter(FilterChainProxy.java:374) ~[spring-security-web-6.2.0.jar:6.2.0]
	at org.springframework.security.web.session.SessionManagementFilter.doFilter(SessionManagementFilter.java:131) ~[spring-security-web-6.2.0.jar:6.2.0]
	at org.springframework.security.web.session.SessionManagementFilter.doFilter(SessionManagementFilter.java:85) ~[spring-security-web-6.2.0.jar:6.2.0]
	at org.springframework.security.web.FilterChainProxy$VirtualFilterChain.doFilter(FilterChainProxy.java:374) ~[spring-security-web-6.2.0.jar:6.2.0]
	at org.springframework.security.web.authentication.AnonymousAuthenticationFilter.doFilter(AnonymousAuthenticationFilter.java:100) ~[spring-security-web-6.2.0.jar:6.2.0]
	at org.springframework.security.web.FilterChainProxy$VirtualFilterChain.doFilter(FilterChainProxy.java:374) ~[spring-security-web-6.2.0.jar:6.2.0]
	at org.springframework.security.web.servletapi.SecurityContextHolderAwareRequestFilter.doFilter(SecurityContextHolderAwareRequestFilter.java:179) ~[spring-security-web-6.2.0.jar:6.2.0]
	at org.springframework.security.web.FilterChainProxy$VirtualFilterChain.doFilter(FilterChainProxy.java:374) ~[spring-security-web-6.2.0.jar:6.2.0]
	at org.springframework.security.web.savedrequest.RequestCacheAwareFilter.doFilter(RequestCacheAwareFilter.java:63) ~[spring-security-web-6.2.0.jar:6.2.0]
	at org.springframework.security.web.FilterChainProxy$VirtualFilterChain.doFilter(FilterChainProxy.java:374) ~[spring-security-web-6.2.0.jar:6.2.0]
	at com.ecommerce.cnj70.security.JwtAuthenticationFilter.doFilterInternal(JwtAuthenticationFilter.java:70) ~[classes/:na]
	at org.springframework.web.filter.OncePerRequestFilter.doFilter(OncePerRequestFilter.java:116) ~[spring-web-6.1.1.jar:6.1.1]
	at org.springframework.security.web.FilterChainProxy$VirtualFilterChain.doFilter(FilterChainProxy.java:374) ~[spring-security-web-6.2.0.jar:6.2.0]
	at org.springframework.security.web.authentication.logout.LogoutFilter.doFilter(LogoutFilter.java:107) ~[spring-security-web-6.2.0.jar:6.2.0]
	at org.springframework.security.web.authentication.logout.LogoutFilter.doFilter(LogoutFilter.java:93) ~[spring-security-web-6.2.0.jar:6.2.0]
	at org.springframework.security.web.FilterChainProxy$VirtualFilterChain.doFilter(FilterChainProxy.java:374) ~[spring-security-web-6.2.0.jar:6.2.0]
	at org.springframework.web.filter.CorsFilter.doFilterInternal(CorsFilter.java:91) ~[spring-web-6.1.1.jar:6.1.1]
	at org.springframework.web.filter.OncePerRequestFilter.doFilter(OncePerRequestFilter.java:116) ~[spring-web-6.1.1.jar:6.1.1]
	at org.springframework.security.web.FilterChainProxy$VirtualFilterChain.doFilter(FilterChainProxy.java:374) ~[spring-security-web-6.2.0.jar:6.2.0]
	at org.springframework.security.web.header.HeaderWriterFilter.doHeadersAfter(HeaderWriterFilter.java:90) ~[spring-security-web-6.2.0.jar:6.2.0]
	at org.springframework.security.web.header.HeaderWriterFilter.doFilterInternal(HeaderWriterFilter.java:75) ~[spring-security-web-6.2.0.jar:6.2.0]
	at org.springframework.web.filter.OncePerRequestFilter.doFilter(OncePerRequestFilter.java:116) ~[spring-web-6.1.1.jar:6.1.1]
	at org.springframework.security.web.FilterChainProxy$VirtualFilterChain.doFilter(FilterChainProxy.java:374) ~[spring-security-web-6.2.0.jar:6.2.0]
	at org.springframework.security.web.context.SecurityContextHolderFilter.doFilter(SecurityContextHolderFilter.java:82) ~[spring-security-web-6.2.0.jar:6.2.0]
	at org.springframework.security.web.context.SecurityContextHolderFilter.doFilter(SecurityContextHolderFilter.java:69) ~[spring-security-web-6.2.0.jar:6.2.0]
	at org.springframework.security.web.FilterChainProxy$VirtualFilterChain.doFilter(FilterChainProxy.java:374) ~[spring-security-web-6.2.0.jar:6.2.0]
	at org.springframework.security.web.context.request.async.WebAsyncManagerIntegrationFilter.doFilterInternal(WebAsyncManagerIntegrationFilter.java:62) ~[spring-security-web-6.2.0.jar:6.2.0]
	at org.springframework.web.filter.OncePerRequestFilter.doFilter(OncePerRequestFilter.java:116) ~[spring-web-6.1.1.jar:6.1.1]
	at org.springframework.security.web.FilterChainProxy$VirtualFilterChain.doFilter(FilterChainProxy.java:374) ~[spring-security-web-6.2.0.jar:6.2.0]
	at org.springframework.security.web.session.DisableEncodeUrlFilter.doFilterInternal(DisableEncodeUrlFilter.java:42) ~[spring-security-web-6.2.0.jar:6.2.0]
	at org.springframework.web.filter.OncePerRequestFilter.doFilter(OncePerRequestFilter.java:116) ~[spring-web-6.1.1.jar:6.1.1]
	at org.springframework.security.web.FilterChainProxy$VirtualFilterChain.doFilter(FilterChainProxy.java:374) ~[spring-security-web-6.2.0.jar:6.2.0]
	at org.springframework.security.web.FilterChainProxy.doFilterInternal(FilterChainProxy.java:233) ~[spring-security-web-6.2.0.jar:6.2.0]
	at org.springframework.security.web.FilterChainProxy.doFilter(FilterChainProxy.java:191) ~[spring-security-web-6.2.0.jar:6.2.0]
	at org.springframework.web.filter.DelegatingFilterProxy.invokeDelegate(DelegatingFilterProxy.java:352) ~[spring-web-6.1.1.jar:6.1.1]
	at org.springframework.web.filter.DelegatingFilterProxy.doFilter(DelegatingFilterProxy.java:268) ~[spring-web-6.1.1.jar:6.1.1]
	at org.apache.catalina.core.ApplicationFilterChain.internalDoFilter(ApplicationFilterChain.java:174) ~[tomcat-embed-core-10.1.16.jar:10.1.16]
	at org.apache.catalina.core.ApplicationFilterChain.doFilter(ApplicationFilterChain.java:149) ~[tomcat-embed-core-10.1.16.jar:10.1.16]
	at org.springframework.web.filter.RequestContextFilter.doFilterInternal(RequestContextFilter.java:100) ~[spring-web-6.1.1.jar:6.1.1]
	at org.springframework.web.filter.OncePerRequestFilter.doFilter(OncePerRequestFilter.java:116) ~[spring-web-6.1.1.jar:6.1.1]
	at org.apache.catalina.core.ApplicationFilterChain.internalDoFilter(ApplicationFilterChain.java:174) ~[tomcat-embed-core-10.1.16.jar:10.1.16]
	at org.apache.catalina.core.ApplicationFilterChain.doFilter(ApplicationFilterChain.java:149) ~[tomcat-embed-core-10.1.16.jar:10.1.16]
	at org.springframework.web.filter.FormContentFilter.doFilterInternal(FormContentFilter.java:93) ~[spring-web-6.1.1.jar:6.1.1]
	at org.springframework.web.filter.OncePerRequestFilter.doFilter(OncePerRequestFilter.java:116) ~[spring-web-6.1.1.jar:6.1.1]
	at org.apache.catalina.core.ApplicationFilterChain.internalDoFilter(ApplicationFilterChain.java:174) ~[tomcat-embed-core-10.1.16.jar:10.1.16]
	at org.apache.catalina.core.ApplicationFilterChain.doFilter(ApplicationFilterChain.java:149) ~[tomcat-embed-core-10.1.16.jar:10.1.16]
	at org.springframework.web.filter.CharacterEncodingFilter.doFilterInternal(CharacterEncodingFilter.java:201) ~[spring-web-6.1.1.jar:6.1.1]
	at org.springframework.web.filter.OncePerRequestFilter.doFilter(OncePerRequestFilter.java:116) ~[spring-web-6.1.1.jar:6.1.1]
	at org.apache.catalina.core.ApplicationFilterChain.internalDoFilter(ApplicationFilterChain.java:174) ~[tomcat-embed-core-10.1.16.jar:10.1.16]
	at org.apache.catalina.core.ApplicationFilterChain.doFilter(ApplicationFilterChain.java:149) ~[tomcat-embed-core-10.1.16.jar:10.1.16]
	at org.apache.catalina.core.StandardWrapperValve.invoke(StandardWrapperValve.java:167) ~[tomcat-embed-core-10.1.16.jar:10.1.16]
	at org.apache.catalina.core.StandardContextValve.invoke(StandardContextValve.java:90) ~[tomcat-embed-core-10.1.16.jar:10.1.16]
	at org.apache.catalina.authenticator.AuthenticatorBase.invoke(AuthenticatorBase.java:482) ~[tomcat-embed-core-10.1.16.jar:10.1.16]
	at org.apache.catalina.core.StandardHostValve.invoke(StandardHostValve.java:115) ~[tomcat-embed-core-10.1.16.jar:10.1.16]
	at org.apache.catalina.valves.ErrorReportValve.invoke(ErrorReportValve.java:93) ~[tomcat-embed-core-10.1.16.jar:10.1.16]
	at org.apache.catalina.core.StandardEngineValve.invoke(StandardEngineValve.java:74) ~[tomcat-embed-core-10.1.16.jar:10.1.16]
	at org.apache.catalina.connector.CoyoteAdapter.service(CoyoteAdapter.java:340) ~[tomcat-embed-core-10.1.16.jar:10.1.16]
	at org.apache.coyote.http11.Http11Processor.service(Http11Processor.java:391) ~[tomcat-embed-core-10.1.16.jar:10.1.16]
	at org.apache.coyote.AbstractProcessorLight.process(AbstractProcessorLight.java:63) ~[tomcat-embed-core-10.1.16.jar:10.1.16]
	at org.apache.coyote.AbstractProtocol$ConnectionHandler.process(AbstractProtocol.java:896) ~[tomcat-embed-core-10.1.16.jar:10.1.16]
	at org.apache.tomcat.util.net.NioEndpoint$SocketProcessor.doRun(NioEndpoint.java:1744) ~[tomcat-embed-core-10.1.16.jar:10.1.16]
	at org.apache.tomcat.util.net.SocketProcessorBase.run(SocketProcessorBase.java:52) ~[tomcat-embed-core-10.1.16.jar:10.1.16]
	at org.apache.tomcat.util.threads.ThreadPoolExecutor.runWorker(ThreadPoolExecutor.java:1191) ~[tomcat-embed-core-10.1.16.jar:10.1.16]
	at org.apache.tomcat.util.threads.ThreadPoolExecutor$Worker.run(ThreadPoolExecutor.java:659) ~[tomcat-embed-core-10.1.16.jar:10.1.16]
	at org.apache.tomcat.util.threads.TaskThread$WrappingRunnable.run(TaskThread.java:61) ~[tomcat-embed-core-10.1.16.jar:10.1.16]
	at java.base/java.lang.Thread.run(Thread.java:1583) ~[na:na]

2026-09-25T17:54:26.642+07:00 DEBUG 36788 --- [CNJ70 Ecommerce] [nio-8081-exec-5] o.s.security.web.FilterChainProxy        : Securing GET /error
2026-09-25T17:54:26.642+07:00 DEBUG 36788 --- [CNJ70 Ecommerce] [nio-8081-exec-5] o.s.security.web.FilterChainProxy        : Secured GET /error
2026-09-25T17:54:26.644+07:00 DEBUG 36788 --- [CNJ70 Ecommerce] [nio-8081-exec-5] o.s.s.w.a.AnonymousAuthenticationFilter  : Set SecurityContextHolder to anonymous SecurityContext
2026-09-25T17:54:26.644+07:00 DEBUG 36788 --- [CNJ70 Ecommerce] [nio-8081-exec-5] o.s.data.mongodb.core.MongoTemplate      : find using query: {} fields: Document{{}} for class: class com.ecommerce.cnj70.document.Voucher in collection: vouchers
2026-09-25T17:54:26.744+07:00 DEBUG 36788 --- [CNJ70 Ecommerce] [io-8081-exec-10] o.s.security.web.FilterChainProxy        : Securing GET /css/style.css
2026-09-25T17:54:26.748+07:00 DEBUG 36788 --- [CNJ70 Ecommerce] [io-8081-exec-10] o.s.d.m.r.query.MongoQueryCreator        : Created query Query: { "email" : "admin2@gmail.com"}, Fields: {}, Sort: {}
2026-09-25T17:54:26.748+07:00 DEBUG 36788 --- [CNJ70 Ecommerce] [io-8081-exec-10] o.s.data.mongodb.core.MongoTemplate      : find using query: { "email" : "admin2@gmail.com"} fields: Document{{}} for class: class com.ecommerce.cnj70.document.User in collection: users
2026-09-25T17:54:26.809+07:00 DEBUG 36788 --- [CNJ70 Ecommerce] [io-8081-exec-10] .s.ChangeSessionIdAuthenticationStrategy : Changed session id from FA481E5193D79FEC97761DC032E16603
2026-09-25T17:54:26.811+07:00 DEBUG 36788 --- [CNJ70 Ecommerce] [io-8081-exec-10] o.s.security.web.FilterChainProxy        : Secured GET /css/style.css
2026-09-25T17:55:24.451+07:00 DEBUG 36788 --- [CNJ70 Ecommerce] [nio-8081-exec-3] o.s.security.web.FilterChainProxy        : Securing GET /admin/violations/6ab61d7259fb2a46a9b1163b
2026-09-25T17:55:24.456+07:00 DEBUG 36788 --- [CNJ70 Ecommerce] [nio-8081-exec-3] o.s.d.m.r.query.MongoQueryCreator        : Created query Query: { "email" : "admin2@gmail.com"}, Fields: {}, Sort: {}
2026-09-25T17:55:24.457+07:00 DEBUG 36788 --- [CNJ70 Ecommerce] [nio-8081-exec-3] o.s.data.mongodb.core.MongoTemplate      : find using query: { "email" : "admin2@gmail.com"} fields: Document{{}} for class: class com.ecommerce.cnj70.document.User in collection: users
2026-09-25T17:55:24.517+07:00 DEBUG 36788 --- [CNJ70 Ecommerce] [nio-8081-exec-3] .s.ChangeSessionIdAuthenticationStrategy : Changed session id from EBC081F8A0DC77CE36A1D5D9ED1ADB7B
2026-09-25T17:55:24.522+07:00 DEBUG 36788 --- [CNJ70 Ecommerce] [nio-8081-exec-3] o.s.security.web.FilterChainProxy        : Secured GET /admin/violations/6ab61d7259fb2a46a9b1163b
2026-09-25T17:55:24.524+07:00 DEBUG 36788 --- [CNJ70 Ecommerce] [nio-8081-exec-3] o.s.d.m.r.query.MongoQueryCreator        : Created query Query: { "email" : "admin2@gmail.com"}, Fields: {}, Sort: {}
2026-09-25T17:55:24.526+07:00 DEBUG 36788 --- [CNJ70 Ecommerce] [nio-8081-exec-3] o.s.data.mongodb.core.MongoTemplate      : find using query: { "email" : "admin2@gmail.com"} fields: Document{{}} for class: class com.ecommerce.cnj70.document.User in collection: users
2026-09-25T17:55:24.585+07:00 DEBUG 36788 --- [CNJ70 Ecommerce] [nio-8081-exec-3] o.s.data.mongodb.core.MongoTemplate      : find using query: {} fields: Document{{}} for class: class com.ecommerce.cnj70.document.Voucher in collection: vouchers
2026-09-25T17:55:24.768+07:00 DEBUG 36788 --- [CNJ70 Ecommerce] [nio-8081-exec-3] o.s.data.mongodb.core.MongoTemplate      : findOne using query: { "id" : "6a86ac30add146680e49cf64"} fields: Document{{}} for class: class com.ecommerce.cnj70.document.Shop in collection: shops
2026-09-25T17:55:24.864+07:00 ERROR 36788 --- [CNJ70 Ecommerce] [nio-8081-exec-3] org.thymeleaf.TemplateEngine             : [THYMELEAF][http-nio-8081-exec-3] Exception processing template "admin/violation-detail": An error happened during template parsing (template: "class path resource [templates/admin/violation-detail.html]")

org.thymeleaf.exceptions.TemplateInputException: An error happened during template parsing (template: "class path resource [templates/admin/violation-detail.html]")
	at org.thymeleaf.templateparser.markup.AbstractMarkupTemplateParser.parse(AbstractMarkupTemplateParser.java:241) ~[thymeleaf-3.1.2.RELEASE.jar:3.1.2.RELEASE]
	at org.thymeleaf.templateparser.markup.AbstractMarkupTemplateParser.parseStandalone(AbstractMarkupTemplateParser.java:100) ~[thymeleaf-3.1.2.RELEASE.jar:3.1.2.RELEASE]
	at org.thymeleaf.engine.TemplateManager.parseAndProcess(TemplateManager.java:666) ~[thymeleaf-3.1.2.RELEASE.jar:3.1.2.RELEASE]
	at org.thymeleaf.TemplateEngine.process(TemplateEngine.java:1103) ~[thymeleaf-3.1.2.RELEASE.jar:3.1.2.RELEASE]
	at org.thymeleaf.TemplateEngine.process(TemplateEngine.java:1077) ~[thymeleaf-3.1.2.RELEASE.jar:3.1.2.RELEASE]
	at org.thymeleaf.spring6.view.ThymeleafView.renderFragment(ThymeleafView.java:372) ~[thymeleaf-spring6-3.1.2.RELEASE.jar:3.1.2.RELEASE]
	at org.thymeleaf.spring6.view.ThymeleafView.render(ThymeleafView.java:192) ~[thymeleaf-spring6-3.1.2.RELEASE.jar:3.1.2.RELEASE]
	at org.springframework.web.servlet.DispatcherServlet.render(DispatcherServlet.java:1431) ~[spring-webmvc-6.1.1.jar:6.1.1]
	at org.springframework.web.servlet.DispatcherServlet.processDispatchResult(DispatcherServlet.java:1167) ~[spring-webmvc-6.1.1.jar:6.1.1]
	at org.springframework.web.servlet.DispatcherServlet.doDispatch(DispatcherServlet.java:1106) ~[spring-webmvc-6.1.1.jar:6.1.1]
	at org.springframework.web.servlet.DispatcherServlet.doService(DispatcherServlet.java:979) ~[spring-webmvc-6.1.1.jar:6.1.1]
	at org.springframework.web.servlet.FrameworkServlet.processRequest(FrameworkServlet.java:1014) ~[spring-webmvc-6.1.1.jar:6.1.1]
	at org.springframework.web.servlet.FrameworkServlet.doGet(FrameworkServlet.java:903) ~[spring-webmvc-6.1.1.jar:6.1.1]
	at jakarta.servlet.http.HttpServlet.service(HttpServlet.java:564) ~[tomcat-embed-core-10.1.16.jar:6.0]
	at org.springframework.web.servlet.FrameworkServlet.service(FrameworkServlet.java:885) ~[spring-webmvc-6.1.1.jar:6.1.1]
	at jakarta.servlet.http.HttpServlet.service(HttpServlet.java:658) ~[tomcat-embed-core-10.1.16.jar:6.0]
	at org.apache.catalina.core.ApplicationFilterChain.internalDoFilter(ApplicationFilterChain.java:205) ~[tomcat-embed-core-10.1.16.jar:10.1.16]
	at org.apache.catalina.core.ApplicationFilterChain.doFilter(ApplicationFilterChain.java:149) ~[tomcat-embed-core-10.1.16.jar:10.1.16]
	at org.apache.tomcat.websocket.server.WsFilter.doFilter(WsFilter.java:51) ~[tomcat-embed-websocket-10.1.16.jar:10.1.16]
	at org.apache.catalina.core.ApplicationFilterChain.internalDoFilter(ApplicationFilterChain.java:174) ~[tomcat-embed-core-10.1.16.jar:10.1.16]
	at org.apache.catalina.core.ApplicationFilterChain.doFilter(ApplicationFilterChain.java:149) ~[tomcat-embed-core-10.1.16.jar:10.1.16]
	at org.springframework.web.filter.OncePerRequestFilter.doFilter(OncePerRequestFilter.java:110) ~[spring-web-6.1.1.jar:6.1.1]
	at org.apache.catalina.core.ApplicationFilterChain.internalDoFilter(ApplicationFilterChain.java:174) ~[tomcat-embed-core-10.1.16.jar:10.1.16]
	at org.apache.catalina.core.ApplicationFilterChain.doFilter(ApplicationFilterChain.java:149) ~[tomcat-embed-core-10.1.16.jar:10.1.16]
	at org.springframework.security.web.FilterChainProxy.lambda$doFilterInternal$3(FilterChainProxy.java:231) ~[spring-security-web-6.2.0.jar:6.2.0]
	at org.springframework.security.web.FilterChainProxy$VirtualFilterChain.doFilter(FilterChainProxy.java:365) ~[spring-security-web-6.2.0.jar:6.2.0]
	at org.springframework.security.web.access.intercept.AuthorizationFilter.doFilter(AuthorizationFilter.java:100) ~[spring-security-web-6.2.0.jar:6.2.0]
	at org.springframework.security.web.FilterChainProxy$VirtualFilterChain.doFilter(FilterChainProxy.java:374) ~[spring-security-web-6.2.0.jar:6.2.0]
	at org.springframework.security.web.access.ExceptionTranslationFilter.doFilter(ExceptionTranslationFilter.java:126) ~[spring-security-web-6.2.0.jar:6.2.0]
	at org.springframework.security.web.access.ExceptionTranslationFilter.doFilter(ExceptionTranslationFilter.java:120) ~[spring-security-web-6.2.0.jar:6.2.0]
	at org.springframework.security.web.FilterChainProxy$VirtualFilterChain.doFilter(FilterChainProxy.java:374) ~[spring-security-web-6.2.0.jar:6.2.0]
	at org.springframework.security.web.session.SessionManagementFilter.doFilter(SessionManagementFilter.java:131) ~[spring-security-web-6.2.0.jar:6.2.0]
	at org.springframework.security.web.session.SessionManagementFilter.doFilter(SessionManagementFilter.java:85) ~[spring-security-web-6.2.0.jar:6.2.0]
	at org.springframework.security.web.FilterChainProxy$VirtualFilterChain.doFilter(FilterChainProxy.java:374) ~[spring-security-web-6.2.0.jar:6.2.0]
	at org.springframework.security.web.authentication.AnonymousAuthenticationFilter.doFilter(AnonymousAuthenticationFilter.java:100) ~[spring-security-web-6.2.0.jar:6.2.0]
	at org.springframework.security.web.FilterChainProxy$VirtualFilterChain.doFilter(FilterChainProxy.java:374) ~[spring-security-web-6.2.0.jar:6.2.0]
	at org.springframework.security.web.servletapi.SecurityContextHolderAwareRequestFilter.doFilter(SecurityContextHolderAwareRequestFilter.java:179) ~[spring-security-web-6.2.0.jar:6.2.0]
	at org.springframework.security.web.FilterChainProxy$VirtualFilterChain.doFilter(FilterChainProxy.java:374) ~[spring-security-web-6.2.0.jar:6.2.0]
	at org.springframework.security.web.savedrequest.RequestCacheAwareFilter.doFilter(RequestCacheAwareFilter.java:63) ~[spring-security-web-6.2.0.jar:6.2.0]
	at org.springframework.security.web.FilterChainProxy$VirtualFilterChain.doFilter(FilterChainProxy.java:374) ~[spring-security-web-6.2.0.jar:6.2.0]
	at com.ecommerce.cnj70.security.JwtAuthenticationFilter.doFilterInternal(JwtAuthenticationFilter.java:70) ~[classes/:na]
	at org.springframework.web.filter.OncePerRequestFilter.doFilter(OncePerRequestFilter.java:116) ~[spring-web-6.1.1.jar:6.1.1]
	at org.springframework.security.web.FilterChainProxy$VirtualFilterChain.doFilter(FilterChainProxy.java:374) ~[spring-security-web-6.2.0.jar:6.2.0]
	at org.springframework.security.web.authentication.logout.LogoutFilter.doFilter(LogoutFilter.java:107) ~[spring-security-web-6.2.0.jar:6.2.0]
	at org.springframework.security.web.authentication.logout.LogoutFilter.doFilter(LogoutFilter.java:93) ~[spring-security-web-6.2.0.jar:6.2.0]
	at org.springframework.security.web.FilterChainProxy$VirtualFilterChain.doFilter(FilterChainProxy.java:374) ~[spring-security-web-6.2.0.jar:6.2.0]
	at org.springframework.web.filter.CorsFilter.doFilterInternal(CorsFilter.java:91) ~[spring-web-6.1.1.jar:6.1.1]
	at org.springframework.web.filter.OncePerRequestFilter.doFilter(OncePerRequestFilter.java:116) ~[spring-web-6.1.1.jar:6.1.1]
	at org.springframework.security.web.FilterChainProxy$VirtualFilterChain.doFilter(FilterChainProxy.java:374) ~[spring-security-web-6.2.0.jar:6.2.0]
	at org.springframework.security.web.header.HeaderWriterFilter.doHeadersAfter(HeaderWriterFilter.java:90) ~[spring-security-web-6.2.0.jar:6.2.0]
	at org.springframework.security.web.header.HeaderWriterFilter.doFilterInternal(HeaderWriterFilter.java:75) ~[spring-security-web-6.2.0.jar:6.2.0]
	at org.springframework.web.filter.OncePerRequestFilter.doFilter(OncePerRequestFilter.java:116) ~[spring-web-6.1.1.jar:6.1.1]
	at org.springframework.security.web.FilterChainProxy$VirtualFilterChain.doFilter(FilterChainProxy.java:374) ~[spring-security-web-6.2.0.jar:6.2.0]
	at org.springframework.security.web.context.SecurityContextHolderFilter.doFilter(SecurityContextHolderFilter.java:82) ~[spring-security-web-6.2.0.jar:6.2.0]
	at org.springframework.security.web.context.SecurityContextHolderFilter.doFilter(SecurityContextHolderFilter.java:69) ~[spring-security-web-6.2.0.jar:6.2.0]
	at org.springframework.security.web.FilterChainProxy$VirtualFilterChain.doFilter(FilterChainProxy.java:374) ~[spring-security-web-6.2.0.jar:6.2.0]
	at org.springframework.security.web.context.request.async.WebAsyncManagerIntegrationFilter.doFilterInternal(WebAsyncManagerIntegrationFilter.java:62) ~[spring-security-web-6.2.0.jar:6.2.0]
	at org.springframework.web.filter.OncePerRequestFilter.doFilter(OncePerRequestFilter.java:116) ~[spring-web-6.1.1.jar:6.1.1]
	at org.springframework.security.web.FilterChainProxy$VirtualFilterChain.doFilter(FilterChainProxy.java:374) ~[spring-security-web-6.2.0.jar:6.2.0]
	at org.springframework.security.web.session.DisableEncodeUrlFilter.doFilterInternal(DisableEncodeUrlFilter.java:42) ~[spring-security-web-6.2.0.jar:6.2.0]
	at org.springframework.web.filter.OncePerRequestFilter.doFilter(OncePerRequestFilter.java:116) ~[spring-web-6.1.1.jar:6.1.1]
	at org.springframework.security.web.FilterChainProxy$VirtualFilterChain.doFilter(FilterChainProxy.java:374) ~[spring-security-web-6.2.0.jar:6.2.0]
	at org.springframework.security.web.FilterChainProxy.doFilterInternal(FilterChainProxy.java:233) ~[spring-security-web-6.2.0.jar:6.2.0]
	at org.springframework.security.web.FilterChainProxy.doFilter(FilterChainProxy.java:191) ~[spring-security-web-6.2.0.jar:6.2.0]
	at org.springframework.web.filter.DelegatingFilterProxy.invokeDelegate(DelegatingFilterProxy.java:352) ~[spring-web-6.1.1.jar:6.1.1]
	at org.springframework.web.filter.DelegatingFilterProxy.doFilter(DelegatingFilterProxy.java:268) ~[spring-web-6.1.1.jar:6.1.1]
	at org.apache.catalina.core.ApplicationFilterChain.internalDoFilter(ApplicationFilterChain.java:174) ~[tomcat-embed-core-10.1.16.jar:10.1.16]
	at org.apache.catalina.core.ApplicationFilterChain.doFilter(ApplicationFilterChain.java:149) ~[tomcat-embed-core-10.1.16.jar:10.1.16]
	at org.springframework.web.filter.RequestContextFilter.doFilterInternal(RequestContextFilter.java:100) ~[spring-web-6.1.1.jar:6.1.1]
	at org.springframework.web.filter.OncePerRequestFilter.doFilter(OncePerRequestFilter.java:116) ~[spring-web-6.1.1.jar:6.1.1]
	at org.apache.catalina.core.ApplicationFilterChain.internalDoFilter(ApplicationFilterChain.java:174) ~[tomcat-embed-core-10.1.16.jar:10.1.16]
	at org.apache.catalina.core.ApplicationFilterChain.doFilter(ApplicationFilterChain.java:149) ~[tomcat-embed-core-10.1.16.jar:10.1.16]
	at org.springframework.web.filter.FormContentFilter.doFilterInternal(FormContentFilter.java:93) ~[spring-web-6.1.1.jar:6.1.1]
	at org.springframework.web.filter.OncePerRequestFilter.doFilter(OncePerRequestFilter.java:116) ~[spring-web-6.1.1.jar:6.1.1]
	at org.apache.catalina.core.ApplicationFilterChain.internalDoFilter(ApplicationFilterChain.java:174) ~[tomcat-embed-core-10.1.16.jar:10.1.16]
	at org.apache.catalina.core.ApplicationFilterChain.doFilter(ApplicationFilterChain.java:149) ~[tomcat-embed-core-10.1.16.jar:10.1.16]
	at org.springframework.web.filter.CharacterEncodingFilter.doFilterInternal(CharacterEncodingFilter.java:201) ~[spring-web-6.1.1.jar:6.1.1]
	at org.springframework.web.filter.OncePerRequestFilter.doFilter(OncePerRequestFilter.java:116) ~[spring-web-6.1.1.jar:6.1.1]
	at org.apache.catalina.core.ApplicationFilterChain.internalDoFilter(ApplicationFilterChain.java:174) ~[tomcat-embed-core-10.1.16.jar:10.1.16]
	at org.apache.catalina.core.ApplicationFilterChain.doFilter(ApplicationFilterChain.java:149) ~[tomcat-embed-core-10.1.16.jar:10.1.16]
	at org.apache.catalina.core.StandardWrapperValve.invoke(StandardWrapperValve.java:167) ~[tomcat-embed-core-10.1.16.jar:10.1.16]
	at org.apache.catalina.core.StandardContextValve.invoke(StandardContextValve.java:90) ~[tomcat-embed-core-10.1.16.jar:10.1.16]
	at org.apache.catalina.authenticator.AuthenticatorBase.invoke(AuthenticatorBase.java:482) ~[tomcat-embed-core-10.1.16.jar:10.1.16]
	at org.apache.catalina.core.StandardHostValve.invoke(StandardHostValve.java:115) ~[tomcat-embed-core-10.1.16.jar:10.1.16]
	at org.apache.catalina.valves.ErrorReportValve.invoke(ErrorReportValve.java:93) ~[tomcat-embed-core-10.1.16.jar:10.1.16]
	at org.apache.catalina.core.StandardEngineValve.invoke(StandardEngineValve.java:74) ~[tomcat-embed-core-10.1.16.jar:10.1.16]
	at org.apache.catalina.connector.CoyoteAdapter.service(CoyoteAdapter.java:340) ~[tomcat-embed-core-10.1.16.jar:10.1.16]
	at org.apache.coyote.http11.Http11Processor.service(Http11Processor.java:391) ~[tomcat-embed-core-10.1.16.jar:10.1.16]
	at org.apache.coyote.AbstractProcessorLight.process(AbstractProcessorLight.java:63) ~[tomcat-embed-core-10.1.16.jar:10.1.16]
	at org.apache.coyote.AbstractProtocol$ConnectionHandler.process(AbstractProtocol.java:896) ~[tomcat-embed-core-10.1.16.jar:10.1.16]
	at org.apache.tomcat.util.net.NioEndpoint$SocketProcessor.doRun(NioEndpoint.java:1744) ~[tomcat-embed-core-10.1.16.jar:10.1.16]
	at org.apache.tomcat.util.net.SocketProcessorBase.run(SocketProcessorBase.java:52) ~[tomcat-embed-core-10.1.16.jar:10.1.16]
	at org.apache.tomcat.util.threads.ThreadPoolExecutor.runWorker(ThreadPoolExecutor.java:1191) ~[tomcat-embed-core-10.1.16.jar:10.1.16]
	at org.apache.tomcat.util.threads.ThreadPoolExecutor$Worker.run(ThreadPoolExecutor.java:659) ~[tomcat-embed-core-10.1.16.jar:10.1.16]
	at org.apache.tomcat.util.threads.TaskThread$WrappingRunnable.run(TaskThread.java:61) ~[tomcat-embed-core-10.1.16.jar:10.1.16]
	at java.base/java.lang.Thread.run(Thread.java:1583) ~[na:na]
Caused by: org.attoparser.ParseException: Exception evaluating SpringEL expression: "v.shopName" (template: "admin/violation-detail" - line 177, col 31)
	at org.attoparser.MarkupParser.parseDocument(MarkupParser.java:393) ~[attoparser-2.0.7.RELEASE.jar:2.0.7.RELEASE]
	at org.attoparser.MarkupParser.parse(MarkupParser.java:257) ~[attoparser-2.0.7.RELEASE.jar:2.0.7.RELEASE]
	at org.thymeleaf.templateparser.markup.AbstractMarkupTemplateParser.parse(AbstractMarkupTemplateParser.java:230) ~[thymeleaf-3.1.2.RELEASE.jar:3.1.2.RELEASE]
	... 95 common frames omitted
Caused by: org.thymeleaf.exceptions.TemplateProcessingException: Exception evaluating SpringEL expression: "v.shopName" (template: "admin/violation-detail" - line 177, col 31)
	at org.thymeleaf.spring6.expression.SPELVariableExpressionEvaluator.evaluate(SPELVariableExpressionEvaluator.java:292) ~[thymeleaf-spring6-3.1.2.RELEASE.jar:3.1.2.RELEASE]
	at org.thymeleaf.standard.expression.VariableExpression.executeVariableExpression(VariableExpression.java:166) ~[thymeleaf-3.1.2.RELEASE.jar:3.1.2.RELEASE]
	at org.thymeleaf.standard.expression.SimpleExpression.executeSimple(SimpleExpression.java:66) ~[thymeleaf-3.1.2.RELEASE.jar:3.1.2.RELEASE]
	at org.thymeleaf.standard.expression.Expression.execute(Expression.java:109) ~[thymeleaf-3.1.2.RELEASE.jar:3.1.2.RELEASE]
	at org.thymeleaf.standard.expression.Expression.execute(Expression.java:138) ~[thymeleaf-3.1.2.RELEASE.jar:3.1.2.RELEASE]
	at org.thymeleaf.standard.expression.DefaultExpression.executeDefault(DefaultExpression.java:162) ~[thymeleaf-3.1.2.RELEASE.jar:3.1.2.RELEASE]
	at org.thymeleaf.standard.expression.ComplexExpression.executeComplex(ComplexExpression.java:80) ~[thymeleaf-3.1.2.RELEASE.jar:3.1.2.RELEASE]
	at org.thymeleaf.standard.expression.Expression.execute(Expression.java:112) ~[thymeleaf-3.1.2.RELEASE.jar:3.1.2.RELEASE]
	at org.thymeleaf.standard.expression.Expression.execute(Expression.java:138) ~[thymeleaf-3.1.2.RELEASE.jar:3.1.2.RELEASE]
	at org.thymeleaf.standard.processor.AbstractStandardExpressionAttributeTagProcessor.doProcess(AbstractStandardExpressionAttributeTagProcessor.java:144) ~[thymeleaf-3.1.2.RELEASE.jar:3.1.2.RELEASE]
	at org.thymeleaf.processor.element.AbstractAttributeTagProcessor.doProcess(AbstractAttributeTagProcessor.java:74) ~[thymeleaf-3.1.2.RELEASE.jar:3.1.2.RELEASE]
	at org.thymeleaf.processor.element.AbstractElementTagProcessor.process(AbstractElementTagProcessor.java:95) ~[thymeleaf-3.1.2.RELEASE.jar:3.1.2.RELEASE]
	at org.thymeleaf.util.ProcessorConfigurationUtils$ElementTagProcessorWrapper.process(ProcessorConfigurationUtils.java:633) ~[thymeleaf-3.1.2.RELEASE.jar:3.1.2.RELEASE]
	at org.thymeleaf.engine.ProcessorTemplateHandler.handleOpenElement(ProcessorTemplateHandler.java:1314) ~[thymeleaf-3.1.2.RELEASE.jar:3.1.2.RELEASE]
	at org.thymeleaf.engine.OpenElementTag.beHandled(OpenElementTag.java:205) ~[thymeleaf-3.1.2.RELEASE.jar:3.1.2.RELEASE]
	at org.thymeleaf.engine.Model.process(Model.java:282) ~[thymeleaf-3.1.2.RELEASE.jar:3.1.2.RELEASE]
	at org.thymeleaf.engine.ProcessorTemplateHandler.handleOpenElement(ProcessorTemplateHandler.java:1587) ~[thymeleaf-3.1.2.RELEASE.jar:3.1.2.RELEASE]
	at org.thymeleaf.engine.OpenElementTag.beHandled(OpenElementTag.java:205) ~[thymeleaf-3.1.2.RELEASE.jar:3.1.2.RELEASE]
	at org.thymeleaf.engine.Model.process(Model.java:282) ~[thymeleaf-3.1.2.RELEASE.jar:3.1.2.RELEASE]
	at org.thymeleaf.engine.ProcessorTemplateHandler.handleOpenElement(ProcessorTemplateHandler.java:1587) ~[thymeleaf-3.1.2.RELEASE.jar:3.1.2.RELEASE]
	at org.thymeleaf.engine.TemplateHandlerAdapterMarkupHandler.handleOpenElementEnd(TemplateHandlerAdapterMarkupHandler.java:304) ~[thymeleaf-3.1.2.RELEASE.jar:3.1.2.RELEASE]
	at org.thymeleaf.templateparser.markup.InlinedOutputExpressionMarkupHandler$InlineMarkupAdapterPreProcessorHandler.handleOpenElementEnd(InlinedOutputExpressionMarkupHandler.java:278) ~[thymeleaf-3.1.2.RELEASE.jar:3.1.2.RELEASE]
	at org.thymeleaf.standard.inline.OutputExpressionInlinePreProcessorHandler.handleOpenElementEnd(OutputExpressionInlinePreProcessorHandler.java:186) ~[thymeleaf-3.1.2.RELEASE.jar:3.1.2.RELEASE]
	at org.thymeleaf.templateparser.markup.InlinedOutputExpressionMarkupHandler.handleOpenElementEnd(InlinedOutputExpressionMarkupHandler.java:124) ~[thymeleaf-3.1.2.RELEASE.jar:3.1.2.RELEASE]
	at org.attoparser.HtmlElement.handleOpenElementEnd(HtmlElement.java:109) ~[attoparser-2.0.7.RELEASE.jar:2.0.7.RELEASE]
	at org.attoparser.HtmlMarkupHandler.handleOpenElementEnd(HtmlMarkupHandler.java:297) ~[attoparser-2.0.7.RELEASE.jar:2.0.7.RELEASE]
	at org.attoparser.MarkupEventProcessorHandler.handleOpenElementEnd(MarkupEventProcessorHandler.java:402) ~[attoparser-2.0.7.RELEASE.jar:2.0.7.RELEASE]
	at org.attoparser.ParsingElementMarkupUtil.parseOpenElement(ParsingElementMarkupUtil.java:159) ~[attoparser-2.0.7.RELEASE.jar:2.0.7.RELEASE]
	at org.attoparser.MarkupParser.parseBuffer(MarkupParser.java:710) ~[attoparser-2.0.7.RELEASE.jar:2.0.7.RELEASE]
	at org.attoparser.MarkupParser.parseDocument(MarkupParser.java:301) ~[attoparser-2.0.7.RELEASE.jar:2.0.7.RELEASE]
	... 97 common frames omitted
Caused by: org.springframework.expression.spel.SpelEvaluationException: EL1008E: Property or field 'shopName' cannot be found on object of type 'java.util.HashMap' - maybe not public or not valid?
	at org.springframework.expression.spel.ast.PropertyOrFieldReference.readProperty(PropertyOrFieldReference.java:228) ~[spring-expression-6.1.1.jar:6.1.1]
	at org.springframework.expression.spel.ast.PropertyOrFieldReference.getValueInternal(PropertyOrFieldReference.java:111) ~[spring-expression-6.1.1.jar:6.1.1]
	at org.springframework.expression.spel.ast.PropertyOrFieldReference$AccessorLValue.getValue(PropertyOrFieldReference.java:416) ~[spring-expression-6.1.1.jar:6.1.1]
	at org.springframework.expression.spel.ast.CompoundExpression.getValueInternal(CompoundExpression.java:98) ~[spring-expression-6.1.1.jar:6.1.1]
	at org.springframework.expression.spel.ast.SpelNodeImpl.getValue(SpelNodeImpl.java:114) ~[spring-expression-6.1.1.jar:6.1.1]
	at org.springframework.expression.spel.standard.SpelExpression.getValue(SpelExpression.java:338) ~[spring-expression-6.1.1.jar:6.1.1]
	at org.thymeleaf.spring6.expression.SPELVariableExpressionEvaluator.evaluate(SPELVariableExpressionEvaluator.java:265) ~[thymeleaf-spring6-3.1.2.RELEASE.jar:3.1.2.RELEASE]
	... 126 common frames omitted

2026-09-25T17:55:24.869+07:00 ERROR 36788 --- [CNJ70 Ecommerce] [nio-8081-exec-3] o.a.c.c.C.[.[.[/].[dispatcherServlet]    : Servlet.service() for servlet [dispatcherServlet] in context with path [] threw exception [Request processing failed: org.thymeleaf.exceptions.TemplateInputException: An error happened during template parsing (template: "class path resource [templates/admin/violation-detail.html]")] with root cause

org.springframework.expression.spel.SpelEvaluationException: EL1008E: Property or field 'shopName' cannot be found on object of type 'java.util.HashMap' - maybe not public or not valid?
	at org.springframework.expression.spel.ast.PropertyOrFieldReference.readProperty(PropertyOrFieldReference.java:228) ~[spring-expression-6.1.1.jar:6.1.1]
	at org.springframework.expression.spel.ast.PropertyOrFieldReference.getValueInternal(PropertyOrFieldReference.java:111) ~[spring-expression-6.1.1.jar:6.1.1]
	at org.springframework.expression.spel.ast.PropertyOrFieldReference$AccessorLValue.getValue(PropertyOrFieldReference.java:416) ~[spring-expression-6.1.1.jar:6.1.1]
	at org.springframework.expression.spel.ast.CompoundExpression.getValueInternal(CompoundExpression.java:98) ~[spring-expression-6.1.1.jar:6.1.1]
	at org.springframework.expression.spel.ast.SpelNodeImpl.getValue(SpelNodeImpl.java:114) ~[spring-expression-6.1.1.jar:6.1.1]
	at org.springframework.expression.spel.standard.SpelExpression.getValue(SpelExpression.java:338) ~[spring-expression-6.1.1.jar:6.1.1]
	at org.thymeleaf.spring6.expression.SPELVariableExpressionEvaluator.evaluate(SPELVariableExpressionEvaluator.java:265) ~[thymeleaf-spring6-3.1.2.RELEASE.jar:3.1.2.RELEASE]
	at org.thymeleaf.standard.expression.VariableExpression.executeVariableExpression(VariableExpression.java:166) ~[thymeleaf-3.1.2.RELEASE.jar:3.1.2.RELEASE]
	at org.thymeleaf.standard.expression.SimpleExpression.executeSimple(SimpleExpression.java:66) ~[thymeleaf-3.1.2.RELEASE.jar:3.1.2.RELEASE]
	at org.thymeleaf.standard.expression.Expression.execute(Expression.java:109) ~[thymeleaf-3.1.2.RELEASE.jar:3.1.2.RELEASE]
	at org.thymeleaf.standard.expression.Expression.execute(Expression.java:138) ~[thymeleaf-3.1.2.RELEASE.jar:3.1.2.RELEASE]
	at org.thymeleaf.standard.expression.DefaultExpression.executeDefault(DefaultExpression.java:162) ~[thymeleaf-3.1.2.RELEASE.jar:3.1.2.RELEASE]
	at org.thymeleaf.standard.expression.ComplexExpression.executeComplex(ComplexExpression.java:80) ~[thymeleaf-3.1.2.RELEASE.jar:3.1.2.RELEASE]
	at org.thymeleaf.standard.expression.Expression.execute(Expression.java:112) ~[thymeleaf-3.1.2.RELEASE.jar:3.1.2.RELEASE]
	at org.thymeleaf.standard.expression.Expression.execute(Expression.java:138) ~[thymeleaf-3.1.2.RELEASE.jar:3.1.2.RELEASE]
	at org.thymeleaf.standard.processor.AbstractStandardExpressionAttributeTagProcessor.doProcess(AbstractStandardExpressionAttributeTagProcessor.java:144) ~[thymeleaf-3.1.2.RELEASE.jar:3.1.2.RELEASE]
	at org.thymeleaf.processor.element.AbstractAttributeTagProcessor.doProcess(AbstractAttributeTagProcessor.java:74) ~[thymeleaf-3.1.2.RELEASE.jar:3.1.2.RELEASE]
	at org.thymeleaf.processor.element.AbstractElementTagProcessor.process(AbstractElementTagProcessor.java:95) ~[thymeleaf-3.1.2.RELEASE.jar:3.1.2.RELEASE]
	at org.thymeleaf.util.ProcessorConfigurationUtils$ElementTagProcessorWrapper.process(ProcessorConfigurationUtils.java:633) ~[thymeleaf-3.1.2.RELEASE.jar:3.1.2.RELEASE]
	at org.thymeleaf.engine.ProcessorTemplateHandler.handleOpenElement(ProcessorTemplateHandler.java:1314) ~[thymeleaf-3.1.2.RELEASE.jar:3.1.2.RELEASE]
	at org.thymeleaf.engine.OpenElementTag.beHandled(OpenElementTag.java:205) ~[thymeleaf-3.1.2.RELEASE.jar:3.1.2.RELEASE]
	at org.thymeleaf.engine.Model.process(Model.java:282) ~[thymeleaf-3.1.2.RELEASE.jar:3.1.2.RELEASE]
	at org.thymeleaf.engine.ProcessorTemplateHandler.handleOpenElement(ProcessorTemplateHandler.java:1587) ~[thymeleaf-3.1.2.RELEASE.jar:3.1.2.RELEASE]
	at org.thymeleaf.engine.OpenElementTag.beHandled(OpenElementTag.java:205) ~[thymeleaf-3.1.2.RELEASE.jar:3.1.2.RELEASE]
	at org.thymeleaf.engine.Model.process(Model.java:282) ~[thymeleaf-3.1.2.RELEASE.jar:3.1.2.RELEASE]
	at org.thymeleaf.engine.ProcessorTemplateHandler.handleOpenElement(ProcessorTemplateHandler.java:1587) ~[thymeleaf-3.1.2.RELEASE.jar:3.1.2.RELEASE]
	at org.thymeleaf.engine.TemplateHandlerAdapterMarkupHandler.handleOpenElementEnd(TemplateHandlerAdapterMarkupHandler.java:304) ~[thymeleaf-3.1.2.RELEASE.jar:3.1.2.RELEASE]
	at org.thymeleaf.templateparser.markup.InlinedOutputExpressionMarkupHandler$InlineMarkupAdapterPreProcessorHandler.handleOpenElementEnd(InlinedOutputExpressionMarkupHandler.java:278) ~[thymeleaf-3.1.2.RELEASE.jar:3.1.2.RELEASE]
	at org.thymeleaf.standard.inline.OutputExpressionInlinePreProcessorHandler.handleOpenElementEnd(OutputExpressionInlinePreProcessorHandler.java:186) ~[thymeleaf-3.1.2.RELEASE.jar:3.1.2.RELEASE]
	at org.thymeleaf.templateparser.markup.InlinedOutputExpressionMarkupHandler.handleOpenElementEnd(InlinedOutputExpressionMarkupHandler.java:124) ~[thymeleaf-3.1.2.RELEASE.jar:3.1.2.RELEASE]
	at org.attoparser.HtmlElement.handleOpenElementEnd(HtmlElement.java:109) ~[attoparser-2.0.7.RELEASE.jar:2.0.7.RELEASE]
	at org.attoparser.HtmlMarkupHandler.handleOpenElementEnd(HtmlMarkupHandler.java:297) ~[attoparser-2.0.7.RELEASE.jar:2.0.7.RELEASE]
	at org.attoparser.MarkupEventProcessorHandler.handleOpenElementEnd(MarkupEventProcessorHandler.java:402) ~[attoparser-2.0.7.RELEASE.jar:2.0.7.RELEASE]
	at org.attoparser.ParsingElementMarkupUtil.parseOpenElement(ParsingElementMarkupUtil.java:159) ~[attoparser-2.0.7.RELEASE.jar:2.0.7.RELEASE]
	at org.attoparser.MarkupParser.parseBuffer(MarkupParser.java:710) ~[attoparser-2.0.7.RELEASE.jar:2.0.7.RELEASE]
	at org.attoparser.MarkupParser.parseDocument(MarkupParser.java:301) ~[attoparser-2.0.7.RELEASE.jar:2.0.7.RELEASE]
	at org.attoparser.MarkupParser.parse(MarkupParser.java:257) ~[attoparser-2.0.7.RELEASE.jar:2.0.7.RELEASE]
	at org.thymeleaf.templateparser.markup.AbstractMarkupTemplateParser.parse(AbstractMarkupTemplateParser.java:230) ~[thymeleaf-3.1.2.RELEASE.jar:3.1.2.RELEASE]
	at org.thymeleaf.templateparser.markup.AbstractMarkupTemplateParser.parseStandalone(AbstractMarkupTemplateParser.java:100) ~[thymeleaf-3.1.2.RELEASE.jar:3.1.2.RELEASE]
	at org.thymeleaf.engine.TemplateManager.parseAndProcess(TemplateManager.java:666) ~[thymeleaf-3.1.2.RELEASE.jar:3.1.2.RELEASE]
	at org.thymeleaf.TemplateEngine.process(TemplateEngine.java:1103) ~[thymeleaf-3.1.2.RELEASE.jar:3.1.2.RELEASE]
	at org.thymeleaf.TemplateEngine.process(TemplateEngine.java:1077) ~[thymeleaf-3.1.2.RELEASE.jar:3.1.2.RELEASE]
	at org.thymeleaf.spring6.view.ThymeleafView.renderFragment(ThymeleafView.java:372) ~[thymeleaf-spring6-3.1.2.RELEASE.jar:3.1.2.RELEASE]
	at org.thymeleaf.spring6.view.ThymeleafView.render(ThymeleafView.java:192) ~[thymeleaf-spring6-3.1.2.RELEASE.jar:3.1.2.RELEASE]
	at org.springframework.web.servlet.DispatcherServlet.render(DispatcherServlet.java:1431) ~[spring-webmvc-6.1.1.jar:6.1.1]
	at org.springframework.web.servlet.DispatcherServlet.processDispatchResult(DispatcherServlet.java:1167) ~[spring-webmvc-6.1.1.jar:6.1.1]
	at org.springframework.web.servlet.DispatcherServlet.doDispatch(DispatcherServlet.java:1106) ~[spring-webmvc-6.1.1.jar:6.1.1]
	at org.springframework.web.servlet.DispatcherServlet.doService(DispatcherServlet.java:979) ~[spring-webmvc-6.1.1.jar:6.1.1]
	at org.springframework.web.servlet.FrameworkServlet.processRequest(FrameworkServlet.java:1014) ~[spring-webmvc-6.1.1.jar:6.1.1]
	at org.springframework.web.servlet.FrameworkServlet.doGet(FrameworkServlet.java:903) ~[spring-webmvc-6.1.1.jar:6.1.1]
	at jakarta.servlet.http.HttpServlet.service(HttpServlet.java:564) ~[tomcat-embed-core-10.1.16.jar:6.0]
	at org.springframework.web.servlet.FrameworkServlet.service(FrameworkServlet.java:885) ~[spring-webmvc-6.1.1.jar:6.1.1]
	at jakarta.servlet.http.HttpServlet.service(HttpServlet.java:658) ~[tomcat-embed-core-10.1.16.jar:6.0]
	at org.apache.catalina.core.ApplicationFilterChain.internalDoFilter(ApplicationFilterChain.java:205) ~[tomcat-embed-core-10.1.16.jar:10.1.16]
	at org.apache.catalina.core.ApplicationFilterChain.doFilter(ApplicationFilterChain.java:149) ~[tomcat-embed-core-10.1.16.jar:10.1.16]
	at org.apache.tomcat.websocket.server.WsFilter.doFilter(WsFilter.java:51) ~[tomcat-embed-websocket-10.1.16.jar:10.1.16]
	at org.apache.catalina.core.ApplicationFilterChain.internalDoFilter(ApplicationFilterChain.java:174) ~[tomcat-embed-core-10.1.16.jar:10.1.16]
	at org.apache.catalina.core.ApplicationFilterChain.doFilter(ApplicationFilterChain.java:149) ~[tomcat-embed-core-10.1.16.jar:10.1.16]
	at org.springframework.web.filter.OncePerRequestFilter.doFilter(OncePerRequestFilter.java:110) ~[spring-web-6.1.1.jar:6.1.1]
	at org.apache.catalina.core.ApplicationFilterChain.internalDoFilter(ApplicationFilterChain.java:174) ~[tomcat-embed-core-10.1.16.jar:10.1.16]
	at org.apache.catalina.core.ApplicationFilterChain.doFilter(ApplicationFilterChain.java:149) ~[tomcat-embed-core-10.1.16.jar:10.1.16]
	at org.springframework.security.web.FilterChainProxy.lambda$doFilterInternal$3(FilterChainProxy.java:231) ~[spring-security-web-6.2.0.jar:6.2.0]
	at org.springframework.security.web.FilterChainProxy$VirtualFilterChain.doFilter(FilterChainProxy.java:365) ~[spring-security-web-6.2.0.jar:6.2.0]
	at org.springframework.security.web.access.intercept.AuthorizationFilter.doFilter(AuthorizationFilter.java:100) ~[spring-security-web-6.2.0.jar:6.2.0]
	at org.springframework.security.web.FilterChainProxy$VirtualFilterChain.doFilter(FilterChainProxy.java:374) ~[spring-security-web-6.2.0.jar:6.2.0]
	at org.springframework.security.web.access.ExceptionTranslationFilter.doFilter(ExceptionTranslationFilter.java:126) ~[spring-security-web-6.2.0.jar:6.2.0]
	at org.springframework.security.web.access.ExceptionTranslationFilter.doFilter(ExceptionTranslationFilter.java:120) ~[spring-security-web-6.2.0.jar:6.2.0]
	at org.springframework.security.web.FilterChainProxy$VirtualFilterChain.doFilter(FilterChainProxy.java:374) ~[spring-security-web-6.2.0.jar:6.2.0]
	at org.springframework.security.web.session.SessionManagementFilter.doFilter(SessionManagementFilter.java:131) ~[spring-security-web-6.2.0.jar:6.2.0]
	at org.springframework.security.web.session.SessionManagementFilter.doFilter(SessionManagementFilter.java:85) ~[spring-security-web-6.2.0.jar:6.2.0]
	at org.springframework.security.web.FilterChainProxy$VirtualFilterChain.doFilter(FilterChainProxy.java:374) ~[spring-security-web-6.2.0.jar:6.2.0]
	at org.springframework.security.web.authentication.AnonymousAuthenticationFilter.doFilter(AnonymousAuthenticationFilter.java:100) ~[spring-security-web-6.2.0.jar:6.2.0]
	at org.springframework.security.web.FilterChainProxy$VirtualFilterChain.doFilter(FilterChainProxy.java:374) ~[spring-security-web-6.2.0.jar:6.2.0]
	at org.springframework.security.web.servletapi.SecurityContextHolderAwareRequestFilter.doFilter(SecurityContextHolderAwareRequestFilter.java:179) ~[spring-security-web-6.2.0.jar:6.2.0]
	at org.springframework.security.web.FilterChainProxy$VirtualFilterChain.doFilter(FilterChainProxy.java:374) ~[spring-security-web-6.2.0.jar:6.2.0]
	at org.springframework.security.web.savedrequest.RequestCacheAwareFilter.doFilter(RequestCacheAwareFilter.java:63) ~[spring-security-web-6.2.0.jar:6.2.0]
	at org.springframework.security.web.FilterChainProxy$VirtualFilterChain.doFilter(FilterChainProxy.java:374) ~[spring-security-web-6.2.0.jar:6.2.0]
	at com.ecommerce.cnj70.security.JwtAuthenticationFilter.doFilterInternal(JwtAuthenticationFilter.java:70) ~[classes/:na]
	at org.springframework.web.filter.OncePerRequestFilter.doFilter(OncePerRequestFilter.java:116) ~[spring-web-6.1.1.jar:6.1.1]
	at org.springframework.security.web.FilterChainProxy$VirtualFilterChain.doFilter(FilterChainProxy.java:374) ~[spring-security-web-6.2.0.jar:6.2.0]
	at org.springframework.security.web.authentication.logout.LogoutFilter.doFilter(LogoutFilter.java:107) ~[spring-security-web-6.2.0.jar:6.2.0]
	at org.springframework.security.web.authentication.logout.LogoutFilter.doFilter(LogoutFilter.java:93) ~[spring-security-web-6.2.0.jar:6.2.0]
	at org.springframework.security.web.FilterChainProxy$VirtualFilterChain.doFilter(FilterChainProxy.java:374) ~[spring-security-web-6.2.0.jar:6.2.0]
	at org.springframework.web.filter.CorsFilter.doFilterInternal(CorsFilter.java:91) ~[spring-web-6.1.1.jar:6.1.1]
	at org.springframework.web.filter.OncePerRequestFilter.doFilter(OncePerRequestFilter.java:116) ~[spring-web-6.1.1.jar:6.1.1]
	at org.springframework.security.web.FilterChainProxy$VirtualFilterChain.doFilter(FilterChainProxy.java:374) ~[spring-security-web-6.2.0.jar:6.2.0]
	at org.springframework.security.web.header.HeaderWriterFilter.doHeadersAfter(HeaderWriterFilter.java:90) ~[spring-security-web-6.2.0.jar:6.2.0]
	at org.springframework.security.web.header.HeaderWriterFilter.doFilterInternal(HeaderWriterFilter.java:75) ~[spring-security-web-6.2.0.jar:6.2.0]
	at org.springframework.web.filter.OncePerRequestFilter.doFilter(OncePerRequestFilter.java:116) ~[spring-web-6.1.1.jar:6.1.1]
	at org.springframework.security.web.FilterChainProxy$VirtualFilterChain.doFilter(FilterChainProxy.java:374) ~[spring-security-web-6.2.0.jar:6.2.0]
	at org.springframework.security.web.context.SecurityContextHolderFilter.doFilter(SecurityContextHolderFilter.java:82) ~[spring-security-web-6.2.0.jar:6.2.0]
	at org.springframework.security.web.context.SecurityContextHolderFilter.doFilter(SecurityContextHolderFilter.java:69) ~[spring-security-web-6.2.0.jar:6.2.0]
	at org.springframework.security.web.FilterChainProxy$VirtualFilterChain.doFilter(FilterChainProxy.java:374) ~[spring-security-web-6.2.0.jar:6.2.0]
	at org.springframework.security.web.context.request.async.WebAsyncManagerIntegrationFilter.doFilterInternal(WebAsyncManagerIntegrationFilter.java:62) ~[spring-security-web-6.2.0.jar:6.2.0]
	at org.springframework.web.filter.OncePerRequestFilter.doFilter(OncePerRequestFilter.java:116) ~[spring-web-6.1.1.jar:6.1.1]
	at org.springframework.security.web.FilterChainProxy$VirtualFilterChain.doFilter(FilterChainProxy.java:374) ~[spring-security-web-6.2.0.jar:6.2.0]
	at org.springframework.security.web.session.DisableEncodeUrlFilter.doFilterInternal(DisableEncodeUrlFilter.java:42) ~[spring-security-web-6.2.0.jar:6.2.0]
	at org.springframework.web.filter.OncePerRequestFilter.doFilter(OncePerRequestFilter.java:116) ~[spring-web-6.1.1.jar:6.1.1]
	at org.springframework.security.web.FilterChainProxy$VirtualFilterChain.doFilter(FilterChainProxy.java:374) ~[spring-security-web-6.2.0.jar:6.2.0]
	at org.springframework.security.web.FilterChainProxy.doFilterInternal(FilterChainProxy.java:233) ~[spring-security-web-6.2.0.jar:6.2.0]
	at org.springframework.security.web.FilterChainProxy.doFilter(FilterChainProxy.java:191) ~[spring-security-web-6.2.0.jar:6.2.0]
	at org.springframework.web.filter.DelegatingFilterProxy.invokeDelegate(DelegatingFilterProxy.java:352) ~[spring-web-6.1.1.jar:6.1.1]
	at org.springframework.web.filter.DelegatingFilterProxy.doFilter(DelegatingFilterProxy.java:268) ~[spring-web-6.1.1.jar:6.1.1]
	at org.apache.catalina.core.ApplicationFilterChain.internalDoFilter(ApplicationFilterChain.java:174) ~[tomcat-embed-core-10.1.16.jar:10.1.16]
	at org.apache.catalina.core.ApplicationFilterChain.doFilter(ApplicationFilterChain.java:149) ~[tomcat-embed-core-10.1.16.jar:10.1.16]
	at org.springframework.web.filter.RequestContextFilter.doFilterInternal(RequestContextFilter.java:100) ~[spring-web-6.1.1.jar:6.1.1]
	at org.springframework.web.filter.OncePerRequestFilter.doFilter(OncePerRequestFilter.java:116) ~[spring-web-6.1.1.jar:6.1.1]
	at org.apache.catalina.core.ApplicationFilterChain.internalDoFilter(ApplicationFilterChain.java:174) ~[tomcat-embed-core-10.1.16.jar:10.1.16]
	at org.apache.catalina.core.ApplicationFilterChain.doFilter(ApplicationFilterChain.java:149) ~[tomcat-embed-core-10.1.16.jar:10.1.16]
	at org.springframework.web.filter.FormContentFilter.doFilterInternal(FormContentFilter.java:93) ~[spring-web-6.1.1.jar:6.1.1]
	at org.springframework.web.filter.OncePerRequestFilter.doFilter(OncePerRequestFilter.java:116) ~[spring-web-6.1.1.jar:6.1.1]
	at org.apache.catalina.core.ApplicationFilterChain.internalDoFilter(ApplicationFilterChain.java:174) ~[tomcat-embed-core-10.1.16.jar:10.1.16]
	at org.apache.catalina.core.ApplicationFilterChain.doFilter(ApplicationFilterChain.java:149) ~[tomcat-embed-core-10.1.16.jar:10.1.16]
	at org.springframework.web.filter.CharacterEncodingFilter.doFilterInternal(CharacterEncodingFilter.java:201) ~[spring-web-6.1.1.jar:6.1.1]
	at org.springframework.web.filter.OncePerRequestFilter.doFilter(OncePerRequestFilter.java:116) ~[spring-web-6.1.1.jar:6.1.1]
	at org.apache.catalina.core.ApplicationFilterChain.internalDoFilter(ApplicationFilterChain.java:174) ~[tomcat-embed-core-10.1.16.jar:10.1.16]
	at org.apache.catalina.core.ApplicationFilterChain.doFilter(ApplicationFilterChain.java:149) ~[tomcat-embed-core-10.1.16.jar:10.1.16]
	at org.apache.catalina.core.StandardWrapperValve.invoke(StandardWrapperValve.java:167) ~[tomcat-embed-core-10.1.16.jar:10.1.16]
	at org.apache.catalina.core.StandardContextValve.invoke(StandardContextValve.java:90) ~[tomcat-embed-core-10.1.16.jar:10.1.16]
	at org.apache.catalina.authenticator.AuthenticatorBase.invoke(AuthenticatorBase.java:482) ~[tomcat-embed-core-10.1.16.jar:10.1.16]
	at org.apache.catalina.core.StandardHostValve.invoke(StandardHostValve.java:115) ~[tomcat-embed-core-10.1.16.jar:10.1.16]
	at org.apache.catalina.valves.ErrorReportValve.invoke(ErrorReportValve.java:93) ~[tomcat-embed-core-10.1.16.jar:10.1.16]
	at org.apache.catalina.core.StandardEngineValve.invoke(StandardEngineValve.java:74) ~[tomcat-embed-core-10.1.16.jar:10.1.16]
	at org.apache.catalina.connector.CoyoteAdapter.service(CoyoteAdapter.java:340) ~[tomcat-embed-core-10.1.16.jar:10.1.16]
	at org.apache.coyote.http11.Http11Processor.service(Http11Processor.java:391) ~[tomcat-embed-core-10.1.16.jar:10.1.16]
	at org.apache.coyote.AbstractProcessorLight.process(AbstractProcessorLight.java:63) ~[tomcat-embed-core-10.1.16.jar:10.1.16]
	at org.apache.coyote.AbstractProtocol$ConnectionHandler.process(AbstractProtocol.java:896) ~[tomcat-embed-core-10.1.16.jar:10.1.16]
	at org.apache.tomcat.util.net.NioEndpoint$SocketProcessor.doRun(NioEndpoint.java:1744) ~[tomcat-embed-core-10.1.16.jar:10.1.16]
	at org.apache.tomcat.util.net.SocketProcessorBase.run(SocketProcessorBase.java:52) ~[tomcat-embed-core-10.1.16.jar:10.1.16]
	at org.apache.tomcat.util.threads.ThreadPoolExecutor.runWorker(ThreadPoolExecutor.java:1191) ~[tomcat-embed-core-10.1.16.jar:10.1.16]
	at org.apache.tomcat.util.threads.ThreadPoolExecutor$Worker.run(ThreadPoolExecutor.java:659) ~[tomcat-embed-core-10.1.16.jar:10.1.16]
	at org.apache.tomcat.util.threads.TaskThread$WrappingRunnable.run(TaskThread.java:61) ~[tomcat-embed-core-10.1.16.jar:10.1.16]
	at java.base/java.lang.Thread.run(Thread.java:1583) ~[na:na]

2026-09-25T17:55:24.872+07:00 DEBUG 36788 --- [CNJ70 Ecommerce] [nio-8081-exec-4] o.s.security.web.FilterChainProxy        : Securing GET /css/dashboard.css
2026-09-25T17:55:24.873+07:00 DEBUG 36788 --- [CNJ70 Ecommerce] [nio-8081-exec-3] o.s.security.web.FilterChainProxy        : Securing GET /admin/violations/6ab61d7259fb2a46a9b1163b
2026-09-25T17:55:24.874+07:00 DEBUG 36788 --- [CNJ70 Ecommerce] [nio-8081-exec-4] o.s.d.m.r.query.MongoQueryCreator        : Created query Query: { "email" : "admin2@gmail.com"}, Fields: {}, Sort: {}
2026-09-25T17:55:24.876+07:00 DEBUG 36788 --- [CNJ70 Ecommerce] [nio-8081-exec-3] o.s.security.web.FilterChainProxy        : Secured GET /admin/violations/6ab61d7259fb2a46a9b1163b
2026-09-25T17:55:24.876+07:00 DEBUG 36788 --- [CNJ70 Ecommerce] [nio-8081-exec-9] o.s.security.web.FilterChainProxy        : Securing GET /css/foundation/index.css
2026-09-25T17:55:24.876+07:00 DEBUG 36788 --- [CNJ70 Ecommerce] [nio-8081-exec-6] o.s.security.web.FilterChainProxy        : Securing GET /css/admin-ui.css
2026-09-25T17:55:24.876+07:00 DEBUG 36788 --- [CNJ70 Ecommerce] [nio-8081-exec-7] o.s.security.web.FilterChainProxy        : Securing GET /css/admin-dashboard.css
2026-09-25T17:55:24.876+07:00 DEBUG 36788 --- [CNJ70 Ecommerce] [nio-8081-exec-4] o.s.data.mongodb.core.MongoTemplate      : find using query: { "email" : "admin2@gmail.com"} fields: Document{{}} for class: class com.ecommerce.cnj70.document.User in collection: users
2026-09-25T17:55:24.878+07:00 DEBUG 36788 --- [CNJ70 Ecommerce] [nio-8081-exec-3] o.s.s.w.a.AnonymousAuthenticationFilter  : Set SecurityContextHolder to anonymous SecurityContext
2026-09-25T17:55:24.879+07:00 DEBUG 36788 --- [CNJ70 Ecommerce] [nio-8081-exec-3] o.s.data.mongodb.core.MongoTemplate      : find using query: {} fields: Document{{}} for class: class com.ecommerce.cnj70.document.Voucher in collection: vouchers
2026-09-25T17:55:24.879+07:00 DEBUG 36788 --- [CNJ70 Ecommerce] [nio-8081-exec-9] o.s.d.m.r.query.MongoQueryCreator        : Created query Query: { "email" : "admin2@gmail.com"}, Fields: {}, Sort: {}
2026-09-25T17:55:24.879+07:00 DEBUG 36788 --- [CNJ70 Ecommerce] [nio-8081-exec-6] o.s.d.m.r.query.MongoQueryCreator        : Created query Query: { "email" : "admin2@gmail.com"}, Fields: {}, Sort: {}
2026-09-25T17:55:24.879+07:00 DEBUG 36788 --- [CNJ70 Ecommerce] [nio-8081-exec-7] o.s.d.m.r.query.MongoQueryCreator        : Created query Query: { "email" : "admin2@gmail.com"}, Fields: {}, Sort: {}
2026-09-25T17:55:24.879+07:00 DEBUG 36788 --- [CNJ70 Ecommerce] [nio-8081-exec-6] o.s.data.mongodb.core.MongoTemplate      : find using query: { "email" : "admin2@gmail.com"} fields: Document{{}} for class: class com.ecommerce.cnj70.document.User in collection: users
2026-09-25T17:55:24.879+07:00 DEBUG 36788 --- [CNJ70 Ecommerce] [nio-8081-exec-9] o.s.data.mongodb.core.MongoTemplate      : find using query: { "email" : "admin2@gmail.com"} fields: Document{{}} for class: class com.ecommerce.cnj70.document.User in collection: users
2026-09-25T17:55:24.880+07:00 DEBUG 36788 --- [CNJ70 Ecommerce] [nio-8081-exec-7] o.s.data.mongodb.core.MongoTemplate      : find using query: { "email" : "admin2@gmail.com"} fields: Document{{}} for class: class com.ecommerce.cnj70.document.User in collection: users
2026-09-25T17:55:24.930+07:00 DEBUG 36788 --- [CNJ70 Ecommerce] [nio-8081-exec-6] .s.ChangeSessionIdAuthenticationStrategy : Changed session id from CB6ECE307F07C3E12F96664F7C5AC0AF
2026-09-25T17:55:24.932+07:00 DEBUG 36788 --- [CNJ70 Ecommerce] [nio-8081-exec-9] o.s.security.web.FilterChainProxy        : Secured GET /css/foundation/index.css
2026-09-25T17:55:24.932+07:00 DEBUG 36788 --- [CNJ70 Ecommerce] [nio-8081-exec-6] o.s.security.web.FilterChainProxy        : Secured GET /css/admin-ui.css
2026-09-25T17:55:24.939+07:00 DEBUG 36788 --- [CNJ70 Ecommerce] [nio-8081-exec-4] o.s.security.web.FilterChainProxy        : Secured GET /css/dashboard.css
2026-09-25T17:55:24.944+07:00 DEBUG 36788 --- [CNJ70 Ecommerce] [nio-8081-exec-8] o.s.security.web.FilterChainProxy        : Securing GET /css/foundation/tokens.css
2026-09-25T17:55:24.944+07:00 DEBUG 36788 --- [CNJ70 Ecommerce] [nio-8081-exec-2] o.s.security.web.FilterChainProxy        : Securing GET /css/foundation/base.css
2026-09-25T17:55:24.947+07:00 DEBUG 36788 --- [CNJ70 Ecommerce] [nio-8081-exec-8] o.s.d.m.r.query.MongoQueryCreator        : Created query Query: { "email" : "admin2@gmail.com"}, Fields: {}, Sort: {}
2026-09-25T17:55:24.948+07:00 DEBUG 36788 --- [CNJ70 Ecommerce] [nio-8081-exec-8] o.s.data.mongodb.core.MongoTemplate      : find using query: { "email" : "admin2@gmail.com"} fields: Document{{}} for class: class com.ecommerce.cnj70.document.User in collection: users
2026-09-25T17:55:24.947+07:00 DEBUG 36788 --- [CNJ70 Ecommerce] [nio-8081-exec-2] o.s.d.m.r.query.MongoQueryCreator        : Created query Query: { "email" : "admin2@gmail.com"}, Fields: {}, Sort: {}
2026-09-25T17:55:24.948+07:00 DEBUG 36788 --- [CNJ70 Ecommerce] [nio-8081-exec-1] o.s.security.web.FilterChainProxy        : Securing GET /css/foundation/components.css
2026-09-25T17:55:24.949+07:00 DEBUG 36788 --- [CNJ70 Ecommerce] [nio-8081-exec-2] o.s.data.mongodb.core.MongoTemplate      : find using query: { "email" : "admin2@gmail.com"} fields: Document{{}} for class: class com.ecommerce.cnj70.document.User in collection: users
2026-09-25T17:55:24.951+07:00 DEBUG 36788 --- [CNJ70 Ecommerce] [nio-8081-exec-5] o.s.security.web.FilterChainProxy        : Securing GET /css/foundation/layout.css
2026-09-25T17:55:24.953+07:00 DEBUG 36788 --- [CNJ70 Ecommerce] [nio-8081-exec-1] o.s.d.m.r.query.MongoQueryCreator        : Created query Query: { "email" : "admin2@gmail.com"}, Fields: {}, Sort: {}
2026-09-25T17:55:24.953+07:00 DEBUG 36788 --- [CNJ70 Ecommerce] [nio-8081-exec-1] o.s.data.mongodb.core.MongoTemplate      : find using query: { "email" : "admin2@gmail.com"} fields: Document{{}} for class: class com.ecommerce.cnj70.document.User in collection: users
2026-09-25T17:55:24.957+07:00 DEBUG 36788 --- [CNJ70 Ecommerce] [nio-8081-exec-5] o.s.d.m.r.query.MongoQueryCreator        : Created query Query: { "email" : "admin2@gmail.com"}, Fields: {}, Sort: {}
2026-09-25T17:55:24.957+07:00 DEBUG 36788 --- [CNJ70 Ecommerce] [nio-8081-exec-5] o.s.data.mongodb.core.MongoTemplate      : find using query: { "email" : "admin2@gmail.com"} fields: Document{{}} for class: class com.ecommerce.cnj70.document.User in collection: users
2026-09-25T17:55:24.968+07:00 ERROR 36788 --- [CNJ70 Ecommerce] [nio-8081-exec-3] s.e.ErrorMvcAutoConfiguration$StaticView : Cannot render error page for request [/admin/violations/6ab61d7259fb2a46a9b1163b] and exception [An error happened during template parsing (template: "class path resource [templates/admin/violation-detail.html]")] as the response has already been committed. As a result, the response may have the wrong status code.
2026-09-25T17:55:24.973+07:00 DEBUG 36788 --- [CNJ70 Ecommerce] [io-8081-exec-10] o.s.security.web.FilterChainProxy        : Securing GET /css/foundation/responsive.css
2026-09-25T17:55:24.976+07:00 DEBUG 36788 --- [CNJ70 Ecommerce] [io-8081-exec-10] o.s.d.m.r.query.MongoQueryCreator        : Created query Query: { "email" : "admin2@gmail.com"}, Fields: {}, Sort: {}
2026-09-25T17:55:24.977+07:00 DEBUG 36788 --- [CNJ70 Ecommerce] [io-8081-exec-10] o.s.data.mongodb.core.MongoTemplate      : find using query: { "email" : "admin2@gmail.com"} fields: Document{{}} for class: class com.ecommerce.cnj70.document.User in collection: users
2026-09-25T17:55:25.004+07:00 DEBUG 36788 --- [CNJ70 Ecommerce] [nio-8081-exec-1] .s.ChangeSessionIdAuthenticationStrategy : Changed session id from 62F34DD90277D73A8FEFB58378842BFD
2026-09-25T17:55:25.006+07:00 DEBUG 36788 --- [CNJ70 Ecommerce] [nio-8081-exec-1] o.s.security.web.FilterChainProxy        : Secured GET /css/foundation/components.css
2026-09-25T17:55:25.009+07:00 DEBUG 36788 --- [CNJ70 Ecommerce] [nio-8081-exec-5] o.s.security.web.FilterChainProxy        : Secured GET /css/foundation/layout.css
2026-09-25T17:55:25.013+07:00 DEBUG 36788 --- [CNJ70 Ecommerce] [nio-8081-exec-9] o.s.security.web.FilterChainProxy        : Securing GET /css/foundation/accessibility.css
2026-09-25T17:55:25.016+07:00 DEBUG 36788 --- [CNJ70 Ecommerce] [nio-8081-exec-9] o.s.d.m.r.query.MongoQueryCreator        : Created query Query: { "email" : "admin2@gmail.com"}, Fields: {}, Sort: {}
2026-09-25T17:55:25.017+07:00 DEBUG 36788 --- [CNJ70 Ecommerce] [nio-8081-exec-9] o.s.data.mongodb.core.MongoTemplate      : find using query: { "email" : "admin2@gmail.com"} fields: Document{{}} for class: class com.ecommerce.cnj70.document.User in collection: users
2026-09-25T17:55:25.018+07:00 DEBUG 36788 --- [CNJ70 Ecommerce] [nio-8081-exec-2] o.s.security.web.FilterChainProxy        : Secured GET /css/foundation/base.css
2026-09-25T17:55:25.020+07:00 DEBUG 36788 --- [CNJ70 Ecommerce] [nio-8081-exec-8] o.s.security.web.FilterChainProxy        : Secured GET /css/foundation/tokens.css
2026-09-25T17:55:25.081+07:00 DEBUG 36788 --- [CNJ70 Ecommerce] [nio-8081-exec-9] o.s.security.web.FilterChainProxy        : Secured GET /css/foundation/accessibility.css
2026-09-25T17:55:25.282+07:00 DEBUG 36788 --- [CNJ70 Ecommerce] [nio-8081-exec-7] o.s.security.web.FilterChainProxy        : Secured GET /css/admin-dashboard.css
2026-09-25T17:55:25.335+07:00 DEBUG 36788 --- [CNJ70 Ecommerce] [io-8081-exec-10] o.s.security.web.FilterChainProxy        : Secured GET /css/foundation/responsive.css
2026-09-25T17:56:07.902+07:00 DEBUG 36788 --- [CNJ70 Ecommerce] [nio-8081-exec-6] o.s.security.web.FilterChainProxy        : Securing GET /admin/violations
2026-09-25T17:56:07.904+07:00 DEBUG 36788 --- [CNJ70 Ecommerce] [nio-8081-exec-6] o.s.d.m.r.query.MongoQueryCreator        : Created query Query: { "email" : "admin2@gmail.com"}, Fields: {}, Sort: {}
2026-09-25T17:56:07.905+07:00 DEBUG 36788 --- [CNJ70 Ecommerce] [nio-8081-exec-6] o.s.data.mongodb.core.MongoTemplate      : find using query: { "email" : "admin2@gmail.com"} fields: Document{{}} for class: class com.ecommerce.cnj70.document.User in collection: users
2026-09-25T17:56:07.965+07:00 DEBUG 36788 --- [CNJ70 Ecommerce] [nio-8081-exec-6] .s.ChangeSessionIdAuthenticationStrategy : Changed session id from 0CB681C2E14E5BA55989B5E4BE2B2885
2026-09-25T17:56:07.966+07:00 DEBUG 36788 --- [CNJ70 Ecommerce] [nio-8081-exec-6] o.s.security.web.FilterChainProxy        : Secured GET /admin/violations
2026-09-25T17:56:07.968+07:00 DEBUG 36788 --- [CNJ70 Ecommerce] [nio-8081-exec-6] o.s.d.m.r.query.MongoQueryCreator        : Created query Query: { "email" : "admin2@gmail.com"}, Fields: {}, Sort: {}
2026-09-25T17:56:07.968+07:00 DEBUG 36788 --- [CNJ70 Ecommerce] [nio-8081-exec-6] o.s.data.mongodb.core.MongoTemplate      : find using query: { "email" : "admin2@gmail.com"} fields: Document{{}} for class: class com.ecommerce.cnj70.document.User in collection: users
2026-09-25T17:56:08.028+07:00 DEBUG 36788 --- [CNJ70 Ecommerce] [nio-8081-exec-6] o.s.data.mongodb.core.MongoTemplate      : find using query: {} fields: Document{{}} for class: class com.ecommerce.cnj70.document.Voucher in collection: vouchers
2026-09-25T17:56:08.091+07:00 DEBUG 36788 --- [CNJ70 Ecommerce] [nio-8081-exec-6] o.s.data.mongodb.core.MongoTemplate      : Executing count: {} in collection: violations
2026-09-25T17:56:08.155+07:00 DEBUG 36788 --- [CNJ70 Ecommerce] [nio-8081-exec-6] o.s.data.mongodb.core.MongoTemplate      : find using query: {} fields: Document{{}} for class: class com.ecommerce.cnj70.document.Violation in collection: violations
2026-09-25T17:56:08.246+07:00 DEBUG 36788 --- [CNJ70 Ecommerce] [nio-8081-exec-3] o.s.security.web.FilterChainProxy        : Securing GET /css/admin-dashboard.css
2026-09-25T17:56:08.246+07:00 DEBUG 36788 --- [CNJ70 Ecommerce] [nio-8081-exec-4] o.s.security.web.FilterChainProxy        : Securing GET /css/dashboard.css
2026-09-25T17:56:08.246+07:00 DEBUG 36788 --- [CNJ70 Ecommerce] [nio-8081-exec-1] o.s.security.web.FilterChainProxy        : Securing GET /css/foundation/index.css
2026-09-25T17:56:08.247+07:00 DEBUG 36788 --- [CNJ70 Ecommerce] [nio-8081-exec-5] o.s.security.web.FilterChainProxy        : Securing GET /css/admin-ui.css
2026-09-25T17:56:08.255+07:00 DEBUG 36788 --- [CNJ70 Ecommerce] [nio-8081-exec-5] o.s.d.m.r.query.MongoQueryCreator        : Created query Query: { "email" : "admin2@gmail.com"}, Fields: {}, Sort: {}
2026-09-25T17:56:08.255+07:00 DEBUG 36788 --- [CNJ70 Ecommerce] [nio-8081-exec-1] o.s.d.m.r.query.MongoQueryCreator        : Created query Query: { "email" : "admin2@gmail.com"}, Fields: {}, Sort: {}
2026-09-25T17:56:08.255+07:00 DEBUG 36788 --- [CNJ70 Ecommerce] [nio-8081-exec-4] o.s.d.m.r.query.MongoQueryCreator        : Created query Query: { "email" : "admin2@gmail.com"}, Fields: {}, Sort: {}
2026-09-25T17:56:08.255+07:00 DEBUG 36788 --- [CNJ70 Ecommerce] [nio-8081-exec-3] o.s.d.m.r.query.MongoQueryCreator        : Created query Query: { "email" : "admin2@gmail.com"}, Fields: {}, Sort: {}
2026-09-25T17:56:08.256+07:00 DEBUG 36788 --- [CNJ70 Ecommerce] [nio-8081-exec-1] o.s.data.mongodb.core.MongoTemplate      : find using query: { "email" : "admin2@gmail.com"} fields: Document{{}} for class: class com.ecommerce.cnj70.document.User in collection: users
2026-09-25T17:56:08.256+07:00 DEBUG 36788 --- [CNJ70 Ecommerce] [nio-8081-exec-5] o.s.data.mongodb.core.MongoTemplate      : find using query: { "email" : "admin2@gmail.com"} fields: Document{{}} for class: class com.ecommerce.cnj70.document.User in collection: users
2026-09-25T17:56:08.256+07:00 DEBUG 36788 --- [CNJ70 Ecommerce] [nio-8081-exec-4] o.s.data.mongodb.core.MongoTemplate      : find using query: { "email" : "admin2@gmail.com"} fields: Document{{}} for class: class com.ecommerce.cnj70.document.User in collection: users
2026-09-25T17:56:08.256+07:00 DEBUG 36788 --- [CNJ70 Ecommerce] [nio-8081-exec-3] o.s.data.mongodb.core.MongoTemplate      : find using query: { "email" : "admin2@gmail.com"} fields: Document{{}} for class: class com.ecommerce.cnj70.document.User in collection: users
2026-09-25T17:56:08.332+07:00 DEBUG 36788 --- [CNJ70 Ecommerce] [nio-8081-exec-3] .s.ChangeSessionIdAuthenticationStrategy : Changed session id from 6274983EFDEF87F13D41FC310EEC5B62
2026-09-25T17:56:08.332+07:00 DEBUG 36788 --- [CNJ70 Ecommerce] [nio-8081-exec-1] .s.ChangeSessionIdAuthenticationStrategy : Changed session id from 9AAE1807EA5A90A956EE8189726DD970
2026-09-25T17:56:08.332+07:00 DEBUG 36788 --- [CNJ70 Ecommerce] [nio-8081-exec-4] .s.ChangeSessionIdAuthenticationStrategy : Changed session id from F04E46FA8AFBF3AE5A281D87A10C5B56
2026-09-25T17:56:08.333+07:00 DEBUG 36788 --- [CNJ70 Ecommerce] [nio-8081-exec-5] .s.ChangeSessionIdAuthenticationStrategy : Changed session id from 17653E66D87CB7DD81E42FAD71942E35
2026-09-25T17:56:08.336+07:00 DEBUG 36788 --- [CNJ70 Ecommerce] [nio-8081-exec-4] o.s.security.web.FilterChainProxy        : Secured GET /css/dashboard.css
2026-09-25T17:56:08.336+07:00 DEBUG 36788 --- [CNJ70 Ecommerce] [nio-8081-exec-3] o.s.security.web.FilterChainProxy        : Secured GET /css/admin-dashboard.css
2026-09-25T17:56:08.336+07:00 DEBUG 36788 --- [CNJ70 Ecommerce] [nio-8081-exec-1] o.s.security.web.FilterChainProxy        : Secured GET /css/foundation/index.css
2026-09-25T17:56:08.336+07:00 DEBUG 36788 --- [CNJ70 Ecommerce] [nio-8081-exec-5] o.s.security.web.FilterChainProxy        : Secured GET /css/admin-ui.css
2026-09-25T17:56:08.351+07:00 DEBUG 36788 --- [CNJ70 Ecommerce] [nio-8081-exec-8] o.s.security.web.FilterChainProxy        : Securing GET /css/foundation/base.css
2026-09-25T17:56:08.351+07:00 DEBUG 36788 --- [CNJ70 Ecommerce] [nio-8081-exec-9] o.s.security.web.FilterChainProxy        : Securing GET /css/foundation/components.css
2026-09-25T17:56:08.351+07:00 DEBUG 36788 --- [CNJ70 Ecommerce] [nio-8081-exec-2] o.s.security.web.FilterChainProxy        : Securing GET /css/foundation/tokens.css
2026-09-25T17:56:08.351+07:00 DEBUG 36788 --- [CNJ70 Ecommerce] [nio-8081-exec-7] o.s.security.web.FilterChainProxy        : Securing GET /css/foundation/layout.css
2026-09-25T17:56:08.351+07:00 DEBUG 36788 --- [CNJ70 Ecommerce] [io-8081-exec-10] o.s.security.web.FilterChainProxy        : Securing GET /css/foundation/responsive.css
2026-09-25T17:56:08.352+07:00 DEBUG 36788 --- [CNJ70 Ecommerce] [nio-8081-exec-6] o.s.security.web.FilterChainProxy        : Securing GET /css/foundation/accessibility.css
2026-09-25T17:56:08.353+07:00 DEBUG 36788 --- [CNJ70 Ecommerce] [io-8081-exec-10] o.s.d.m.r.query.MongoQueryCreator        : Created query Query: { "email" : "admin2@gmail.com"}, Fields: {}, Sort: {}
2026-09-25T17:56:08.353+07:00 DEBUG 36788 --- [CNJ70 Ecommerce] [nio-8081-exec-7] o.s.d.m.r.query.MongoQueryCreator        : Created query Query: { "email" : "admin2@gmail.com"}, Fields: {}, Sort: {}
2026-09-25T17:56:08.353+07:00 DEBUG 36788 --- [CNJ70 Ecommerce] [nio-8081-exec-8] o.s.d.m.r.query.MongoQueryCreator        : Created query Query: { "email" : "admin2@gmail.com"}, Fields: {}, Sort: {}
2026-09-25T17:56:08.353+07:00 DEBUG 36788 --- [CNJ70 Ecommerce] [nio-8081-exec-2] o.s.d.m.r.query.MongoQueryCreator        : Created query Query: { "email" : "admin2@gmail.com"}, Fields: {}, Sort: {}
2026-09-25T17:56:08.353+07:00 DEBUG 36788 --- [CNJ70 Ecommerce] [nio-8081-exec-6] o.s.d.m.r.query.MongoQueryCreator        : Created query Query: { "email" : "admin2@gmail.com"}, Fields: {}, Sort: {}
2026-09-25T17:56:08.353+07:00 DEBUG 36788 --- [CNJ70 Ecommerce] [nio-8081-exec-9] o.s.d.m.r.query.MongoQueryCreator        : Created query Query: { "email" : "admin2@gmail.com"}, Fields: {}, Sort: {}
2026-09-25T17:56:08.355+07:00 DEBUG 36788 --- [CNJ70 Ecommerce] [nio-8081-exec-6] o.s.data.mongodb.core.MongoTemplate      : find using query: { "email" : "admin2@gmail.com"} fields: Document{{}} for class: class com.ecommerce.cnj70.document.User in collection: users
2026-09-25T17:56:08.354+07:00 DEBUG 36788 --- [CNJ70 Ecommerce] [io-8081-exec-10] o.s.data.mongodb.core.MongoTemplate      : find using query: { "email" : "admin2@gmail.com"} fields: Document{{}} for class: class com.ecommerce.cnj70.document.User in collection: users
2026-09-25T17:56:08.354+07:00 DEBUG 36788 --- [CNJ70 Ecommerce] [nio-8081-exec-8] o.s.data.mongodb.core.MongoTemplate      : find using query: { "email" : "admin2@gmail.com"} fields: Document{{}} for class: class com.ecommerce.cnj70.document.User in collection: users
2026-09-25T17:56:08.354+07:00 DEBUG 36788 --- [CNJ70 Ecommerce] [nio-8081-exec-7] o.s.data.mongodb.core.MongoTemplate      : find using query: { "email" : "admin2@gmail.com"} fields: Document{{}} for class: class com.ecommerce.cnj70.document.User in collection: users
2026-09-25T17:56:08.354+07:00 DEBUG 36788 --- [CNJ70 Ecommerce] [nio-8081-exec-2] o.s.data.mongodb.core.MongoTemplate      : find using query: { "email" : "admin2@gmail.com"} fields: Document{{}} for class: class com.ecommerce.cnj70.document.User in collection: users
2026-09-25T17:56:08.355+07:00 DEBUG 36788 --- [CNJ70 Ecommerce] [nio-8081-exec-9] o.s.data.mongodb.core.MongoTemplate      : find using query: { "email" : "admin2@gmail.com"} fields: Document{{}} for class: class com.ecommerce.cnj70.document.User in collection: users
2026-09-25T17:56:08.406+07:00 DEBUG 36788 --- [CNJ70 Ecommerce] [nio-8081-exec-2] .s.ChangeSessionIdAuthenticationStrategy : Changed session id from A6FFC06461DBB4068CD8BBA897949100
2026-09-25T17:56:08.407+07:00 DEBUG 36788 --- [CNJ70 Ecommerce] [nio-8081-exec-9] o.s.security.web.FilterChainProxy        : Secured GET /css/foundation/components.css
2026-09-25T17:56:08.407+07:00 DEBUG 36788 --- [CNJ70 Ecommerce] [nio-8081-exec-2] o.s.security.web.FilterChainProxy        : Secured GET /css/foundation/tokens.css
2026-09-25T17:56:08.415+07:00 DEBUG 36788 --- [CNJ70 Ecommerce] [nio-8081-exec-8] o.s.security.web.FilterChainProxy        : Secured GET /css/foundation/base.css
2026-09-25T17:56:08.415+07:00 DEBUG 36788 --- [CNJ70 Ecommerce] [io-8081-exec-10] o.s.security.web.FilterChainProxy        : Secured GET /css/foundation/responsive.css
2026-09-25T17:56:08.417+07:00 DEBUG 36788 --- [CNJ70 Ecommerce] [nio-8081-exec-7] o.s.security.web.FilterChainProxy        : Secured GET /css/foundation/layout.css
2026-09-25T17:56:08.422+07:00 DEBUG 36788 --- [CNJ70 Ecommerce] [nio-8081-exec-6] o.s.security.web.FilterChainProxy        : Secured GET /css/foundation/accessibility.css
2026-09-25T17:56:20.558+07:00 DEBUG 36788 --- [CNJ70 Ecommerce] [nio-8081-exec-4] o.s.security.web.FilterChainProxy        : Securing GET /auth/logout
2026-09-25T17:56:20.561+07:00 DEBUG 36788 --- [CNJ70 Ecommerce] [nio-8081-exec-4] o.s.d.m.r.query.MongoQueryCreator        : Created query Query: { "email" : "admin2@gmail.com"}, Fields: {}, Sort: {}
2026-09-25T17:56:20.562+07:00 DEBUG 36788 --- [CNJ70 Ecommerce] [nio-8081-exec-4] o.s.data.mongodb.core.MongoTemplate      : find using query: { "email" : "admin2@gmail.com"} fields: Document{{}} for class: class com.ecommerce.cnj70.document.User in collection: users
2026-09-25T17:56:20.626+07:00 DEBUG 36788 --- [CNJ70 Ecommerce] [nio-8081-exec-4] .s.ChangeSessionIdAuthenticationStrategy : Changed session id from D0342D1CDD4B743C4CC58FC38D090AE1
2026-09-25T17:56:20.632+07:00 DEBUG 36788 --- [CNJ70 Ecommerce] [nio-8081-exec-4] o.s.security.web.FilterChainProxy        : Secured GET /auth/logout
2026-09-25T17:56:20.637+07:00  WARN 36788 --- [CNJ70 Ecommerce] [nio-8081-exec-4] .m.m.a.ExceptionHandlerExceptionResolver : Resolved [org.springframework.web.HttpRequestMethodNotSupportedException: Request method 'GET' is not supported]
2026-09-25T17:56:20.658+07:00 DEBUG 36788 --- [CNJ70 Ecommerce] [nio-8081-exec-1] o.s.security.web.FilterChainProxy        : Securing GET /css/style.css
2026-09-25T17:56:20.658+07:00 DEBUG 36788 --- [CNJ70 Ecommerce] [nio-8081-exec-1] o.s.d.m.r.query.MongoQueryCreator        : Created query Query: { "email" : "admin2@gmail.com"}, Fields: {}, Sort: {}
2026-09-25T17:56:20.658+07:00 DEBUG 36788 --- [CNJ70 Ecommerce] [nio-8081-exec-1] o.s.data.mongodb.core.MongoTemplate      : find using query: { "email" : "admin2@gmail.com"} fields: Document{{}} for class: class com.ecommerce.cnj70.document.User in collection: users
2026-09-25T17:56:20.725+07:00 DEBUG 36788 --- [CNJ70 Ecommerce] [nio-8081-exec-1] .s.ChangeSessionIdAuthenticationStrategy : Changed session id from 2576D8F53947E65A8974AC305D9C9BFC
2026-09-25T17:56:20.729+07:00 DEBUG 36788 --- [CNJ70 Ecommerce] [nio-8081-exec-1] o.s.security.web.FilterChainProxy        : Secured GET /css/style.css
2026-09-25T17:56:23.767+07:00 DEBUG 36788 --- [CNJ70 Ecommerce] [nio-8081-exec-5] o.s.security.web.FilterChainProxy        : Securing GET /auth/login
2026-09-25T17:56:23.770+07:00 DEBUG 36788 --- [CNJ70 Ecommerce] [nio-8081-exec-5] o.s.d.m.r.query.MongoQueryCreator        : Created query Query: { "email" : "admin2@gmail.com"}, Fields: {}, Sort: {}
2026-09-25T17:56:23.771+07:00 DEBUG 36788 --- [CNJ70 Ecommerce] [nio-8081-exec-5] o.s.data.mongodb.core.MongoTemplate      : find using query: { "email" : "admin2@gmail.com"} fields: Document{{}} for class: class com.ecommerce.cnj70.document.User in collection: users
2026-09-25T17:56:23.834+07:00 DEBUG 36788 --- [CNJ70 Ecommerce] [nio-8081-exec-5] .s.ChangeSessionIdAuthenticationStrategy : Changed session id from 0AD6773B02840D2E8FE2FE2C1502EFD1
2026-09-25T17:56:23.839+07:00 DEBUG 36788 --- [CNJ70 Ecommerce] [nio-8081-exec-5] o.s.security.web.FilterChainProxy        : Secured GET /auth/login
2026-09-25T17:56:23.841+07:00 DEBUG 36788 --- [CNJ70 Ecommerce] [nio-8081-exec-5] o.s.d.m.r.query.MongoQueryCreator        : Created query Query: { "email" : "admin2@gmail.com"}, Fields: {}, Sort: {}
2026-09-25T17:56:23.841+07:00 DEBUG 36788 --- [CNJ70 Ecommerce] [nio-8081-exec-5] o.s.data.mongodb.core.MongoTemplate      : find using query: { "email" : "admin2@gmail.com"} fields: Document{{}} for class: class com.ecommerce.cnj70.document.User in collection: users
2026-09-25T17:56:23.904+07:00 DEBUG 36788 --- [CNJ70 Ecommerce] [nio-8081-exec-5] o.s.data.mongodb.core.MongoTemplate      : find using query: {} fields: Document{{}} for class: class com.ecommerce.cnj70.document.Voucher in collection: vouchers
2026-09-25T17:56:23.994+07:00 DEBUG 36788 --- [CNJ70 Ecommerce] [nio-8081-exec-3] o.s.security.web.FilterChainProxy        : Securing GET /css/home.css
2026-09-25T17:56:23.994+07:00 DEBUG 36788 --- [CNJ70 Ecommerce] [nio-8081-exec-2] o.s.security.web.FilterChainProxy        : Securing GET /css/auth.css
2026-09-25T17:56:23.996+07:00 DEBUG 36788 --- [CNJ70 Ecommerce] [nio-8081-exec-3] o.s.d.m.r.query.MongoQueryCreator        : Created query Query: { "email" : "admin2@gmail.com"}, Fields: {}, Sort: {}
2026-09-25T17:56:23.996+07:00 DEBUG 36788 --- [CNJ70 Ecommerce] [nio-8081-exec-2] o.s.d.m.r.query.MongoQueryCreator        : Created query Query: { "email" : "admin2@gmail.com"}, Fields: {}, Sort: {}
2026-09-25T17:56:23.996+07:00 DEBUG 36788 --- [CNJ70 Ecommerce] [nio-8081-exec-3] o.s.data.mongodb.core.MongoTemplate      : find using query: { "email" : "admin2@gmail.com"} fields: Document{{}} for class: class com.ecommerce.cnj70.document.User in collection: users
2026-09-25T17:56:23.996+07:00 DEBUG 36788 --- [CNJ70 Ecommerce] [nio-8081-exec-2] o.s.data.mongodb.core.MongoTemplate      : find using query: { "email" : "admin2@gmail.com"} fields: Document{{}} for class: class com.ecommerce.cnj70.document.User in collection: users
2026-09-25T17:56:24.056+07:00 DEBUG 36788 --- [CNJ70 Ecommerce] [nio-8081-exec-2] .s.ChangeSessionIdAuthenticationStrategy : Changed session id from CFDA5BBF2D14EB60CB0A5BC1C72E79AC
2026-09-25T17:56:24.058+07:00 DEBUG 36788 --- [CNJ70 Ecommerce] [nio-8081-exec-2] o.s.security.web.FilterChainProxy        : Secured GET /css/auth.css
2026-09-25T17:56:24.064+07:00 DEBUG 36788 --- [CNJ70 Ecommerce] [nio-8081-exec-3] o.s.security.web.FilterChainProxy        : Secured GET /css/home.css
2026-09-25T17:56:56.778+07:00 DEBUG 36788 --- [CNJ70 Ecommerce] [nio-8081-exec-9] o.s.security.web.FilterChainProxy        : Securing POST /auth/login
2026-09-25T17:56:56.779+07:00 DEBUG 36788 --- [CNJ70 Ecommerce] [nio-8081-exec-9] o.s.s.w.a.AnonymousAuthenticationFilter  : Set SecurityContextHolder to anonymous SecurityContext
2026-09-25T17:56:56.780+07:00 DEBUG 36788 --- [CNJ70 Ecommerce] [nio-8081-exec-9] o.s.security.web.FilterChainProxy        : Secured POST /auth/login
2026-09-25T17:56:56.780+07:00 DEBUG 36788 --- [CNJ70 Ecommerce] [nio-8081-exec-9] o.s.data.mongodb.core.MongoTemplate      : find using query: {} fields: Document{{}} for class: class com.ecommerce.cnj70.document.Voucher in collection: vouchers
2026-09-25T17:56:56.855+07:00 DEBUG 36788 --- [CNJ70 Ecommerce] [nio-8081-exec-9] o.s.d.m.r.query.MongoQueryCreator        : Created query Query: { "email" : "moderator_test@gmail.com"}, Fields: {}, Sort: {}
2026-09-25T17:56:56.856+07:00 DEBUG 36788 --- [CNJ70 Ecommerce] [nio-8081-exec-9] o.s.data.mongodb.core.MongoTemplate      : find using query: { "email" : "moderator_test@gmail.com"} fields: Document{{}} for class: class com.ecommerce.cnj70.document.User in collection: users
2026-09-25T17:56:56.993+07:00 DEBUG 36788 --- [CNJ70 Ecommerce] [nio-8081-exec-9] o.s.data.mongodb.core.MongoTemplate      : Inserting Document containing fields: [actorId, actorUsername, actorRole, action, resourceType, resourceId, reason, severity, metadata, createdAt, _class] in collection: audit_logs
2026-09-25T17:56:57.075+07:00 DEBUG 36788 --- [CNJ70 Ecommerce] [nio-8081-exec-9] o.s.data.mongodb.core.MongoTemplate      : Inserting Document containing fields: [actorId, actorEmail, role, action, resourceType, resourceId, reason, severity, createdAt, _class] in collection: audit_logs
2026-09-25T17:56:57.144+07:00  INFO 36788 --- [CNJ70 Ecommerce] [nio-8081-exec-9] c.e.c.service.impl.AuditLogServiceImpl   : [AUDIT] LOGIN_SUCCESS | actor=moderator_test@gmail.com(MODERATOR) | resource=USER:6ab2052a6ddcd35af0399766 | severity=INFO | reason=User đăng nhập thành công
2026-09-25T17:57:13.682+07:00 DEBUG 36788 --- [CNJ70 Ecommerce] [nio-8081-exec-4] o.s.security.web.FilterChainProxy        : Securing POST /auth/login
2026-09-25T17:57:13.685+07:00 DEBUG 36788 --- [CNJ70 Ecommerce] [nio-8081-exec-4] o.s.d.m.r.query.MongoQueryCreator        : Created query Query: { "email" : "admin2@gmail.com"}, Fields: {}, Sort: {}
2026-09-25T17:57:13.686+07:00 DEBUG 36788 --- [CNJ70 Ecommerce] [nio-8081-exec-4] o.s.data.mongodb.core.MongoTemplate      : find using query: { "email" : "admin2@gmail.com"} fields: Document{{}} for class: class com.ecommerce.cnj70.document.User in collection: users
2026-09-25T17:57:13.752+07:00 DEBUG 36788 --- [CNJ70 Ecommerce] [nio-8081-exec-4] .s.ChangeSessionIdAuthenticationStrategy : Changed session id from E61D0C0BC8ED8492E126D1757972F9DD
2026-09-25T17:57:13.754+07:00 DEBUG 36788 --- [CNJ70 Ecommerce] [nio-8081-exec-4] o.s.security.web.FilterChainProxy        : Secured POST /auth/login
2026-09-25T17:57:13.755+07:00 DEBUG 36788 --- [CNJ70 Ecommerce] [nio-8081-exec-4] o.s.d.m.r.query.MongoQueryCreator        : Created query Query: { "email" : "admin2@gmail.com"}, Fields: {}, Sort: {}
2026-09-25T17:57:13.756+07:00 DEBUG 36788 --- [CNJ70 Ecommerce] [nio-8081-exec-4] o.s.data.mongodb.core.MongoTemplate      : find using query: { "email" : "admin2@gmail.com"} fields: Document{{}} for class: class com.ecommerce.cnj70.document.User in collection: users
2026-09-25T17:57:13.821+07:00 DEBUG 36788 --- [CNJ70 Ecommerce] [nio-8081-exec-4] o.s.data.mongodb.core.MongoTemplate      : find using query: {} fields: Document{{}} for class: class com.ecommerce.cnj70.document.Voucher in collection: vouchers
2026-09-25T17:57:13.887+07:00 DEBUG 36788 --- [CNJ70 Ecommerce] [nio-8081-exec-4] o.s.d.m.r.query.MongoQueryCreator        : Created query Query: { "email" : "moderator_test@gmail.com"}, Fields: {}, Sort: {}
2026-09-25T17:57:13.889+07:00 DEBUG 36788 --- [CNJ70 Ecommerce] [nio-8081-exec-4] o.s.data.mongodb.core.MongoTemplate      : find using query: { "email" : "moderator_test@gmail.com"} fields: Document{{}} for class: class com.ecommerce.cnj70.document.User in collection: users
2026-09-25T17:57:14.055+07:00 DEBUG 36788 --- [CNJ70 Ecommerce] [nio-8081-exec-4] o.s.data.mongodb.core.MongoTemplate      : Inserting Document containing fields: [actorId, actorUsername, actorRole, action, resourceType, resourceId, reason, severity, metadata, createdAt, _class] in collection: audit_logs
2026-09-25T17:57:14.124+07:00 DEBUG 36788 --- [CNJ70 Ecommerce] [nio-8081-exec-4] o.s.data.mongodb.core.MongoTemplate      : Inserting Document containing fields: [actorId, actorEmail, role, action, resourceType, resourceId, reason, severity, createdAt, _class] in collection: audit_logs
2026-09-25T17:57:14.191+07:00  INFO 36788 --- [CNJ70 Ecommerce] [nio-8081-exec-4] c.e.c.service.impl.AuditLogServiceImpl   : [AUDIT] LOGIN_SUCCESS | actor=moderator_test@gmail.com(MODERATOR) | resource=USER:6ab2052a6ddcd35af0399766 | severity=INFO | reason=User đăng nhập thành công
2026-09-25T17:57:14.200+07:00 DEBUG 36788 --- [CNJ70 Ecommerce] [nio-8081-exec-1] o.s.security.web.FilterChainProxy        : Securing GET /moderator/dashboard
2026-09-25T17:57:14.201+07:00 DEBUG 36788 --- [CNJ70 Ecommerce] [nio-8081-exec-1] o.s.d.m.r.query.MongoQueryCreator        : Created query Query: { "email" : "moderator_test@gmail.com"}, Fields: {}, Sort: {}
2026-09-25T17:57:14.202+07:00 DEBUG 36788 --- [CNJ70 Ecommerce] [nio-8081-exec-1] o.s.data.mongodb.core.MongoTemplate      : find using query: { "email" : "moderator_test@gmail.com"} fields: Document{{}} for class: class com.ecommerce.cnj70.document.User in collection: users
2026-09-25T17:57:14.265+07:00 DEBUG 36788 --- [CNJ70 Ecommerce] [nio-8081-exec-1] .s.ChangeSessionIdAuthenticationStrategy : Changed session id from EE6AA4C5844867E7A7EACBE20E8EADC5
2026-09-25T17:57:14.269+07:00 DEBUG 36788 --- [CNJ70 Ecommerce] [nio-8081-exec-1] o.s.security.web.FilterChainProxy        : Secured GET /moderator/dashboard
2026-09-25T17:57:14.270+07:00 DEBUG 36788 --- [CNJ70 Ecommerce] [nio-8081-exec-1] o.s.d.m.r.query.MongoQueryCreator        : Created query Query: { "email" : "moderator_test@gmail.com"}, Fields: {}, Sort: {}
2026-09-25T17:57:14.271+07:00 DEBUG 36788 --- [CNJ70 Ecommerce] [nio-8081-exec-1] o.s.data.mongodb.core.MongoTemplate      : find using query: { "email" : "moderator_test@gmail.com"} fields: Document{{}} for class: class com.ecommerce.cnj70.document.User in collection: users
2026-09-25T17:57:14.333+07:00 DEBUG 36788 --- [CNJ70 Ecommerce] [nio-8081-exec-1] o.s.data.mongodb.core.MongoTemplate      : find using query: {} fields: Document{{}} for class: class com.ecommerce.cnj70.document.Voucher in collection: vouchers
2026-09-25T17:57:14.405+07:00 DEBUG 36788 --- [CNJ70 Ecommerce] [nio-8081-exec-1] o.s.d.m.r.query.MongoQueryCreator        : Created query Query: { "moderationStatus" : { "$java" : REPORTED } }, Fields: {}, Sort: {}
2026-09-25T17:57:14.407+07:00 DEBUG 36788 --- [CNJ70 Ecommerce] [nio-8081-exec-1] o.s.data.mongodb.core.MongoTemplate      : find using query: { "moderationStatus" : "REPORTED"} fields: Document{{}} for class: class com.ecommerce.cnj70.document.Review in collection: reviews
2026-09-25T17:57:14.471+07:00 DEBUG 36788 --- [CNJ70 Ecommerce] [nio-8081-exec-1] o.s.d.m.r.query.MongoQueryCreator        : Created query Query: { "moderationStatus" : { "$java" : HIDDEN } }, Fields: {}, Sort: {}
2026-09-25T17:57:14.475+07:00 DEBUG 36788 --- [CNJ70 Ecommerce] [nio-8081-exec-1] o.s.data.mongodb.core.MongoTemplate      : find using query: { "moderationStatus" : "HIDDEN"} fields: Document{{}} for class: class com.ecommerce.cnj70.document.Review in collection: reviews
2026-09-25T17:57:14.552+07:00 DEBUG 36788 --- [CNJ70 Ecommerce] [nio-8081-exec-1] o.s.d.m.r.query.MongoQueryCreator        : Created query Query: { "kycStatus" : { "$java" : PENDING_THIRD_PARTY } }, Fields: {}, Sort: {}
2026-09-25T17:57:14.554+07:00 DEBUG 36788 --- [CNJ70 Ecommerce] [nio-8081-exec-1] o.s.data.mongodb.core.MongoTemplate      : find using query: { "kycStatus" : "PENDING_THIRD_PARTY"} fields: Document{{}} for class: class com.ecommerce.cnj70.document.Shop in collection: shops
2026-09-25T17:57:14.617+07:00 DEBUG 36788 --- [CNJ70 Ecommerce] [nio-8081-exec-1] o.s.d.m.r.query.MongoQueryCreator        : Created query Query: { "kycStatus" : { "$java" : PENDING_ADMIN } }, Fields: {}, Sort: {}
2026-09-25T17:57:14.621+07:00 DEBUG 36788 --- [CNJ70 Ecommerce] [nio-8081-exec-1] o.s.data.mongodb.core.MongoTemplate      : find using query: { "kycStatus" : "PENDING_ADMIN"} fields: Document{{}} for class: class com.ecommerce.cnj70.document.Shop in collection: shops
2026-09-25T17:57:14.685+07:00 DEBUG 36788 --- [CNJ70 Ecommerce] [nio-8081-exec-1] o.s.d.m.r.query.MongoQueryCreator        : Created query Query: { "kycStatus" : { "$java" : THIRD_PARTY_REJECTED } }, Fields: {}, Sort: {}
2026-09-25T17:57:14.688+07:00 DEBUG 36788 --- [CNJ70 Ecommerce] [nio-8081-exec-1] o.s.data.mongodb.core.MongoTemplate      : find using query: { "kycStatus" : "THIRD_PARTY_REJECTED"} fields: Document{{}} for class: class com.ecommerce.cnj70.document.Shop in collection: shops
2026-09-25T17:57:14.754+07:00 DEBUG 36788 --- [CNJ70 Ecommerce] [nio-8081-exec-1] o.s.d.m.r.query.MongoQueryCreator        : Created query Query: { "moderationStatus" : { "$java" : REPORTED } }, Fields: {}, Sort: {}
2026-09-25T17:57:14.757+07:00 DEBUG 36788 --- [CNJ70 Ecommerce] [nio-8081-exec-1] o.s.data.mongodb.core.MongoTemplate      : find using query: { "moderationStatus" : "REPORTED"} fields: Document{{}} for class: class com.ecommerce.cnj70.document.Review in collection: reviews
2026-09-25T17:57:14.843+07:00 DEBUG 36788 --- [CNJ70 Ecommerce] [nio-8081-exec-5] o.s.security.web.FilterChainProxy        : Securing GET /css/dashboard.css
2026-09-25T17:57:14.843+07:00 DEBUG 36788 --- [CNJ70 Ecommerce] [nio-8081-exec-2] o.s.security.web.FilterChainProxy        : Securing GET /css/admin-dashboard.css
2026-09-25T17:57:14.845+07:00 DEBUG 36788 --- [CNJ70 Ecommerce] [nio-8081-exec-2] o.s.d.m.r.query.MongoQueryCreator        : Created query Query: { "email" : "moderator_test@gmail.com"}, Fields: {}, Sort: {}
2026-09-25T17:57:14.845+07:00 DEBUG 36788 --- [CNJ70 Ecommerce] [nio-8081-exec-5] o.s.d.m.r.query.MongoQueryCreator        : Created query Query: { "email" : "moderator_test@gmail.com"}, Fields: {}, Sort: {}
2026-09-25T17:57:14.845+07:00 DEBUG 36788 --- [CNJ70 Ecommerce] [nio-8081-exec-9] o.s.security.web.FilterChainProxy        : Securing GET /css/admin-ui.css
2026-09-25T17:57:14.845+07:00 DEBUG 36788 --- [CNJ70 Ecommerce] [nio-8081-exec-5] o.s.data.mongodb.core.MongoTemplate      : find using query: { "email" : "moderator_test@gmail.com"} fields: Document{{}} for class: class com.ecommerce.cnj70.document.User in collection: users
2026-09-25T17:57:14.845+07:00 DEBUG 36788 --- [CNJ70 Ecommerce] [nio-8081-exec-3] o.s.security.web.FilterChainProxy        : Securing GET /css/foundation/index.css
2026-09-25T17:57:14.845+07:00 DEBUG 36788 --- [CNJ70 Ecommerce] [nio-8081-exec-2] o.s.data.mongodb.core.MongoTemplate      : find using query: { "email" : "moderator_test@gmail.com"} fields: Document{{}} for class: class com.ecommerce.cnj70.document.User in collection: users
2026-09-25T17:57:14.846+07:00 DEBUG 36788 --- [CNJ70 Ecommerce] [nio-8081-exec-9] o.s.d.m.r.query.MongoQueryCreator        : Created query Query: { "email" : "moderator_test@gmail.com"}, Fields: {}, Sort: {}
2026-09-25T17:57:14.848+07:00 DEBUG 36788 --- [CNJ70 Ecommerce] [nio-8081-exec-9] o.s.data.mongodb.core.MongoTemplate      : find using query: { "email" : "moderator_test@gmail.com"} fields: Document{{}} for class: class com.ecommerce.cnj70.document.User in collection: users
2026-09-25T17:57:14.848+07:00 DEBUG 36788 --- [CNJ70 Ecommerce] [nio-8081-exec-3] o.s.d.m.r.query.MongoQueryCreator        : Created query Query: { "email" : "moderator_test@gmail.com"}, Fields: {}, Sort: {}
2026-09-25T17:57:14.849+07:00 DEBUG 36788 --- [CNJ70 Ecommerce] [nio-8081-exec-3] o.s.data.mongodb.core.MongoTemplate      : find using query: { "email" : "moderator_test@gmail.com"} fields: Document{{}} for class: class com.ecommerce.cnj70.document.User in collection: users
2026-09-25T17:57:14.906+07:00 DEBUG 36788 --- [CNJ70 Ecommerce] [nio-8081-exec-2] .s.ChangeSessionIdAuthenticationStrategy : Changed session id from ADAB10D1B342D67E332907B1DB46CAD5
2026-09-25T17:57:14.907+07:00 DEBUG 36788 --- [CNJ70 Ecommerce] [nio-8081-exec-9] o.s.security.web.FilterChainProxy        : Secured GET /css/admin-ui.css
2026-09-25T17:57:14.907+07:00 DEBUG 36788 --- [CNJ70 Ecommerce] [nio-8081-exec-2] o.s.security.web.FilterChainProxy        : Secured GET /css/admin-dashboard.css
2026-09-25T17:57:14.907+07:00 DEBUG 36788 --- [CNJ70 Ecommerce] [nio-8081-exec-3] o.s.security.web.FilterChainProxy        : Secured GET /css/foundation/index.css
2026-09-25T17:57:14.910+07:00 DEBUG 36788 --- [CNJ70 Ecommerce] [nio-8081-exec-5] o.s.security.web.FilterChainProxy        : Secured GET /css/dashboard.css
2026-09-25T17:57:14.913+07:00 DEBUG 36788 --- [CNJ70 Ecommerce] [io-8081-exec-10] o.s.security.web.FilterChainProxy        : Securing GET /css/foundation/tokens.css
2026-09-25T17:57:14.913+07:00 DEBUG 36788 --- [CNJ70 Ecommerce] [nio-8081-exec-6] o.s.security.web.FilterChainProxy        : Securing GET /css/foundation/base.css
2026-09-25T17:57:14.915+07:00 DEBUG 36788 --- [CNJ70 Ecommerce] [nio-8081-exec-7] o.s.security.web.FilterChainProxy        : Securing GET /css/foundation/components.css
2026-09-25T17:57:14.915+07:00 DEBUG 36788 --- [CNJ70 Ecommerce] [nio-8081-exec-8] o.s.security.web.FilterChainProxy        : Securing GET /css/foundation/layout.css
2026-09-25T17:57:14.915+07:00 DEBUG 36788 --- [CNJ70 Ecommerce] [nio-8081-exec-6] o.s.d.m.r.query.MongoQueryCreator        : Created query Query: { "email" : "moderator_test@gmail.com"}, Fields: {}, Sort: {}
2026-09-25T17:57:14.915+07:00 DEBUG 36788 --- [CNJ70 Ecommerce] [io-8081-exec-10] o.s.d.m.r.query.MongoQueryCreator        : Created query Query: { "email" : "moderator_test@gmail.com"}, Fields: {}, Sort: {}
2026-09-25T17:57:14.915+07:00 DEBUG 36788 --- [CNJ70 Ecommerce] [nio-8081-exec-7] o.s.d.m.r.query.MongoQueryCreator        : Created query Query: { "email" : "moderator_test@gmail.com"}, Fields: {}, Sort: {}
2026-09-25T17:57:14.915+07:00 DEBUG 36788 --- [CNJ70 Ecommerce] [nio-8081-exec-8] o.s.d.m.r.query.MongoQueryCreator        : Created query Query: { "email" : "moderator_test@gmail.com"}, Fields: {}, Sort: {}
2026-09-25T17:57:14.915+07:00 DEBUG 36788 --- [CNJ70 Ecommerce] [nio-8081-exec-6] o.s.data.mongodb.core.MongoTemplate      : find using query: { "email" : "moderator_test@gmail.com"} fields: Document{{}} for class: class com.ecommerce.cnj70.document.User in collection: users
2026-09-25T17:57:14.915+07:00 DEBUG 36788 --- [CNJ70 Ecommerce] [io-8081-exec-10] o.s.data.mongodb.core.MongoTemplate      : find using query: { "email" : "moderator_test@gmail.com"} fields: Document{{}} for class: class com.ecommerce.cnj70.document.User in collection: users
2026-09-25T17:57:14.915+07:00 DEBUG 36788 --- [CNJ70 Ecommerce] [nio-8081-exec-1] o.s.security.web.FilterChainProxy        : Securing GET /css/foundation/accessibility.css
2026-09-25T17:57:14.915+07:00 DEBUG 36788 --- [CNJ70 Ecommerce] [nio-8081-exec-4] o.s.security.web.FilterChainProxy        : Securing GET /css/foundation/responsive.css
2026-09-25T17:57:14.916+07:00 DEBUG 36788 --- [CNJ70 Ecommerce] [nio-8081-exec-7] o.s.data.mongodb.core.MongoTemplate      : find using query: { "email" : "moderator_test@gmail.com"} fields: Document{{}} for class: class com.ecommerce.cnj70.document.User in collection: users
2026-09-25T17:57:14.916+07:00 DEBUG 36788 --- [CNJ70 Ecommerce] [nio-8081-exec-8] o.s.data.mongodb.core.MongoTemplate      : find using query: { "email" : "moderator_test@gmail.com"} fields: Document{{}} for class: class com.ecommerce.cnj70.document.User in collection: users
2026-09-25T17:57:14.917+07:00 DEBUG 36788 --- [CNJ70 Ecommerce] [nio-8081-exec-1] o.s.d.m.r.query.MongoQueryCreator        : Created query Query: { "email" : "moderator_test@gmail.com"}, Fields: {}, Sort: {}
2026-09-25T17:57:14.917+07:00 DEBUG 36788 --- [CNJ70 Ecommerce] [nio-8081-exec-4] o.s.d.m.r.query.MongoQueryCreator        : Created query Query: { "email" : "moderator_test@gmail.com"}, Fields: {}, Sort: {}
2026-09-25T17:57:14.919+07:00 DEBUG 36788 --- [CNJ70 Ecommerce] [nio-8081-exec-4] o.s.data.mongodb.core.MongoTemplate      : find using query: { "email" : "moderator_test@gmail.com"} fields: Document{{}} for class: class com.ecommerce.cnj70.document.User in collection: users
2026-09-25T17:57:14.919+07:00 DEBUG 36788 --- [CNJ70 Ecommerce] [nio-8081-exec-1] o.s.data.mongodb.core.MongoTemplate      : find using query: { "email" : "moderator_test@gmail.com"} fields: Document{{}} for class: class com.ecommerce.cnj70.document.User in collection: users
2026-09-25T17:57:14.969+07:00 DEBUG 36788 --- [CNJ70 Ecommerce] [nio-8081-exec-1] .s.ChangeSessionIdAuthenticationStrategy : Changed session id from 6B89D8B6B4B11F93704323DDF0A390E7
2026-09-25T17:57:14.969+07:00 DEBUG 36788 --- [CNJ70 Ecommerce] [nio-8081-exec-4] .s.ChangeSessionIdAuthenticationStrategy : Changed session id from CBE2184E87191B5A64E5CF7B902D258A
2026-09-25T17:57:14.970+07:00 DEBUG 36788 --- [CNJ70 Ecommerce] [nio-8081-exec-4] o.s.security.web.FilterChainProxy        : Secured GET /css/foundation/responsive.css
2026-09-25T17:57:14.970+07:00 DEBUG 36788 --- [CNJ70 Ecommerce] [nio-8081-exec-1] o.s.security.web.FilterChainProxy        : Secured GET /css/foundation/accessibility.css
2026-09-25T17:57:14.977+07:00 DEBUG 36788 --- [CNJ70 Ecommerce] [nio-8081-exec-7] o.s.security.web.FilterChainProxy        : Secured GET /css/foundation/components.css
2026-09-25T17:57:14.977+07:00 DEBUG 36788 --- [CNJ70 Ecommerce] [io-8081-exec-10] o.s.security.web.FilterChainProxy        : Secured GET /css/foundation/tokens.css
2026-09-25T17:57:14.978+07:00 DEBUG 36788 --- [CNJ70 Ecommerce] [nio-8081-exec-8] o.s.security.web.FilterChainProxy        : Secured GET /css/foundation/layout.css
2026-09-25T17:57:14.982+07:00 DEBUG 36788 --- [CNJ70 Ecommerce] [nio-8081-exec-6] o.s.security.web.FilterChainProxy        : Secured GET /css/foundation/base.css
2026-09-25T17:57:26.895+07:00 DEBUG 36788 --- [CNJ70 Ecommerce] [nio-8081-exec-2] o.s.security.web.FilterChainProxy        : Securing GET /moderator/violations
2026-09-25T17:57:26.897+07:00 DEBUG 36788 --- [CNJ70 Ecommerce] [nio-8081-exec-2] o.s.d.m.r.query.MongoQueryCreator        : Created query Query: { "email" : "moderator_test@gmail.com"}, Fields: {}, Sort: {}
2026-09-25T17:57:26.899+07:00 DEBUG 36788 --- [CNJ70 Ecommerce] [nio-8081-exec-2] o.s.data.mongodb.core.MongoTemplate      : find using query: { "email" : "moderator_test@gmail.com"} fields: Document{{}} for class: class com.ecommerce.cnj70.document.User in collection: users
2026-09-25T17:57:26.963+07:00 DEBUG 36788 --- [CNJ70 Ecommerce] [nio-8081-exec-2] .s.ChangeSessionIdAuthenticationStrategy : Changed session id from 0E41AEBB746D9EBFD7619218BFF055EA
2026-09-25T17:57:26.965+07:00 DEBUG 36788 --- [CNJ70 Ecommerce] [nio-8081-exec-2] o.s.security.web.FilterChainProxy        : Secured GET /moderator/violations
2026-09-25T17:57:26.967+07:00 DEBUG 36788 --- [CNJ70 Ecommerce] [nio-8081-exec-2] o.s.d.m.r.query.MongoQueryCreator        : Created query Query: { "email" : "moderator_test@gmail.com"}, Fields: {}, Sort: {}
2026-09-25T17:57:26.968+07:00 DEBUG 36788 --- [CNJ70 Ecommerce] [nio-8081-exec-2] o.s.data.mongodb.core.MongoTemplate      : find using query: { "email" : "moderator_test@gmail.com"} fields: Document{{}} for class: class com.ecommerce.cnj70.document.User in collection: users
2026-09-25T17:57:27.031+07:00 DEBUG 36788 --- [CNJ70 Ecommerce] [nio-8081-exec-2] o.s.data.mongodb.core.MongoTemplate      : find using query: {} fields: Document{{}} for class: class com.ecommerce.cnj70.document.Voucher in collection: vouchers
2026-09-25T17:57:27.103+07:00 DEBUG 36788 --- [CNJ70 Ecommerce] [nio-8081-exec-2] o.s.data.mongodb.core.MongoTemplate      : Executing count: {} in collection: violations
2026-09-25T17:57:27.171+07:00 DEBUG 36788 --- [CNJ70 Ecommerce] [nio-8081-exec-2] o.s.data.mongodb.core.MongoTemplate      : find using query: {} fields: Document{{}} for class: class com.ecommerce.cnj70.document.Violation in collection: violations
2026-09-25T17:57:27.261+07:00 DEBUG 36788 --- [CNJ70 Ecommerce] [nio-8081-exec-9] o.s.security.web.FilterChainProxy        : Securing GET /css/dashboard.css
2026-09-25T17:57:27.261+07:00 DEBUG 36788 --- [CNJ70 Ecommerce] [nio-8081-exec-3] o.s.security.web.FilterChainProxy        : Securing GET /css/admin-dashboard.css
2026-09-25T17:57:27.261+07:00 DEBUG 36788 --- [CNJ70 Ecommerce] [nio-8081-exec-5] o.s.security.web.FilterChainProxy        : Securing GET /css/foundation/index.css
2026-09-25T17:57:27.262+07:00 DEBUG 36788 --- [CNJ70 Ecommerce] [nio-8081-exec-1] o.s.security.web.FilterChainProxy        : Securing GET /css/admin-ui.css
2026-09-25T17:57:27.263+07:00 DEBUG 36788 --- [CNJ70 Ecommerce] [nio-8081-exec-9] o.s.d.m.r.query.MongoQueryCreator        : Created query Query: { "email" : "moderator_test@gmail.com"}, Fields: {}, Sort: {}
2026-09-25T17:57:27.263+07:00 DEBUG 36788 --- [CNJ70 Ecommerce] [nio-8081-exec-3] o.s.d.m.r.query.MongoQueryCreator        : Created query Query: { "email" : "moderator_test@gmail.com"}, Fields: {}, Sort: {}
2026-09-25T17:57:27.263+07:00 DEBUG 36788 --- [CNJ70 Ecommerce] [nio-8081-exec-5] o.s.d.m.r.query.MongoQueryCreator        : Created query Query: { "email" : "moderator_test@gmail.com"}, Fields: {}, Sort: {}
2026-09-25T17:57:27.263+07:00 DEBUG 36788 --- [CNJ70 Ecommerce] [nio-8081-exec-1] o.s.d.m.r.query.MongoQueryCreator        : Created query Query: { "email" : "moderator_test@gmail.com"}, Fields: {}, Sort: {}
2026-09-25T17:57:27.263+07:00 DEBUG 36788 --- [CNJ70 Ecommerce] [nio-8081-exec-9] o.s.data.mongodb.core.MongoTemplate      : find using query: { "email" : "moderator_test@gmail.com"} fields: Document{{}} for class: class com.ecommerce.cnj70.document.User in collection: users
2026-09-25T17:57:27.263+07:00 DEBUG 36788 --- [CNJ70 Ecommerce] [nio-8081-exec-3] o.s.data.mongodb.core.MongoTemplate      : find using query: { "email" : "moderator_test@gmail.com"} fields: Document{{}} for class: class com.ecommerce.cnj70.document.User in collection: users
2026-09-25T17:57:27.264+07:00 DEBUG 36788 --- [CNJ70 Ecommerce] [nio-8081-exec-5] o.s.data.mongodb.core.MongoTemplate      : find using query: { "email" : "moderator_test@gmail.com"} fields: Document{{}} for class: class com.ecommerce.cnj70.document.User in collection: users
2026-09-25T17:57:27.264+07:00 DEBUG 36788 --- [CNJ70 Ecommerce] [nio-8081-exec-1] o.s.data.mongodb.core.MongoTemplate      : find using query: { "email" : "moderator_test@gmail.com"} fields: Document{{}} for class: class com.ecommerce.cnj70.document.User in collection: users
2026-09-25T17:57:27.324+07:00 DEBUG 36788 --- [CNJ70 Ecommerce] [nio-8081-exec-5] .s.ChangeSessionIdAuthenticationStrategy : Changed session id from A69CBF8C6E6424D1E97454F3BFC96EBD
2026-09-25T17:57:27.324+07:00 DEBUG 36788 --- [CNJ70 Ecommerce] [nio-8081-exec-1] .s.ChangeSessionIdAuthenticationStrategy : Changed session id from CB99F48B9D2A92108B90C16F74626B8E
2026-09-25T17:57:27.324+07:00 DEBUG 36788 --- [CNJ70 Ecommerce] [nio-8081-exec-3] .s.ChangeSessionIdAuthenticationStrategy : Changed session id from 50F961B98A73464616B6A34C196DA0BE
2026-09-25T17:57:27.324+07:00 DEBUG 36788 --- [CNJ70 Ecommerce] [nio-8081-exec-5] o.s.security.web.FilterChainProxy        : Secured GET /css/foundation/index.css
2026-09-25T17:57:27.325+07:00 DEBUG 36788 --- [CNJ70 Ecommerce] [nio-8081-exec-3] o.s.security.web.FilterChainProxy        : Secured GET /css/admin-dashboard.css
2026-09-25T17:57:27.325+07:00 DEBUG 36788 --- [CNJ70 Ecommerce] [nio-8081-exec-1] o.s.security.web.FilterChainProxy        : Secured GET /css/admin-ui.css
2026-09-25T17:57:27.327+07:00 DEBUG 36788 --- [CNJ70 Ecommerce] [nio-8081-exec-9] o.s.security.web.FilterChainProxy        : Secured GET /css/dashboard.css
2026-09-25T17:57:27.332+07:00 DEBUG 36788 --- [CNJ70 Ecommerce] [nio-8081-exec-7] o.s.security.web.FilterChainProxy        : Securing GET /css/foundation/components.css
2026-09-25T17:57:27.332+07:00 DEBUG 36788 --- [CNJ70 Ecommerce] [nio-8081-exec-4] o.s.security.web.FilterChainProxy        : Securing GET /css/foundation/tokens.css
2026-09-25T17:57:27.332+07:00 DEBUG 36788 --- [CNJ70 Ecommerce] [io-8081-exec-10] o.s.security.web.FilterChainProxy        : Securing GET /css/foundation/base.css
2026-09-25T17:57:27.332+07:00 DEBUG 36788 --- [CNJ70 Ecommerce] [nio-8081-exec-8] o.s.security.web.FilterChainProxy        : Securing GET /css/foundation/layout.css
2026-09-25T17:57:27.332+07:00 DEBUG 36788 --- [CNJ70 Ecommerce] [nio-8081-exec-6] o.s.security.web.FilterChainProxy        : Securing GET /css/foundation/responsive.css
2026-09-25T17:57:27.332+07:00 DEBUG 36788 --- [CNJ70 Ecommerce] [nio-8081-exec-2] o.s.security.web.FilterChainProxy        : Securing GET /css/foundation/accessibility.css
2026-09-25T17:57:27.333+07:00 DEBUG 36788 --- [CNJ70 Ecommerce] [nio-8081-exec-4] o.s.d.m.r.query.MongoQueryCreator        : Created query Query: { "email" : "moderator_test@gmail.com"}, Fields: {}, Sort: {}
2026-09-25T17:57:27.333+07:00 DEBUG 36788 --- [CNJ70 Ecommerce] [io-8081-exec-10] o.s.d.m.r.query.MongoQueryCreator        : Created query Query: { "email" : "moderator_test@gmail.com"}, Fields: {}, Sort: {}
2026-09-25T17:57:27.333+07:00 DEBUG 36788 --- [CNJ70 Ecommerce] [nio-8081-exec-7] o.s.d.m.r.query.MongoQueryCreator        : Created query Query: { "email" : "moderator_test@gmail.com"}, Fields: {}, Sort: {}
2026-09-25T17:57:27.333+07:00 DEBUG 36788 --- [CNJ70 Ecommerce] [nio-8081-exec-8] o.s.d.m.r.query.MongoQueryCreator        : Created query Query: { "email" : "moderator_test@gmail.com"}, Fields: {}, Sort: {}
2026-09-25T17:57:27.334+07:00 DEBUG 36788 --- [CNJ70 Ecommerce] [nio-8081-exec-2] o.s.d.m.r.query.MongoQueryCreator        : Created query Query: { "email" : "moderator_test@gmail.com"}, Fields: {}, Sort: {}
2026-09-25T17:57:27.334+07:00 DEBUG 36788 --- [CNJ70 Ecommerce] [nio-8081-exec-6] o.s.d.m.r.query.MongoQueryCreator        : Created query Query: { "email" : "moderator_test@gmail.com"}, Fields: {}, Sort: {}
2026-09-25T17:57:27.336+07:00 DEBUG 36788 --- [CNJ70 Ecommerce] [nio-8081-exec-2] o.s.data.mongodb.core.MongoTemplate      : find using query: { "email" : "moderator_test@gmail.com"} fields: Document{{}} for class: class com.ecommerce.cnj70.document.User in collection: users
2026-09-25T17:57:27.334+07:00 DEBUG 36788 --- [CNJ70 Ecommerce] [nio-8081-exec-4] o.s.data.mongodb.core.MongoTemplate      : find using query: { "email" : "moderator_test@gmail.com"} fields: Document{{}} for class: class com.ecommerce.cnj70.document.User in collection: users
2026-09-25T17:57:27.335+07:00 DEBUG 36788 --- [CNJ70 Ecommerce] [io-8081-exec-10] o.s.data.mongodb.core.MongoTemplate      : find using query: { "email" : "moderator_test@gmail.com"} fields: Document{{}} for class: class com.ecommerce.cnj70.document.User in collection: users
2026-09-25T17:57:27.335+07:00 DEBUG 36788 --- [CNJ70 Ecommerce] [nio-8081-exec-7] o.s.data.mongodb.core.MongoTemplate      : find using query: { "email" : "moderator_test@gmail.com"} fields: Document{{}} for class: class com.ecommerce.cnj70.document.User in collection: users
2026-09-25T17:57:27.335+07:00 DEBUG 36788 --- [CNJ70 Ecommerce] [nio-8081-exec-8] o.s.data.mongodb.core.MongoTemplate      : find using query: { "email" : "moderator_test@gmail.com"} fields: Document{{}} for class: class com.ecommerce.cnj70.document.User in collection: users
2026-09-25T17:57:27.336+07:00 DEBUG 36788 --- [CNJ70 Ecommerce] [nio-8081-exec-6] o.s.data.mongodb.core.MongoTemplate      : find using query: { "email" : "moderator_test@gmail.com"} fields: Document{{}} for class: class com.ecommerce.cnj70.document.User in collection: users
2026-09-25T17:57:27.385+07:00 DEBUG 36788 --- [CNJ70 Ecommerce] [nio-8081-exec-6] o.s.security.web.FilterChainProxy        : Secured GET /css/foundation/responsive.css
2026-09-25T17:57:27.385+07:00 DEBUG 36788 --- [CNJ70 Ecommerce] [nio-8081-exec-8] o.s.security.web.FilterChainProxy        : Secured GET /css/foundation/layout.css
2026-09-25T17:57:27.395+07:00 DEBUG 36788 --- [CNJ70 Ecommerce] [nio-8081-exec-7] o.s.security.web.FilterChainProxy        : Secured GET /css/foundation/components.css
2026-09-25T17:57:27.395+07:00 DEBUG 36788 --- [CNJ70 Ecommerce] [nio-8081-exec-4] o.s.security.web.FilterChainProxy        : Secured GET /css/foundation/tokens.css
2026-09-25T17:57:27.396+07:00 DEBUG 36788 --- [CNJ70 Ecommerce] [io-8081-exec-10] o.s.security.web.FilterChainProxy        : Secured GET /css/foundation/base.css
2026-09-25T17:57:27.402+07:00 DEBUG 36788 --- [CNJ70 Ecommerce] [nio-8081-exec-2] o.s.security.web.FilterChainProxy        : Secured GET /css/foundation/accessibility.css
2026-09-25T17:59:57.057+07:00  INFO 36788 --- [CNJ70 Ecommerce] [   File Watcher] rtingClassPathChangeChangedEventListener : Restarting due to 467 class path changes (1 addition, 464 deletions, 2 modifications)

  .   ____          _            __ _ _
 /\\ / ___'_ __ _ _(_)_ __  __ _ \ \ \ \
( ( )\___ | '_ | '_| | '_ \/ _` | \ \ \ \
 \\/  ___)| |_)| | | | | || (_| |  ) ) ) )
  '  |____| .__|_| |_|_| |_\__, | / / / /
 =========|_|==============|___/=/_/_/_/
 :: Spring Boot ::                (v3.2.0)

2026-09-25T17:59:57.524+07:00  INFO 36788 --- [CNJ70 Ecommerce] [  restartedMain] c.e.cnj70.config.DotenvInitializer       : DotenvInitializer: Loaded 86 environment variables from .env
2026-09-25T17:59:57.526+07:00  INFO 36788 --- [CNJ70 Ecommerce] [  restartedMain] c.e.cnj70.Cnj70EcommerceApplication      : Starting Cnj70EcommerceApplication using Java 21.0.12 with PID 36788 (D:\Code Full\Java\BTL_E_commerce\Ecommerce_Java\target\classes started by Asus in D:\Code Full\Java\BTL_E_commerce\Ecommerce_Java)
2026-09-25T17:59:57.526+07:00 DEBUG 36788 --- [CNJ70 Ecommerce] [  restartedMain] c.e.cnj70.Cnj70EcommerceApplication      : Running with Spring Boot v3.2.0, Spring v6.1.1
2026-09-25T17:59:57.527+07:00  INFO 36788 --- [CNJ70 Ecommerce] [  restartedMain] c.e.cnj70.Cnj70EcommerceApplication      : No active profile set, falling back to 1 default profile: "default"
2026-09-25T17:59:58.055+07:00  INFO 36788 --- [CNJ70 Ecommerce] [  restartedMain] .s.d.r.c.RepositoryConfigurationDelegate : Bootstrapping Spring Data MongoDB repositories in DEFAULT mode.
2026-09-25T17:59:58.068+07:00  INFO 36788 --- [CNJ70 Ecommerce] [  restartedMain] .s.d.r.c.RepositoryConfigurationDelegate : Finished Spring Data repository scanning in 11 ms. Found 0 MongoDB repository interfaces.
2026-09-25T17:59:58.185+07:00  WARN 36788 --- [CNJ70 Ecommerce] [  restartedMain] ConfigServletWebServerApplicationContext : Exception encountered during context initialization - cancelling refresh attempt: java.lang.NullPointerException: Cannot read field "generatedClass" because "data" is null
2026-09-25T17:59:58.193+07:00  INFO 36788 --- [CNJ70 Ecommerce] [  restartedMain] .s.b.a.l.ConditionEvaluationReportLogger : 

Error starting ApplicationContext. To display the condition evaluation report re-run your application with 'debug' enabled.
2026-09-25T17:59:58.204+07:00 ERROR 36788 --- [CNJ70 Ecommerce] [  restartedMain] o.s.boot.SpringApplication               : Application run failed

java.lang.NullPointerException: Cannot read field "generatedClass" because "data" is null
	at org.springframework.cglib.proxy.Enhancer.nextInstance(Enhancer.java:783) ~[spring-core-6.1.1.jar:6.1.1]
	at org.springframework.cglib.core.AbstractClassGenerator.create(AbstractClassGenerator.java:321) ~[spring-core-6.1.1.jar:6.1.1]
	at org.springframework.cglib.proxy.Enhancer.createHelper(Enhancer.java:562) ~[spring-core-6.1.1.jar:6.1.1]
	at org.springframework.cglib.proxy.Enhancer.createClass(Enhancer.java:407) ~[spring-core-6.1.1.jar:6.1.1]
	at org.springframework.context.annotation.ConfigurationClassEnhancer.createClass(ConfigurationClassEnhancer.java:138) ~[spring-context-6.1.1.jar:6.1.1]
	at org.springframework.context.annotation.ConfigurationClassEnhancer.enhance(ConfigurationClassEnhancer.java:109) ~[spring-context-6.1.1.jar:6.1.1]
	at org.springframework.context.annotation.ConfigurationClassPostProcessor.enhanceConfigurationClasses(ConfigurationClassPostProcessor.java:533) ~[spring-context-6.1.1.jar:6.1.1]
	at org.springframework.context.annotation.ConfigurationClassPostProcessor.postProcessBeanFactory(ConfigurationClassPostProcessor.java:310) ~[spring-context-6.1.1.jar:6.1.1]
	at org.springframework.context.support.PostProcessorRegistrationDelegate.invokeBeanFactoryPostProcessors(PostProcessorRegistrationDelegate.java:363) ~[spring-context-6.1.1.jar:6.1.1]
	at org.springframework.context.support.PostProcessorRegistrationDelegate.invokeBeanFactoryPostProcessors(PostProcessorRegistrationDelegate.java:153) ~[spring-context-6.1.1.jar:6.1.1]
	at org.springframework.context.support.AbstractApplicationContext.invokeBeanFactoryPostProcessors(AbstractApplicationContext.java:775) ~[spring-context-6.1.1.jar:6.1.1]
	at org.springframework.context.support.AbstractApplicationContext.refresh(AbstractApplicationContext.java:597) ~[spring-context-6.1.1.jar:6.1.1]
	at org.springframework.boot.web.servlet.context.ServletWebServerApplicationContext.refresh(ServletWebServerApplicationContext.java:146) ~[spring-boot-3.2.0.jar:3.2.0]
	at org.springframework.boot.SpringApplication.refresh(SpringApplication.java:753) ~[spring-boot-3.2.0.jar:3.2.0]
	at org.springframework.boot.SpringApplication.refreshContext(SpringApplication.java:455) ~[spring-boot-3.2.0.jar:3.2.0]
	at org.springframework.boot.SpringApplication.run(SpringApplication.java:323) ~[spring-boot-3.2.0.jar:3.2.0]
	at com.ecommerce.cnj70.Cnj70EcommerceApplication.main(Cnj70EcommerceApplication.java:20) ~[classes/:na]
	at java.base/jdk.internal.reflect.DirectMethodHandleAccessor.invoke(DirectMethodHandleAccessor.java:103) ~[na:na]
	at java.base/java.lang.reflect.Method.invoke(Method.java:580) ~[na:na]
	at org.springframework.boot.devtools.restart.RestartLauncher.run(RestartLauncher.java:50) ~[spring-boot-devtools-3.2.0.jar:3.2.0]


  .   ____          _            __ _ _
 /\\ / ___'_ __ _ _(_)_ __  __ _ \ \ \ \
( ( )\___ | '_ | '_| | '_ \/ _` | \ \ \ \
 \\/  ___)| |_)| | | | | || (_| |  ) ) ) )
  '  |____| .__|_| |_|_| |_\__, | / / / /
 =========|_|==============|___/=/_/_/_/
 :: Spring Boot ::                (v3.2.0)

2026-09-25T18:00:15.311+07:00  INFO 36788 --- [CNJ70 Ecommerce] [  restartedMain] c.e.cnj70.config.DotenvInitializer       : DotenvInitializer: Loaded 86 environment variables from .env
2026-09-25T18:00:15.320+07:00  INFO 36788 --- [CNJ70 Ecommerce] [  restartedMain] c.e.cnj70.Cnj70EcommerceApplication      : Starting Cnj70EcommerceApplication using Java 21.0.12 with PID 36788 (D:\Code Full\Java\BTL_E_commerce\Ecommerce_Java\target\classes started by Asus in D:\Code Full\Java\BTL_E_commerce\Ecommerce_Java)
2026-09-25T18:00:15.322+07:00 DEBUG 36788 --- [CNJ70 Ecommerce] [  restartedMain] c.e.cnj70.Cnj70EcommerceApplication      : Running with Spring Boot v3.2.0, Spring v6.1.1
2026-09-25T18:00:15.322+07:00  INFO 36788 --- [CNJ70 Ecommerce] [  restartedMain] c.e.cnj70.Cnj70EcommerceApplication      : No active profile set, falling back to 1 default profile: "default"
2026-09-25T18:00:16.101+07:00  INFO 36788 --- [CNJ70 Ecommerce] [  restartedMain] .s.d.r.c.RepositoryConfigurationDelegate : Bootstrapping Spring Data MongoDB repositories in DEFAULT mode.
2026-09-25T18:00:16.353+07:00  INFO 36788 --- [CNJ70 Ecommerce] [  restartedMain] .s.d.r.c.RepositoryConfigurationDelegate : Finished Spring Data repository scanning in 250 ms. Found 22 MongoDB repository interfaces.
2026-09-25T18:00:16.672+07:00  INFO 36788 --- [CNJ70 Ecommerce] [  restartedMain] o.s.b.w.embedded.tomcat.TomcatWebServer  : Tomcat initialized with port 8081 (http)
2026-09-25T18:00:16.674+07:00  INFO 36788 --- [CNJ70 Ecommerce] [  restartedMain] o.apache.catalina.core.StandardService   : Starting service [Tomcat]
2026-09-25T18:00:16.675+07:00  INFO 36788 --- [CNJ70 Ecommerce] [  restartedMain] o.apache.catalina.core.StandardEngine    : Starting Servlet engine: [Apache Tomcat/10.1.16]
2026-09-25T18:00:16.712+07:00  INFO 36788 --- [CNJ70 Ecommerce] [  restartedMain] o.a.c.c.C.[Tomcat-1].[localhost].[/]     : Initializing Spring embedded WebApplicationContext
2026-09-25T18:00:16.712+07:00  INFO 36788 --- [CNJ70 Ecommerce] [  restartedMain] w.s.c.ServletWebServerApplicationContext : Root WebApplicationContext: initialization completed in 1387 ms
2026-09-25T18:00:16.793+07:00  INFO 36788 --- [CNJ70 Ecommerce] [  restartedMain] org.mongodb.driver.client                : MongoClient with metadata {"driver": {"name": "mongo-java-driver|sync|spring-boot", "version": "4.11.1"}, "os": {"type": "Windows", "name": "Windows 11", "architecture": "amd64", "version": "10.0"}, "platform": "Java/Oracle Corporation/21.0.12+7-LTS-205"} created with settings MongoClientSettings{readPreference=primary, writeConcern=WriteConcern{w=null, wTimeout=null ms, journal=null}, retryWrites=true, retryReads=true, readConcern=ReadConcern{level=null}, credential=MongoCredential{mechanism=null, userName='nguyenquocanh170205_db_user', source='admin', password=<hidden>, mechanismProperties=<hidden>}, transportSettings=null, streamFactoryFactory=null, commandListeners=[], codecRegistry=ProvidersCodecRegistry{codecProviders=[ValueCodecProvider{}, BsonValueCodecProvider{}, DBRefCodecProvider{}, DBObjectCodecProvider{}, DocumentCodecProvider{}, CollectionCodecProvider{}, IterableCodecProvider{}, MapCodecProvider{}, GeoJsonCodecProvider{}, GridFSFileCodecProvider{}, Jsr310CodecProvider{}, JsonObjectCodecProvider{}, BsonCodecProvider{}, EnumCodecProvider{}, com.mongodb.client.model.mql.ExpressionCodecProvider@6464b69b, com.mongodb.Jep395RecordCodecProvider@f1449e, com.mongodb.KotlinCodecProvider@301dc2f0]}, loggerSettings=LoggerSettings{maxDocumentLength=1000}, clusterSettings={hosts=[127.0.0.1:27017], srvHost=cluster0.2pu37z6.mongodb.net, srvServiceName=mongodb, mode=MULTIPLE, requiredClusterType=REPLICA_SET, requiredReplicaSetName='atlas-i9pmeb-shard-0', serverSelector='null', clusterListeners='[]', serverSelectionTimeout='30000 ms', localThreshold='15 ms'}, socketSettings=SocketSettings{connectTimeoutMS=10000, readTimeoutMS=0, receiveBufferSize=0, proxySettings=ProxySettings{host=null, port=null, username=null, password=null}}, heartbeatSocketSettings=SocketSettings{connectTimeoutMS=10000, readTimeoutMS=10000, receiveBufferSize=0, proxySettings=ProxySettings{host=null, port=null, username=null, password=null}}, connectionPoolSettings=ConnectionPoolSettings{maxSize=100, minSize=0, maxWaitTimeMS=120000, maxConnectionLifeTimeMS=0, maxConnectionIdleTimeMS=0, maintenanceInitialDelayMS=0, maintenanceFrequencyMS=60000, connectionPoolListeners=[], maxConnecting=2}, serverSettings=ServerSettings{heartbeatFrequencyMS=10000, minHeartbeatFrequencyMS=500, serverListeners='[]', serverMonitorListeners='[]'}, sslSettings=SslSettings{enabled=true, invalidHostNameAllowed=false, context=null}, applicationName='null', compressorList=[], uuidRepresentation=JAVA_LEGACY, serverApi=null, autoEncryptionSettings=null, dnsClient=null, inetAddressResolver=null, contextProvider=null}
2026-09-25T18:00:16.832+07:00  INFO 36788 --- [CNJ70 Ecommerce] [7z6.mongodb.net] org.mongodb.driver.cluster               : Adding discovered server ac-i3gkoj7-shard-00-00.2pu37z6.mongodb.net:27017 to client view of cluster
2026-09-25T18:00:16.834+07:00  INFO 36788 --- [CNJ70 Ecommerce] [7z6.mongodb.net] org.mongodb.driver.cluster               : Adding discovered server ac-i3gkoj7-shard-00-01.2pu37z6.mongodb.net:27017 to client view of cluster
2026-09-25T18:00:16.837+07:00  INFO 36788 --- [CNJ70 Ecommerce] [7z6.mongodb.net] org.mongodb.driver.cluster               : Adding discovered server ac-i3gkoj7-shard-00-02.2pu37z6.mongodb.net:27017 to client view of cluster
2026-09-25T18:00:17.069+07:00  INFO 36788 --- [CNJ70 Ecommerce] [ngodb.net:27017] org.mongodb.driver.cluster               : Monitor thread successfully connected to server with description ServerDescription{address=ac-i3gkoj7-shard-00-00.2pu37z6.mongodb.net:27017, type=REPLICA_SET_SECONDARY, state=CONNECTED, ok=true, minWireVersion=0, maxWireVersion=25, maxDocumentSize=16777216, logicalSessionTimeoutMinutes=30, roundTripTimeNanos=173363600, setName='atlas-i9pmeb-shard-0', canonicalAddress=ac-i3gkoj7-shard-00-00.2pu37z6.mongodb.net:27017, hosts=[ac-i3gkoj7-shard-00-00.2pu37z6.mongodb.net:27017, ac-i3gkoj7-shard-00-01.2pu37z6.mongodb.net:27017, ac-i3gkoj7-shard-00-02.2pu37z6.mongodb.net:27017], passives=[], arbiters=[], primary='ac-i3gkoj7-shard-00-02.2pu37z6.mongodb.net:27017', tagSet=TagSet{[Tag{name='availabilityZone', value='apse1-az1'}, Tag{name='cacheState', value='READY'}, Tag{name='diskState', value='READY'}, Tag{name='nodeType', value='ELECTABLE'}, Tag{name='provider', value='AWS'}, Tag{name='region', value='AP_SOUTHEAST_1'}, Tag{name='workloadType', value='OPERATIONAL'}]}, electionId=null, setVersion=65, topologyVersion=TopologyVersion{processId=6aa571ca69bd1640bfc04f00, counter=10}, lastWriteDate=Fri Sep 25 18:00:17 ICT 2026, lastUpdateTimeNanos=643347912620100}
2026-09-25T18:00:17.069+07:00  INFO 36788 --- [CNJ70 Ecommerce] [ngodb.net:27017] org.mongodb.driver.cluster               : Monitor thread successfully connected to server with description ServerDescription{address=ac-i3gkoj7-shard-00-01.2pu37z6.mongodb.net:27017, type=REPLICA_SET_SECONDARY, state=CONNECTED, ok=true, minWireVersion=0, maxWireVersion=25, maxDocumentSize=16777216, logicalSessionTimeoutMinutes=30, roundTripTimeNanos=170820200, setName='atlas-i9pmeb-shard-0', canonicalAddress=ac-i3gkoj7-shard-00-01.2pu37z6.mongodb.net:27017, hosts=[ac-i3gkoj7-shard-00-00.2pu37z6.mongodb.net:27017, ac-i3gkoj7-shard-00-01.2pu37z6.mongodb.net:27017, ac-i3gkoj7-shard-00-02.2pu37z6.mongodb.net:27017], passives=[], arbiters=[], primary='ac-i3gkoj7-shard-00-02.2pu37z6.mongodb.net:27017', tagSet=TagSet{[Tag{name='availabilityZone', value='apse1-az2'}, Tag{name='cacheState', value='READY'}, Tag{name='diskState', value='READY'}, Tag{name='nodeType', value='ELECTABLE'}, Tag{name='provider', value='AWS'}, Tag{name='region', value='AP_SOUTHEAST_1'}, Tag{name='workloadType', value='OPERATIONAL'}]}, electionId=null, setVersion=65, topologyVersion=TopologyVersion{processId=6aa573647c864f06dabc38b1, counter=9}, lastWriteDate=Fri Sep 25 18:00:17 ICT 2026, lastUpdateTimeNanos=643347912586000}
2026-09-25T18:00:17.071+07:00  INFO 36788 --- [CNJ70 Ecommerce] [ngodb.net:27017] org.mongodb.driver.cluster               : Monitor thread successfully connected to server with description ServerDescription{address=ac-i3gkoj7-shard-00-02.2pu37z6.mongodb.net:27017, type=REPLICA_SET_PRIMARY, state=CONNECTED, ok=true, minWireVersion=0, maxWireVersion=25, maxDocumentSize=16777216, logicalSessionTimeoutMinutes=30, roundTripTimeNanos=169980100, setName='atlas-i9pmeb-shard-0', canonicalAddress=ac-i3gkoj7-shard-00-02.2pu37z6.mongodb.net:27017, hosts=[ac-i3gkoj7-shard-00-00.2pu37z6.mongodb.net:27017, ac-i3gkoj7-shard-00-01.2pu37z6.mongodb.net:27017, ac-i3gkoj7-shard-00-02.2pu37z6.mongodb.net:27017], passives=[], arbiters=[], primary='ac-i3gkoj7-shard-00-02.2pu37z6.mongodb.net:27017', tagSet=TagSet{[Tag{name='availabilityZone', value='apse1-az3'}, Tag{name='cacheState', value='READY'}, Tag{name='diskState', value='READY'}, Tag{name='nodeType', value='ELECTABLE'}, Tag{name='provider', value='AWS'}, Tag{name='region', value='AP_SOUTHEAST_1'}, Tag{name='workloadType', value='OPERATIONAL'}]}, electionId=7fffffff000000000000006b, setVersion=65, topologyVersion=TopologyVersion{processId=6aa57074fe73bbb10be7cb83, counter=12}, lastWriteDate=Fri Sep 25 18:00:17 ICT 2026, lastUpdateTimeNanos=643347914232000}
2026-09-25T18:00:17.073+07:00  INFO 36788 --- [CNJ70 Ecommerce] [ngodb.net:27017] org.mongodb.driver.cluster               : Discovered replica set primary ac-i3gkoj7-shard-00-02.2pu37z6.mongodb.net:27017 with max election id 7fffffff000000000000006b and max set version 65
2026-09-25T18:00:17.198+07:00 DEBUG 36788 --- [CNJ70 Ecommerce] [  restartedMain] .m.c.i.MongoPersistentEntityIndexCreator : Analyzing class class com.ecommerce.cnj70.document.AuditLog for index information
2026-09-25T18:00:18.036+07:00 DEBUG 36788 --- [CNJ70 Ecommerce] [  restartedMain] .m.c.i.MongoPersistentEntityIndexCreator : Analyzing class class com.ecommerce.cnj70.document.Shop for index information
2026-09-25T18:00:18.110+07:00 DEBUG 36788 --- [CNJ70 Ecommerce] [  restartedMain] .m.c.i.MongoPersistentEntityIndexCreator : Analyzing class class com.ecommerce.cnj70.document.ModerationHistory for index information
2026-09-25T18:00:18.309+07:00 DEBUG 36788 --- [CNJ70 Ecommerce] [  restartedMain] .m.c.i.MongoPersistentEntityIndexCreator : Analyzing class class com.ecommerce.cnj70.document.Cart$CartItem for index information
2026-09-25T18:00:18.311+07:00 DEBUG 36788 --- [CNJ70 Ecommerce] [  restartedMain] .m.c.i.MongoPersistentEntityIndexCreator : Analyzing class class com.ecommerce.cnj70.document.KycProfile for index information
2026-09-25T18:00:18.397+07:00 DEBUG 36788 --- [CNJ70 Ecommerce] [  restartedMain] .m.c.i.MongoPersistentEntityIndexCreator : Analyzing class class com.ecommerce.cnj70.document.Voucher for index information
2026-09-25T18:00:18.470+07:00 DEBUG 36788 --- [CNJ70 Ecommerce] [  restartedMain] .m.c.i.MongoPersistentEntityIndexCreator : Analyzing class class com.ecommerce.cnj70.document.Banner for index information
2026-09-25T18:00:18.694+07:00 DEBUG 36788 --- [CNJ70 Ecommerce] [  restartedMain] .m.c.i.MongoPersistentEntityIndexCreator : Analyzing class class com.ecommerce.cnj70.document.ReturnRequest for index information
2026-09-25T18:00:19.133+07:00 DEBUG 36788 --- [CNJ70 Ecommerce] [  restartedMain] .m.c.i.MongoPersistentEntityIndexCreator : Analyzing class class com.ecommerce.cnj70.document.Order$OrderItem for index information
2026-09-25T18:00:19.134+07:00 DEBUG 36788 --- [CNJ70 Ecommerce] [  restartedMain] .m.c.i.MongoPersistentEntityIndexCreator : Analyzing class class com.ecommerce.cnj70.document.User for index information
2026-09-25T18:00:19.211+07:00 DEBUG 36788 --- [CNJ70 Ecommerce] [  restartedMain] .m.c.i.MongoPersistentEntityIndexCreator : Analyzing class class com.ecommerce.cnj70.document.Order$SubOrderShipping for index information
2026-09-25T18:00:19.213+07:00 DEBUG 36788 --- [CNJ70 Ecommerce] [  restartedMain] .m.c.i.MongoPersistentEntityIndexCreator : Analyzing class class com.ecommerce.cnj70.document.Order for index information
2026-09-25T18:00:19.316+07:00 DEBUG 36788 --- [CNJ70 Ecommerce] [  restartedMain] .m.c.i.MongoPersistentEntityIndexCreator : Analyzing class class com.ecommerce.cnj70.document.Escalation for index information
2026-09-25T18:00:19.548+07:00 DEBUG 36788 --- [CNJ70 Ecommerce] [  restartedMain] .m.c.i.MongoPersistentEntityIndexCreator : Analyzing class class com.ecommerce.cnj70.document.Review for index information
2026-09-25T18:00:19.840+07:00 DEBUG 36788 --- [CNJ70 Ecommerce] [  restartedMain] .m.c.i.MongoPersistentEntityIndexCreator : Analyzing class class com.ecommerce.cnj70.document.Product for index information
2026-09-25T18:00:19.990+07:00 DEBUG 36788 --- [CNJ70 Ecommerce] [  restartedMain] .m.c.i.MongoPersistentEntityIndexCreator : Analyzing class class com.ecommerce.cnj70.document.Category for index information
2026-09-25T18:00:20.064+07:00 DEBUG 36788 --- [CNJ70 Ecommerce] [  restartedMain] .m.c.i.MongoPersistentEntityIndexCreator : Analyzing class class com.ecommerce.cnj70.document.ReportCase for index information
2026-09-25T18:00:20.666+07:00 DEBUG 36788 --- [CNJ70 Ecommerce] [  restartedMain] .m.c.i.MongoPersistentEntityIndexCreator : Analyzing class class com.ecommerce.cnj70.document.ProductSpecification for index information
2026-09-25T18:00:20.668+07:00 DEBUG 36788 --- [CNJ70 Ecommerce] [  restartedMain] .m.c.i.MongoPersistentEntityIndexCreator : Analyzing class class com.ecommerce.cnj70.document.RefundRequest for index information
2026-09-25T18:00:21.216+07:00 DEBUG 36788 --- [CNJ70 Ecommerce] [  restartedMain] .m.c.i.MongoPersistentEntityIndexCreator : Analyzing class class com.ecommerce.cnj70.document.ProductVariant for index information
2026-09-25T18:00:21.218+07:00 DEBUG 36788 --- [CNJ70 Ecommerce] [  restartedMain] .m.c.i.MongoPersistentEntityIndexCreator : Analyzing class class com.ecommerce.cnj70.document.Violation for index information
2026-09-25T18:00:21.518+07:00 DEBUG 36788 --- [CNJ70 Ecommerce] [  restartedMain] .m.c.i.MongoPersistentEntityIndexCreator : Analyzing class class com.ecommerce.cnj70.document.LegalDocument for index information
2026-09-25T18:00:21.593+07:00 DEBUG 36788 --- [CNJ70 Ecommerce] [  restartedMain] .m.c.i.MongoPersistentEntityIndexCreator : Analyzing class class com.ecommerce.cnj70.document.AuditLogEntry for index information
2026-09-25T18:00:22.179+07:00 DEBUG 36788 --- [CNJ70 Ecommerce] [  restartedMain] .m.c.i.MongoPersistentEntityIndexCreator : Analyzing class class com.ecommerce.cnj70.document.Complaint for index information
2026-09-25T18:00:22.631+07:00 DEBUG 36788 --- [CNJ70 Ecommerce] [  restartedMain] .m.c.i.MongoPersistentEntityIndexCreator : Analyzing class class com.ecommerce.cnj70.document.Cart for index information
2026-09-25T18:00:22.705+07:00 DEBUG 36788 --- [CNJ70 Ecommerce] [  restartedMain] .m.c.i.MongoPersistentEntityIndexCreator : Analyzing class class com.ecommerce.cnj70.document.SchedulerIdempotencyRecord for index information
2026-09-25T18:00:23.360+07:00 DEBUG 36788 --- [CNJ70 Ecommerce] [  restartedMain] c.e.c.security.JwtAuthenticationFilter   : Filter 'jwtAuthenticationFilter' configured for use
2026-09-25T18:00:23.369+07:00  INFO 36788 --- [CNJ70 Ecommerce] [  restartedMain] o.s.b.d.a.OptionalLiveReloadServer       : LiveReload server is running on port 35729
2026-09-25T18:00:23.655+07:00  INFO 36788 --- [CNJ70 Ecommerce] [  restartedMain] c.ecommerce.cnj70.config.DotenvConfig    : Loaded environment variables from .env file
2026-09-25T18:00:24.774+07:00  INFO 36788 --- [CNJ70 Ecommerce] [  restartedMain] com.ecommerce.cnj70.util.CryptoUtil      : ENCRYPTION_KEY resolved from JVM system property
2026-09-25T18:00:24.789+07:00  INFO 36788 --- [CNJ70 Ecommerce] [  restartedMain] e.c.s.i.NoopAutoModerationResultProvider : NoopAutoModerationResultProvider active — Auto Moderation backend not wired in. Phase 2A UI will display 'Auto Moderation Result: not available'.
2026-09-25T18:00:24.814+07:00  INFO 36788 --- [CNJ70 Ecommerce] [  restartedMain] c.e.c.s.impl.LoggingEscalationWriter     : LoggingEscalationWriter active — Phase 3A Admin Escalation consumer not wired in. Escalations will be persisted to the 'escalations' collection only (no Admin notification).
2026-09-25T18:00:24.831+07:00  INFO 36788 --- [CNJ70 Ecommerce] [  restartedMain] c.e.c.s.i.NoopVerifiedPurchaseGateway    : NoopVerifiedPurchaseGateway active — Verified Purchase integration not wired in. Phase 2B UI will display 'Verified Purchase: not available'.
2026-09-25T18:00:24.834+07:00  INFO 36788 --- [CNJ70 Ecommerce] [  restartedMain] c.e.c.s.impl.NoopReviewReportGateway     : NoopReviewReportGateway active — ReportCase backend not wired in. Phase 2B UI will display 'Report Count: not available'.
2026-09-25T18:00:24.838+07:00  INFO 36788 --- [CNJ70 Ecommerce] [  restartedMain] c.s.i.NoopReviewViolationContextProvider : NoopReviewViolationContextProvider active — Review Violation backend not wired in. Phase 2B UI will display 'Auto Moderation Result: not available'.
2026-09-25T18:00:25.245+07:00  INFO 36788 --- [CNJ70 Ecommerce] [  restartedMain] o.s.s.web.DefaultSecurityFilterChain     : Will secure any request with [org.springframework.security.web.session.DisableEncodeUrlFilter@57e976f0, org.springframework.security.web.context.request.async.WebAsyncManagerIntegrationFilter@579b9364, org.springframework.security.web.context.SecurityContextHolderFilter@3f10be7f, org.springframework.security.web.header.HeaderWriterFilter@124c9126, org.springframework.web.filter.CorsFilter@54d607f4, org.springframework.security.web.authentication.logout.LogoutFilter@4d19bd74, com.ecommerce.cnj70.security.JwtAuthenticationFilter@71b57c72, org.springframework.security.web.savedrequest.RequestCacheAwareFilter@8579eba, org.springframework.security.web.servletapi.SecurityContextHolderAwareRequestFilter@7ee4fb37, org.springframework.security.web.authentication.AnonymousAuthenticationFilter@2d8f2491, org.springframework.security.web.session.SessionManagementFilter@3915791, org.springframework.security.web.access.ExceptionTranslationFilter@69cbd770, org.springframework.security.web.access.intercept.AuthorizationFilter@206b3976]
2026-09-25T18:00:25.444+07:00  INFO 36788 --- [CNJ70 Ecommerce] [  restartedMain] o.s.b.w.embedded.tomcat.TomcatWebServer  : Tomcat started on port 8081 (http) with context path ''
2026-09-25T18:00:25.450+07:00  INFO 36788 --- [CNJ70 Ecommerce] [  restartedMain] c.e.cnj70.Cnj70EcommerceApplication      : Started Cnj70EcommerceApplication in 10.198 seconds (process running for 1138.191)
2026-09-25T18:00:25.454+07:00 DEBUG 36788 --- [CNJ70 Ecommerce] [  restartedMain] o.s.data.mongodb.core.MongoTemplate      : Executing count: {} in collection: legal_documents
2026-09-25T18:00:25.516+07:00  INFO 36788 --- [CNJ70 Ecommerce] [  restartedMain] c.e.cnj70.config.LegalDocumentSeeder     : [LegalDocumentSeeder] Legal documents already exist, skipping
2026-09-25T18:00:25.523+07:00 DEBUG 36788 --- [CNJ70 Ecommerce] [  restartedMain] o.s.data.mongodb.core.MongoTemplate      : find using query: {} fields: Document{{}} for class: class com.ecommerce.cnj70.document.Product in collection: products
2026-09-25T18:00:25.671+07:00 DEBUG 36788 --- [CNJ70 Ecommerce] [  restartedMain] o.s.data.mongodb.core.MongoTemplate      : Saving Document containing fields: [_id, shopId, shopName, name, description, price, stock, specifications, variants, status, moderationStatus, moderationActorId, moderationReason, moderationAt, rating, reviewCount, sold, createdAt, updatedAt, _class]
2026-09-25T18:00:25.737+07:00 DEBUG 36788 --- [CNJ70 Ecommerce] [  restartedMain] o.s.data.mongodb.core.MongoTemplate      : Saving Document containing fields: [_id, shopId, shopName, name, description, price, stock, specifications, variants, status, moderationStatus, moderationActorId, moderationAt, rating, reviewCount, sold, createdAt, updatedAt, _class]
2026-09-25T18:00:25.803+07:00 DEBUG 36788 --- [CNJ70 Ecommerce] [  restartedMain] o.s.data.mongodb.core.MongoTemplate      : Saving Document containing fields: [_id, shopId, shopName, name, description, price, stock, specifications, variants, status, moderationStatus, rating, reviewCount, sold, createdAt, updatedAt, _class]
2026-09-25T18:00:25.870+07:00  INFO 36788 --- [CNJ70 Ecommerce] [  restartedMain] c.e.cnj70.config.SoldCountSeeder         : Đã seed số 'Đã bán' cho 3 sản phẩm.
2026-09-25T18:00:25.875+07:00  INFO 36788 --- [CNJ70 Ecommerce] [  restartedMain] .ConditionEvaluationDeltaLoggingListener : Condition evaluation unchanged
2026-09-25T18:01:13.745+07:00  INFO 36788 --- [CNJ70 Ecommerce] [   File Watcher] rtingClassPathChangeChangedEventListener : Restarting due to 465 class path changes (0 additions, 464 deletions, 1 modification)

  .   ____          _            __ _ _
 /\\ / ___'_ __ _ _(_)_ __  __ _ \ \ \ \
( ( )\___ | '_ | '_| | '_ \/ _` | \ \ \ \
 \\/  ___)| |_)| | | | | || (_| |  ) ) ) )
  '  |____| .__|_| |_|_| |_\__, | / / / /
 =========|_|==============|___/=/_/_/_/
 :: Spring Boot ::                (v3.2.0)

2026-09-25T18:01:14.144+07:00  INFO 36788 --- [CNJ70 Ecommerce] [  restartedMain] c.e.cnj70.config.DotenvInitializer       : DotenvInitializer: Loaded 86 environment variables from .env
2026-09-25T18:01:14.145+07:00  INFO 36788 --- [CNJ70 Ecommerce] [  restartedMain] c.e.cnj70.Cnj70EcommerceApplication      : Starting Cnj70EcommerceApplication using Java 21.0.12 with PID 36788 (D:\Code Full\Java\BTL_E_commerce\Ecommerce_Java\target\classes started by Asus in D:\Code Full\Java\BTL_E_commerce\Ecommerce_Java)
2026-09-25T18:01:14.146+07:00 DEBUG 36788 --- [CNJ70 Ecommerce] [  restartedMain] c.e.cnj70.Cnj70EcommerceApplication      : Running with Spring Boot v3.2.0, Spring v6.1.1
2026-09-25T18:01:14.146+07:00  INFO 36788 --- [CNJ70 Ecommerce] [  restartedMain] c.e.cnj70.Cnj70EcommerceApplication      : No active profile set, falling back to 1 default profile: "default"
2026-09-25T18:01:14.467+07:00  INFO 36788 --- [CNJ70 Ecommerce] [  restartedMain] .s.d.r.c.RepositoryConfigurationDelegate : Bootstrapping Spring Data MongoDB repositories in DEFAULT mode.
2026-09-25T18:01:14.475+07:00  INFO 36788 --- [CNJ70 Ecommerce] [  restartedMain] .s.d.r.c.RepositoryConfigurationDelegate : Finished Spring Data repository scanning in 6 ms. Found 0 MongoDB repository interfaces.
2026-09-25T18:01:14.576+07:00  WARN 36788 --- [CNJ70 Ecommerce] [  restartedMain] ConfigServletWebServerApplicationContext : Exception encountered during context initialization - cancelling refresh attempt: java.lang.NullPointerException: Cannot read field "generatedClass" because "data" is null
2026-09-25T18:01:14.584+07:00  INFO 36788 --- [CNJ70 Ecommerce] [  restartedMain] .s.b.a.l.ConditionEvaluationReportLogger : 

Error starting ApplicationContext. To display the condition evaluation report re-run your application with 'debug' enabled.
2026-09-25T18:01:14.598+07:00 ERROR 36788 --- [CNJ70 Ecommerce] [  restartedMain] o.s.boot.SpringApplication               : Application run failed

java.lang.NullPointerException: Cannot read field "generatedClass" because "data" is null
	at org.springframework.cglib.proxy.Enhancer.nextInstance(Enhancer.java:783) ~[spring-core-6.1.1.jar:6.1.1]
	at org.springframework.cglib.core.AbstractClassGenerator.create(AbstractClassGenerator.java:321) ~[spring-core-6.1.1.jar:6.1.1]
	at org.springframework.cglib.proxy.Enhancer.createHelper(Enhancer.java:562) ~[spring-core-6.1.1.jar:6.1.1]
	at org.springframework.cglib.proxy.Enhancer.createClass(Enhancer.java:407) ~[spring-core-6.1.1.jar:6.1.1]
	at org.springframework.context.annotation.ConfigurationClassEnhancer.createClass(ConfigurationClassEnhancer.java:138) ~[spring-context-6.1.1.jar:6.1.1]
	at org.springframework.context.annotation.ConfigurationClassEnhancer.enhance(ConfigurationClassEnhancer.java:109) ~[spring-context-6.1.1.jar:6.1.1]
	at org.springframework.context.annotation.ConfigurationClassPostProcessor.enhanceConfigurationClasses(ConfigurationClassPostProcessor.java:533) ~[spring-context-6.1.1.jar:6.1.1]
	at org.springframework.context.annotation.ConfigurationClassPostProcessor.postProcessBeanFactory(ConfigurationClassPostProcessor.java:310) ~[spring-context-6.1.1.jar:6.1.1]
	at org.springframework.context.support.PostProcessorRegistrationDelegate.invokeBeanFactoryPostProcessors(PostProcessorRegistrationDelegate.java:363) ~[spring-context-6.1.1.jar:6.1.1]
	at org.springframework.context.support.PostProcessorRegistrationDelegate.invokeBeanFactoryPostProcessors(PostProcessorRegistrationDelegate.java:153) ~[spring-context-6.1.1.jar:6.1.1]
	at org.springframework.context.support.AbstractApplicationContext.invokeBeanFactoryPostProcessors(AbstractApplicationContext.java:775) ~[spring-context-6.1.1.jar:6.1.1]
	at org.springframework.context.support.AbstractApplicationContext.refresh(AbstractApplicationContext.java:597) ~[spring-context-6.1.1.jar:6.1.1]
	at org.springframework.boot.web.servlet.context.ServletWebServerApplicationContext.refresh(ServletWebServerApplicationContext.java:146) ~[spring-boot-3.2.0.jar:3.2.0]
	at org.springframework.boot.SpringApplication.refresh(SpringApplication.java:753) ~[spring-boot-3.2.0.jar:3.2.0]
	at org.springframework.boot.SpringApplication.refreshContext(SpringApplication.java:455) ~[spring-boot-3.2.0.jar:3.2.0]
	at org.springframework.boot.SpringApplication.run(SpringApplication.java:323) ~[spring-boot-3.2.0.jar:3.2.0]
	at com.ecommerce.cnj70.Cnj70EcommerceApplication.main(Cnj70EcommerceApplication.java:20) ~[classes/:na]
	at java.base/jdk.internal.reflect.DirectMethodHandleAccessor.invoke(DirectMethodHandleAccessor.java:103) ~[na:na]
	at java.base/java.lang.reflect.Method.invoke(Method.java:580) ~[na:na]
	at org.springframework.boot.devtools.restart.RestartLauncher.run(RestartLauncher.java:50) ~[spring-boot-devtools-3.2.0.jar:3.2.0]


  .   ____          _            __ _ _
 /\\ / ___'_ __ _ _(_)_ __  __ _ \ \ \ \
( ( )\___ | '_ | '_| | '_ \/ _` | \ \ \ \
 \\/  ___)| |_)| | | | | || (_| |  ) ) ) )
  '  |____| .__|_| |_|_| |_\__, | / / / /
 =========|_|==============|___/=/_/_/_/
 :: Spring Boot ::                (v3.2.0)

2026-09-25T18:01:31.074+07:00  INFO 36788 --- [CNJ70 Ecommerce] [  restartedMain] c.e.cnj70.config.DotenvInitializer       : DotenvInitializer: Loaded 86 environment variables from .env
2026-09-25T18:01:31.074+07:00  INFO 36788 --- [CNJ70 Ecommerce] [  restartedMain] c.e.cnj70.Cnj70EcommerceApplication      : Starting Cnj70EcommerceApplication using Java 21.0.12 with PID 36788 (D:\Code Full\Java\BTL_E_commerce\Ecommerce_Java\target\classes started by Asus in D:\Code Full\Java\BTL_E_commerce\Ecommerce_Java)
2026-09-25T18:01:31.074+07:00 DEBUG 36788 --- [CNJ70 Ecommerce] [  restartedMain] c.e.cnj70.Cnj70EcommerceApplication      : Running with Spring Boot v3.2.0, Spring v6.1.1
2026-09-25T18:01:31.074+07:00  INFO 36788 --- [CNJ70 Ecommerce] [  restartedMain] c.e.cnj70.Cnj70EcommerceApplication      : No active profile set, falling back to 1 default profile: "default"
2026-09-25T18:01:31.812+07:00  INFO 36788 --- [CNJ70 Ecommerce] [  restartedMain] .s.d.r.c.RepositoryConfigurationDelegate : Bootstrapping Spring Data MongoDB repositories in DEFAULT mode.
2026-09-25T18:01:32.013+07:00  INFO 36788 --- [CNJ70 Ecommerce] [  restartedMain] .s.d.r.c.RepositoryConfigurationDelegate : Finished Spring Data repository scanning in 199 ms. Found 22 MongoDB repository interfaces.
2026-09-25T18:01:32.226+07:00  INFO 36788 --- [CNJ70 Ecommerce] [  restartedMain] o.s.b.w.embedded.tomcat.TomcatWebServer  : Tomcat initialized with port 8081 (http)
2026-09-25T18:01:32.228+07:00  INFO 36788 --- [CNJ70 Ecommerce] [  restartedMain] o.apache.catalina.core.StandardService   : Starting service [Tomcat]
2026-09-25T18:01:32.229+07:00  INFO 36788 --- [CNJ70 Ecommerce] [  restartedMain] o.apache.catalina.core.StandardEngine    : Starting Servlet engine: [Apache Tomcat/10.1.16]
2026-09-25T18:01:32.262+07:00  INFO 36788 --- [CNJ70 Ecommerce] [  restartedMain] o.a.c.c.C.[Tomcat-1].[localhost].[/]     : Initializing Spring embedded WebApplicationContext
2026-09-25T18:01:32.262+07:00  INFO 36788 --- [CNJ70 Ecommerce] [  restartedMain] w.s.c.ServletWebServerApplicationContext : Root WebApplicationContext: initialization completed in 1182 ms
2026-09-25T18:01:32.329+07:00  INFO 36788 --- [CNJ70 Ecommerce] [  restartedMain] org.mongodb.driver.client                : MongoClient with metadata {"driver": {"name": "mongo-java-driver|sync|spring-boot", "version": "4.11.1"}, "os": {"type": "Windows", "name": "Windows 11", "architecture": "amd64", "version": "10.0"}, "platform": "Java/Oracle Corporation/21.0.12+7-LTS-205"} created with settings MongoClientSettings{readPreference=primary, writeConcern=WriteConcern{w=null, wTimeout=null ms, journal=null}, retryWrites=true, retryReads=true, readConcern=ReadConcern{level=null}, credential=MongoCredential{mechanism=null, userName='nguyenquocanh170205_db_user', source='admin', password=<hidden>, mechanismProperties=<hidden>}, transportSettings=null, streamFactoryFactory=null, commandListeners=[], codecRegistry=ProvidersCodecRegistry{codecProviders=[ValueCodecProvider{}, BsonValueCodecProvider{}, DBRefCodecProvider{}, DBObjectCodecProvider{}, DocumentCodecProvider{}, CollectionCodecProvider{}, IterableCodecProvider{}, MapCodecProvider{}, GeoJsonCodecProvider{}, GridFSFileCodecProvider{}, Jsr310CodecProvider{}, JsonObjectCodecProvider{}, BsonCodecProvider{}, EnumCodecProvider{}, com.mongodb.client.model.mql.ExpressionCodecProvider@6464b69b, com.mongodb.Jep395RecordCodecProvider@f1449e, com.mongodb.KotlinCodecProvider@301dc2f0]}, loggerSettings=LoggerSettings{maxDocumentLength=1000}, clusterSettings={hosts=[127.0.0.1:27017], srvHost=cluster0.2pu37z6.mongodb.net, srvServiceName=mongodb, mode=MULTIPLE, requiredClusterType=REPLICA_SET, requiredReplicaSetName='atlas-i9pmeb-shard-0', serverSelector='null', clusterListeners='[]', serverSelectionTimeout='30000 ms', localThreshold='15 ms'}, socketSettings=SocketSettings{connectTimeoutMS=10000, readTimeoutMS=0, receiveBufferSize=0, proxySettings=ProxySettings{host=null, port=null, username=null, password=null}}, heartbeatSocketSettings=SocketSettings{connectTimeoutMS=10000, readTimeoutMS=10000, receiveBufferSize=0, proxySettings=ProxySettings{host=null, port=null, username=null, password=null}}, connectionPoolSettings=ConnectionPoolSettings{maxSize=100, minSize=0, maxWaitTimeMS=120000, maxConnectionLifeTimeMS=0, maxConnectionIdleTimeMS=0, maintenanceInitialDelayMS=0, maintenanceFrequencyMS=60000, connectionPoolListeners=[], maxConnecting=2}, serverSettings=ServerSettings{heartbeatFrequencyMS=10000, minHeartbeatFrequencyMS=500, serverListeners='[]', serverMonitorListeners='[]'}, sslSettings=SslSettings{enabled=true, invalidHostNameAllowed=false, context=null}, applicationName='null', compressorList=[], uuidRepresentation=JAVA_LEGACY, serverApi=null, autoEncryptionSettings=null, dnsClient=null, inetAddressResolver=null, contextProvider=null}
2026-09-25T18:01:32.358+07:00  INFO 36788 --- [CNJ70 Ecommerce] [7z6.mongodb.net] org.mongodb.driver.cluster               : Adding discovered server ac-i3gkoj7-shard-00-00.2pu37z6.mongodb.net:27017 to client view of cluster
2026-09-25T18:01:32.361+07:00  INFO 36788 --- [CNJ70 Ecommerce] [7z6.mongodb.net] org.mongodb.driver.cluster               : Adding discovered server ac-i3gkoj7-shard-00-01.2pu37z6.mongodb.net:27017 to client view of cluster
2026-09-25T18:01:32.361+07:00  INFO 36788 --- [CNJ70 Ecommerce] [7z6.mongodb.net] org.mongodb.driver.cluster               : Adding discovered server ac-i3gkoj7-shard-00-02.2pu37z6.mongodb.net:27017 to client view of cluster
2026-09-25T18:01:32.551+07:00 DEBUG 36788 --- [CNJ70 Ecommerce] [  restartedMain] .m.c.i.MongoPersistentEntityIndexCreator : Analyzing class class com.ecommerce.cnj70.document.ProductSpecification for index information
2026-09-25T18:01:32.552+07:00 DEBUG 36788 --- [CNJ70 Ecommerce] [  restartedMain] .m.c.i.MongoPersistentEntityIndexCreator : Analyzing class class com.ecommerce.cnj70.document.User for index information
2026-09-25T18:01:32.555+07:00  INFO 36788 --- [CNJ70 Ecommerce] [  restartedMain] org.mongodb.driver.cluster               : No server chosen by WritableServerSelector from cluster description ClusterDescription{type=REPLICA_SET, connectionMode=MULTIPLE, serverDescriptions=[ServerDescription{address=ac-i3gkoj7-shard-00-00.2pu37z6.mongodb.net:27017, type=UNKNOWN, state=CONNECTING}, ServerDescription{address=ac-i3gkoj7-shard-00-02.2pu37z6.mongodb.net:27017, type=UNKNOWN, state=CONNECTING}, ServerDescription{address=ac-i3gkoj7-shard-00-01.2pu37z6.mongodb.net:27017, type=UNKNOWN, state=CONNECTING}]}. Waiting for 30000 ms before timing out
2026-09-25T18:01:32.586+07:00  INFO 36788 --- [CNJ70 Ecommerce] [ngodb.net:27017] org.mongodb.driver.cluster               : Monitor thread successfully connected to server with description ServerDescription{address=ac-i3gkoj7-shard-00-00.2pu37z6.mongodb.net:27017, type=REPLICA_SET_SECONDARY, state=CONNECTED, ok=true, minWireVersion=0, maxWireVersion=25, maxDocumentSize=16777216, logicalSessionTimeoutMinutes=30, roundTripTimeNanos=123224400, setName='atlas-i9pmeb-shard-0', canonicalAddress=ac-i3gkoj7-shard-00-00.2pu37z6.mongodb.net:27017, hosts=[ac-i3gkoj7-shard-00-00.2pu37z6.mongodb.net:27017, ac-i3gkoj7-shard-00-01.2pu37z6.mongodb.net:27017, ac-i3gkoj7-shard-00-02.2pu37z6.mongodb.net:27017], passives=[], arbiters=[], primary='ac-i3gkoj7-shard-00-02.2pu37z6.mongodb.net:27017', tagSet=TagSet{[Tag{name='availabilityZone', value='apse1-az1'}, Tag{name='cacheState', value='READY'}, Tag{name='diskState', value='READY'}, Tag{name='nodeType', value='ELECTABLE'}, Tag{name='provider', value='AWS'}, Tag{name='region', value='AP_SOUTHEAST_1'}, Tag{name='workloadType', value='OPERATIONAL'}]}, electionId=null, setVersion=65, topologyVersion=TopologyVersion{processId=6aa571ca69bd1640bfc04f00, counter=10}, lastWriteDate=Fri Sep 25 18:01:33 ICT 2026, lastUpdateTimeNanos=643423429267100}
2026-09-25T18:01:32.604+07:00  INFO 36788 --- [CNJ70 Ecommerce] [ngodb.net:27017] org.mongodb.driver.cluster               : Monitor thread successfully connected to server with description ServerDescription{address=ac-i3gkoj7-shard-00-02.2pu37z6.mongodb.net:27017, type=REPLICA_SET_PRIMARY, state=CONNECTED, ok=true, minWireVersion=0, maxWireVersion=25, maxDocumentSize=16777216, logicalSessionTimeoutMinutes=30, roundTripTimeNanos=140404000, setName='atlas-i9pmeb-shard-0', canonicalAddress=ac-i3gkoj7-shard-00-02.2pu37z6.mongodb.net:27017, hosts=[ac-i3gkoj7-shard-00-00.2pu37z6.mongodb.net:27017, ac-i3gkoj7-shard-00-01.2pu37z6.mongodb.net:27017, ac-i3gkoj7-shard-00-02.2pu37z6.mongodb.net:27017], passives=[], arbiters=[], primary='ac-i3gkoj7-shard-00-02.2pu37z6.mongodb.net:27017', tagSet=TagSet{[Tag{name='availabilityZone', value='apse1-az3'}, Tag{name='cacheState', value='READY'}, Tag{name='diskState', value='READY'}, Tag{name='nodeType', value='ELECTABLE'}, Tag{name='provider', value='AWS'}, Tag{name='region', value='AP_SOUTHEAST_1'}, Tag{name='workloadType', value='OPERATIONAL'}]}, electionId=7fffffff000000000000006b, setVersion=65, topologyVersion=TopologyVersion{processId=6aa57074fe73bbb10be7cb83, counter=12}, lastWriteDate=Fri Sep 25 18:01:33 ICT 2026, lastUpdateTimeNanos=643423447715500}
2026-09-25T18:01:32.605+07:00  INFO 36788 --- [CNJ70 Ecommerce] [ngodb.net:27017] org.mongodb.driver.cluster               : Discovered replica set primary ac-i3gkoj7-shard-00-02.2pu37z6.mongodb.net:27017 with max election id 7fffffff000000000000006b and max set version 65
2026-09-25T18:01:32.636+07:00  INFO 36788 --- [CNJ70 Ecommerce] [ngodb.net:27017] org.mongodb.driver.cluster               : Monitor thread successfully connected to server with description ServerDescription{address=ac-i3gkoj7-shard-00-01.2pu37z6.mongodb.net:27017, type=REPLICA_SET_SECONDARY, state=CONNECTED, ok=true, minWireVersion=0, maxWireVersion=25, maxDocumentSize=16777216, logicalSessionTimeoutMinutes=30, roundTripTimeNanos=170357300, setName='atlas-i9pmeb-shard-0', canonicalAddress=ac-i3gkoj7-shard-00-01.2pu37z6.mongodb.net:27017, hosts=[ac-i3gkoj7-shard-00-00.2pu37z6.mongodb.net:27017, ac-i3gkoj7-shard-00-01.2pu37z6.mongodb.net:27017, ac-i3gkoj7-shard-00-02.2pu37z6.mongodb.net:27017], passives=[], arbiters=[], primary='ac-i3gkoj7-shard-00-02.2pu37z6.mongodb.net:27017', tagSet=TagSet{[Tag{name='availabilityZone', value='apse1-az2'}, Tag{name='cacheState', value='READY'}, Tag{name='diskState', value='READY'}, Tag{name='nodeType', value='ELECTABLE'}, Tag{name='provider', value='AWS'}, Tag{name='region', value='AP_SOUTHEAST_1'}, Tag{name='workloadType', value='OPERATIONAL'}]}, electionId=null, setVersion=65, topologyVersion=TopologyVersion{processId=6aa573647c864f06dabc38b1, counter=9}, lastWriteDate=Fri Sep 25 18:01:33 ICT 2026, lastUpdateTimeNanos=643423479557800}
2026-09-25T18:01:33.033+07:00 DEBUG 36788 --- [CNJ70 Ecommerce] [  restartedMain] .m.c.i.MongoPersistentEntityIndexCreator : Analyzing class class com.ecommerce.cnj70.document.Category for index information
2026-09-25T18:01:33.113+07:00 DEBUG 36788 --- [CNJ70 Ecommerce] [  restartedMain] .m.c.i.MongoPersistentEntityIndexCreator : Analyzing class class com.ecommerce.cnj70.document.RefundRequest for index information
2026-09-25T18:01:33.703+07:00 DEBUG 36788 --- [CNJ70 Ecommerce] [  restartedMain] .m.c.i.MongoPersistentEntityIndexCreator : Analyzing class class com.ecommerce.cnj70.document.Cart$CartItem for index information
2026-09-25T18:01:33.705+07:00 DEBUG 36788 --- [CNJ70 Ecommerce] [  restartedMain] .m.c.i.MongoPersistentEntityIndexCreator : Analyzing class class com.ecommerce.cnj70.document.SchedulerIdempotencyRecord for index information
2026-09-25T18:01:34.251+07:00 DEBUG 36788 --- [CNJ70 Ecommerce] [  restartedMain] .m.c.i.MongoPersistentEntityIndexCreator : Analyzing class class com.ecommerce.cnj70.document.Shop for index information
2026-09-25T18:01:34.381+07:00 DEBUG 36788 --- [CNJ70 Ecommerce] [  restartedMain] .m.c.i.MongoPersistentEntityIndexCreator : Analyzing class class com.ecommerce.cnj70.document.ReportCase for index information
2026-09-25T18:01:35.006+07:00 DEBUG 36788 --- [CNJ70 Ecommerce] [  restartedMain] .m.c.i.MongoPersistentEntityIndexCreator : Analyzing class class com.ecommerce.cnj70.document.Order$SubOrderShipping for index information
2026-09-25T18:01:35.006+07:00 DEBUG 36788 --- [CNJ70 Ecommerce] [  restartedMain] .m.c.i.MongoPersistentEntityIndexCreator : Analyzing class class com.ecommerce.cnj70.document.Escalation for index information
2026-09-25T18:01:35.257+07:00 DEBUG 36788 --- [CNJ70 Ecommerce] [  restartedMain] .m.c.i.MongoPersistentEntityIndexCreator : Analyzing class class com.ecommerce.cnj70.document.ProductVariant for index information
2026-09-25T18:01:35.258+07:00 DEBUG 36788 --- [CNJ70 Ecommerce] [  restartedMain] .m.c.i.MongoPersistentEntityIndexCreator : Analyzing class class com.ecommerce.cnj70.document.Order for index information
2026-09-25T18:01:35.384+07:00 DEBUG 36788 --- [CNJ70 Ecommerce] [  restartedMain] .m.c.i.MongoPersistentEntityIndexCreator : Analyzing class class com.ecommerce.cnj70.document.Product for index information
2026-09-25T18:01:35.595+07:00 DEBUG 36788 --- [CNJ70 Ecommerce] [  restartedMain] .m.c.i.MongoPersistentEntityIndexCreator : Analyzing class class com.ecommerce.cnj70.document.Violation for index information
2026-09-25T18:01:35.929+07:00 DEBUG 36788 --- [CNJ70 Ecommerce] [  restartedMain] .m.c.i.MongoPersistentEntityIndexCreator : Analyzing class class com.ecommerce.cnj70.document.Complaint for index information
2026-09-25T18:01:36.480+07:00 DEBUG 36788 --- [CNJ70 Ecommerce] [  restartedMain] .m.c.i.MongoPersistentEntityIndexCreator : Analyzing class class com.ecommerce.cnj70.document.AuditLog for index information
2026-09-25T18:01:36.957+07:00 DEBUG 36788 --- [CNJ70 Ecommerce] [  restartedMain] .m.c.i.MongoPersistentEntityIndexCreator : Analyzing class class com.ecommerce.cnj70.document.Review for index information
2026-09-25T18:01:37.297+07:00 DEBUG 36788 --- [CNJ70 Ecommerce] [  restartedMain] .m.c.i.MongoPersistentEntityIndexCreator : Analyzing class class com.ecommerce.cnj70.document.Order$OrderItem for index information
2026-09-25T18:01:37.298+07:00 DEBUG 36788 --- [CNJ70 Ecommerce] [  restartedMain] .m.c.i.MongoPersistentEntityIndexCreator : Analyzing class class com.ecommerce.cnj70.document.Cart for index information
2026-09-25T18:01:37.406+07:00 DEBUG 36788 --- [CNJ70 Ecommerce] [  restartedMain] .m.c.i.MongoPersistentEntityIndexCreator : Analyzing class class com.ecommerce.cnj70.document.ModerationHistory for index information
2026-09-25T18:01:37.565+07:00 DEBUG 36788 --- [CNJ70 Ecommerce] [  restartedMain] .m.c.i.MongoPersistentEntityIndexCreator : Analyzing class class com.ecommerce.cnj70.document.Banner for index information
2026-09-25T18:01:37.796+07:00 DEBUG 36788 --- [CNJ70 Ecommerce] [  restartedMain] .m.c.i.MongoPersistentEntityIndexCreator : Analyzing class class com.ecommerce.cnj70.document.LegalDocument for index information
2026-09-25T18:01:37.876+07:00 DEBUG 36788 --- [CNJ70 Ecommerce] [  restartedMain] .m.c.i.MongoPersistentEntityIndexCreator : Analyzing class class com.ecommerce.cnj70.document.Voucher for index information
2026-09-25T18:01:37.958+07:00 DEBUG 36788 --- [CNJ70 Ecommerce] [  restartedMain] .m.c.i.MongoPersistentEntityIndexCreator : Analyzing class class com.ecommerce.cnj70.document.KycProfile for index information
2026-09-25T18:01:38.038+07:00 DEBUG 36788 --- [CNJ70 Ecommerce] [  restartedMain] .m.c.i.MongoPersistentEntityIndexCreator : Analyzing class class com.ecommerce.cnj70.document.ReturnRequest for index information
2026-09-25T18:01:38.543+07:00 DEBUG 36788 --- [CNJ70 Ecommerce] [  restartedMain] .m.c.i.MongoPersistentEntityIndexCreator : Analyzing class class com.ecommerce.cnj70.document.AuditLogEntry for index information
2026-09-25T18:01:39.295+07:00 DEBUG 36788 --- [CNJ70 Ecommerce] [  restartedMain] c.e.c.security.JwtAuthenticationFilter   : Filter 'jwtAuthenticationFilter' configured for use
2026-09-25T18:01:39.301+07:00  INFO 36788 --- [CNJ70 Ecommerce] [  restartedMain] o.s.b.d.a.OptionalLiveReloadServer       : LiveReload server is running on port 35729
2026-09-25T18:01:39.527+07:00  INFO 36788 --- [CNJ70 Ecommerce] [  restartedMain] c.ecommerce.cnj70.config.DotenvConfig    : Loaded environment variables from .env file
2026-09-25T18:01:40.590+07:00  INFO 36788 --- [CNJ70 Ecommerce] [  restartedMain] com.ecommerce.cnj70.util.CryptoUtil      : ENCRYPTION_KEY resolved from JVM system property
2026-09-25T18:01:40.606+07:00  INFO 36788 --- [CNJ70 Ecommerce] [  restartedMain] e.c.s.i.NoopAutoModerationResultProvider : NoopAutoModerationResultProvider active — Auto Moderation backend not wired in. Phase 2A UI will display 'Auto Moderation Result: not available'.
2026-09-25T18:01:40.630+07:00  INFO 36788 --- [CNJ70 Ecommerce] [  restartedMain] c.e.c.s.impl.LoggingEscalationWriter     : LoggingEscalationWriter active — Phase 3A Admin Escalation consumer not wired in. Escalations will be persisted to the 'escalations' collection only (no Admin notification).
2026-09-25T18:01:40.644+07:00  INFO 36788 --- [CNJ70 Ecommerce] [  restartedMain] c.e.c.s.i.NoopVerifiedPurchaseGateway    : NoopVerifiedPurchaseGateway active — Verified Purchase integration not wired in. Phase 2B UI will display 'Verified Purchase: not available'.
2026-09-25T18:01:40.647+07:00  INFO 36788 --- [CNJ70 Ecommerce] [  restartedMain] c.e.c.s.impl.NoopReviewReportGateway     : NoopReviewReportGateway active — ReportCase backend not wired in. Phase 2B UI will display 'Report Count: not available'.
2026-09-25T18:01:40.649+07:00  INFO 36788 --- [CNJ70 Ecommerce] [  restartedMain] c.s.i.NoopReviewViolationContextProvider : NoopReviewViolationContextProvider active — Review Violation backend not wired in. Phase 2B UI will display 'Auto Moderation Result: not available'.
2026-09-25T18:01:41.127+07:00  INFO 36788 --- [CNJ70 Ecommerce] [  restartedMain] o.s.s.web.DefaultSecurityFilterChain     : Will secure any request with [org.springframework.security.web.session.DisableEncodeUrlFilter@75038486, org.springframework.security.web.context.request.async.WebAsyncManagerIntegrationFilter@665040a9, org.springframework.security.web.context.SecurityContextHolderFilter@71d547f5, org.springframework.security.web.header.HeaderWriterFilter@251612ab, org.springframework.web.filter.CorsFilter@44631a46, org.springframework.security.web.authentication.logout.LogoutFilter@1650a205, com.ecommerce.cnj70.security.JwtAuthenticationFilter@6615214, org.springframework.security.web.savedrequest.RequestCacheAwareFilter@7d67eb76, org.springframework.security.web.servletapi.SecurityContextHolderAwareRequestFilter@68f12d3b, org.springframework.security.web.authentication.AnonymousAuthenticationFilter@4cb9b88b, org.springframework.security.web.session.SessionManagementFilter@672853ad, org.springframework.security.web.access.ExceptionTranslationFilter@551b34a5, org.springframework.security.web.access.intercept.AuthorizationFilter@3557a0a9]
2026-09-25T18:01:41.361+07:00  INFO 36788 --- [CNJ70 Ecommerce] [  restartedMain] o.s.b.w.embedded.tomcat.TomcatWebServer  : Tomcat started on port 8081 (http) with context path ''
2026-09-25T18:01:41.369+07:00  INFO 36788 --- [CNJ70 Ecommerce] [  restartedMain] c.e.cnj70.Cnj70EcommerceApplication      : Started Cnj70EcommerceApplication in 10.338 seconds (process running for 1214.11)
2026-09-25T18:01:41.371+07:00 DEBUG 36788 --- [CNJ70 Ecommerce] [  restartedMain] o.s.data.mongodb.core.MongoTemplate      : Executing count: {} in collection: legal_documents
2026-09-25T18:01:41.437+07:00  INFO 36788 --- [CNJ70 Ecommerce] [  restartedMain] c.e.cnj70.config.LegalDocumentSeeder     : [LegalDocumentSeeder] Legal documents already exist, skipping
2026-09-25T18:01:41.444+07:00 DEBUG 36788 --- [CNJ70 Ecommerce] [  restartedMain] o.s.data.mongodb.core.MongoTemplate      : find using query: {} fields: Document{{}} for class: class com.ecommerce.cnj70.document.Product in collection: products
2026-09-25T18:01:41.598+07:00 DEBUG 36788 --- [CNJ70 Ecommerce] [  restartedMain] o.s.data.mongodb.core.MongoTemplate      : Saving Document containing fields: [_id, shopId, shopName, name, description, price, stock, specifications, variants, status, moderationStatus, moderationActorId, moderationReason, moderationAt, rating, reviewCount, sold, createdAt, updatedAt, _class]
2026-09-25T18:01:41.668+07:00 DEBUG 36788 --- [CNJ70 Ecommerce] [  restartedMain] o.s.data.mongodb.core.MongoTemplate      : Saving Document containing fields: [_id, shopId, shopName, name, description, price, stock, specifications, variants, status, moderationStatus, moderationActorId, moderationAt, rating, reviewCount, sold, createdAt, updatedAt, _class]
2026-09-25T18:01:41.739+07:00 DEBUG 36788 --- [CNJ70 Ecommerce] [  restartedMain] o.s.data.mongodb.core.MongoTemplate      : Saving Document containing fields: [_id, shopId, shopName, name, description, price, stock, specifications, variants, status, moderationStatus, rating, reviewCount, sold, createdAt, updatedAt, _class]
2026-09-25T18:01:41.807+07:00  INFO 36788 --- [CNJ70 Ecommerce] [  restartedMain] c.e.cnj70.config.SoldCountSeeder         : Đã seed số 'Đã bán' cho 3 sản phẩm.
2026-09-25T18:01:41.812+07:00  INFO 36788 --- [CNJ70 Ecommerce] [  restartedMain] .ConditionEvaluationDeltaLoggingListener : Condition evaluation unchanged
2026-09-25T18:01:54.798+07:00  INFO 36788 --- [CNJ70 Ecommerce] [nio-8081-exec-1] o.a.c.c.C.[Tomcat-1].[localhost].[/]     : Initializing Spring DispatcherServlet 'dispatcherServlet'
2026-09-25T18:01:54.800+07:00  INFO 36788 --- [CNJ70 Ecommerce] [nio-8081-exec-1] o.s.web.servlet.DispatcherServlet        : Initializing Servlet 'dispatcherServlet'
2026-09-25T18:01:54.803+07:00  INFO 36788 --- [CNJ70 Ecommerce] [nio-8081-exec-1] o.s.web.servlet.DispatcherServlet        : Completed initialization in 2 ms
2026-09-25T18:01:54.805+07:00 DEBUG 36788 --- [CNJ70 Ecommerce] [nio-8081-exec-1] o.s.security.web.FilterChainProxy        : Securing GET /moderator/violations
2026-09-25T18:01:54.824+07:00 DEBUG 36788 --- [CNJ70 Ecommerce] [nio-8081-exec-1] o.s.d.m.r.query.MongoQueryCreator        : Created query Query: { "email" : "moderator_test@gmail.com"}, Fields: {}, Sort: {}
2026-09-25T18:01:54.826+07:00 DEBUG 36788 --- [CNJ70 Ecommerce] [nio-8081-exec-1] o.s.data.mongodb.core.MongoTemplate      : find using query: { "email" : "moderator_test@gmail.com"} fields: Document{{}} for class: class com.ecommerce.cnj70.document.User in collection: users
2026-09-25T18:01:54.899+07:00  WARN 36788 --- [CNJ70 Ecommerce] [nio-8081-exec-1] o.s.w.s.h.HandlerMappingIntrospector     : Cache miss for REQUEST dispatch to '/moderator/violations' (previous null). Performing MatchableHandlerMapping lookup. This is logged once only at WARN level, and every time at TRACE.
2026-09-25T18:01:54.906+07:00 DEBUG 36788 --- [CNJ70 Ecommerce] [nio-8081-exec-1] o.s.security.web.FilterChainProxy        : Secured GET /moderator/violations
2026-09-25T18:01:54.910+07:00 DEBUG 36788 --- [CNJ70 Ecommerce] [nio-8081-exec-1] o.s.d.m.r.query.MongoQueryCreator        : Created query Query: { "email" : "moderator_test@gmail.com"}, Fields: {}, Sort: {}
2026-09-25T18:01:54.911+07:00 DEBUG 36788 --- [CNJ70 Ecommerce] [nio-8081-exec-1] o.s.data.mongodb.core.MongoTemplate      : find using query: { "email" : "moderator_test@gmail.com"} fields: Document{{}} for class: class com.ecommerce.cnj70.document.User in collection: users
2026-09-25T18:01:54.976+07:00 DEBUG 36788 --- [CNJ70 Ecommerce] [nio-8081-exec-1] o.s.data.mongodb.core.MongoTemplate      : find using query: {} fields: Document{{}} for class: class com.ecommerce.cnj70.document.Voucher in collection: vouchers
2026-09-25T18:01:55.061+07:00 DEBUG 36788 --- [CNJ70 Ecommerce] [nio-8081-exec-1] o.s.data.mongodb.core.MongoTemplate      : Executing count: {} in collection: violations
2026-09-25T18:01:55.126+07:00 DEBUG 36788 --- [CNJ70 Ecommerce] [nio-8081-exec-1] o.s.data.mongodb.core.MongoTemplate      : find using query: {} fields: Document{{}} for class: class com.ecommerce.cnj70.document.Violation in collection: violations
2026-09-25T18:01:55.293+07:00 DEBUG 36788 --- [CNJ70 Ecommerce] [nio-8081-exec-3] o.s.security.web.FilterChainProxy        : Securing GET /css/dashboard.css
2026-09-25T18:01:55.294+07:00 DEBUG 36788 --- [CNJ70 Ecommerce] [nio-8081-exec-2] o.s.security.web.FilterChainProxy        : Securing GET /css/admin-dashboard.css
2026-09-25T18:01:55.294+07:00 DEBUG 36788 --- [CNJ70 Ecommerce] [nio-8081-exec-4] o.s.security.web.FilterChainProxy        : Securing GET /css/foundation/index.css
2026-09-25T18:01:55.299+07:00 DEBUG 36788 --- [CNJ70 Ecommerce] [nio-8081-exec-3] o.s.d.m.r.query.MongoQueryCreator        : Created query Query: { "email" : "moderator_test@gmail.com"}, Fields: {}, Sort: {}
2026-09-25T18:01:55.300+07:00 DEBUG 36788 --- [CNJ70 Ecommerce] [nio-8081-exec-4] o.s.d.m.r.query.MongoQueryCreator        : Created query Query: { "email" : "moderator_test@gmail.com"}, Fields: {}, Sort: {}
2026-09-25T18:01:55.300+07:00 DEBUG 36788 --- [CNJ70 Ecommerce] [nio-8081-exec-2] o.s.d.m.r.query.MongoQueryCreator        : Created query Query: { "email" : "moderator_test@gmail.com"}, Fields: {}, Sort: {}
2026-09-25T18:01:55.300+07:00 DEBUG 36788 --- [CNJ70 Ecommerce] [nio-8081-exec-3] o.s.data.mongodb.core.MongoTemplate      : find using query: { "email" : "moderator_test@gmail.com"} fields: Document{{}} for class: class com.ecommerce.cnj70.document.User in collection: users
2026-09-25T18:01:55.301+07:00 DEBUG 36788 --- [CNJ70 Ecommerce] [nio-8081-exec-2] o.s.data.mongodb.core.MongoTemplate      : find using query: { "email" : "moderator_test@gmail.com"} fields: Document{{}} for class: class com.ecommerce.cnj70.document.User in collection: users
2026-09-25T18:01:55.301+07:00 DEBUG 36788 --- [CNJ70 Ecommerce] [nio-8081-exec-4] o.s.data.mongodb.core.MongoTemplate      : find using query: { "email" : "moderator_test@gmail.com"} fields: Document{{}} for class: class com.ecommerce.cnj70.document.User in collection: users
2026-09-25T18:01:55.369+07:00 DEBUG 36788 --- [CNJ70 Ecommerce] [nio-8081-exec-3] o.s.security.web.FilterChainProxy        : Secured GET /css/dashboard.css
2026-09-25T18:01:55.381+07:00 DEBUG 36788 --- [CNJ70 Ecommerce] [nio-8081-exec-5] o.s.security.web.FilterChainProxy        : Securing GET /css/admin-ui.css
2026-09-25T18:01:55.386+07:00 DEBUG 36788 --- [CNJ70 Ecommerce] [nio-8081-exec-5] o.s.d.m.r.query.MongoQueryCreator        : Created query Query: { "email" : "moderator_test@gmail.com"}, Fields: {}, Sort: {}
2026-09-25T18:01:55.386+07:00 DEBUG 36788 --- [CNJ70 Ecommerce] [nio-8081-exec-5] o.s.data.mongodb.core.MongoTemplate      : find using query: { "email" : "moderator_test@gmail.com"} fields: Document{{}} for class: class com.ecommerce.cnj70.document.User in collection: users
2026-09-25T18:01:55.453+07:00 DEBUG 36788 --- [CNJ70 Ecommerce] [nio-8081-exec-5] o.s.security.web.FilterChainProxy        : Secured GET /css/admin-ui.css
2026-09-25T18:01:55.631+07:00 DEBUG 36788 --- [CNJ70 Ecommerce] [nio-8081-exec-2] o.s.security.web.FilterChainProxy        : Secured GET /css/admin-dashboard.css
2026-09-25T18:01:55.675+07:00 DEBUG 36788 --- [CNJ70 Ecommerce] [nio-8081-exec-4] o.s.security.web.FilterChainProxy        : Secured GET /css/foundation/index.css
2026-09-25T18:01:55.683+07:00 DEBUG 36788 --- [CNJ70 Ecommerce] [nio-8081-exec-7] o.s.security.web.FilterChainProxy        : Securing GET /css/foundation/base.css
2026-09-25T18:01:55.683+07:00 DEBUG 36788 --- [CNJ70 Ecommerce] [nio-8081-exec-6] o.s.security.web.FilterChainProxy        : Securing GET /css/foundation/tokens.css
2026-09-25T18:01:55.683+07:00 DEBUG 36788 --- [CNJ70 Ecommerce] [nio-8081-exec-8] o.s.security.web.FilterChainProxy        : Securing GET /css/foundation/components.css
2026-09-25T18:01:55.683+07:00 DEBUG 36788 --- [CNJ70 Ecommerce] [nio-8081-exec-6] o.s.d.m.r.query.MongoQueryCreator        : Created query Query: { "email" : "moderator_test@gmail.com"}, Fields: {}, Sort: {}
2026-09-25T18:01:55.683+07:00 DEBUG 36788 --- [CNJ70 Ecommerce] [nio-8081-exec-8] o.s.d.m.r.query.MongoQueryCreator        : Created query Query: { "email" : "moderator_test@gmail.com"}, Fields: {}, Sort: {}
2026-09-25T18:01:55.683+07:00 DEBUG 36788 --- [CNJ70 Ecommerce] [nio-8081-exec-7] o.s.d.m.r.query.MongoQueryCreator        : Created query Query: { "email" : "moderator_test@gmail.com"}, Fields: {}, Sort: {}
2026-09-25T18:01:55.683+07:00 DEBUG 36788 --- [CNJ70 Ecommerce] [nio-8081-exec-6] o.s.data.mongodb.core.MongoTemplate      : find using query: { "email" : "moderator_test@gmail.com"} fields: Document{{}} for class: class com.ecommerce.cnj70.document.User in collection: users
2026-09-25T18:01:55.683+07:00 DEBUG 36788 --- [CNJ70 Ecommerce] [nio-8081-exec-8] o.s.data.mongodb.core.MongoTemplate      : find using query: { "email" : "moderator_test@gmail.com"} fields: Document{{}} for class: class com.ecommerce.cnj70.document.User in collection: users
2026-09-25T18:01:55.683+07:00 DEBUG 36788 --- [CNJ70 Ecommerce] [nio-8081-exec-7] o.s.data.mongodb.core.MongoTemplate      : find using query: { "email" : "moderator_test@gmail.com"} fields: Document{{}} for class: class com.ecommerce.cnj70.document.User in collection: users
2026-09-25T18:01:55.740+07:00 DEBUG 36788 --- [CNJ70 Ecommerce] [nio-8081-exec-8] o.s.security.web.FilterChainProxy        : Secured GET /css/foundation/components.css
2026-09-25T18:01:55.745+07:00 DEBUG 36788 --- [CNJ70 Ecommerce] [nio-8081-exec-6] o.s.security.web.FilterChainProxy        : Secured GET /css/foundation/tokens.css
2026-09-25T18:01:55.745+07:00 DEBUG 36788 --- [CNJ70 Ecommerce] [nio-8081-exec-9] o.s.security.web.FilterChainProxy        : Securing GET /css/foundation/layout.css
2026-09-25T18:01:55.749+07:00 DEBUG 36788 --- [CNJ70 Ecommerce] [nio-8081-exec-9] o.s.d.m.r.query.MongoQueryCreator        : Created query Query: { "email" : "moderator_test@gmail.com"}, Fields: {}, Sort: {}
2026-09-25T18:01:55.750+07:00 DEBUG 36788 --- [CNJ70 Ecommerce] [nio-8081-exec-9] o.s.data.mongodb.core.MongoTemplate      : find using query: { "email" : "moderator_test@gmail.com"} fields: Document{{}} for class: class com.ecommerce.cnj70.document.User in collection: users
2026-09-25T18:01:55.751+07:00 DEBUG 36788 --- [CNJ70 Ecommerce] [io-8081-exec-10] o.s.security.web.FilterChainProxy        : Securing GET /css/foundation/responsive.css
2026-09-25T18:01:55.753+07:00 DEBUG 36788 --- [CNJ70 Ecommerce] [io-8081-exec-10] o.s.d.m.r.query.MongoQueryCreator        : Created query Query: { "email" : "moderator_test@gmail.com"}, Fields: {}, Sort: {}
2026-09-25T18:01:55.753+07:00 DEBUG 36788 --- [CNJ70 Ecommerce] [nio-8081-exec-7] o.s.security.web.FilterChainProxy        : Secured GET /css/foundation/base.css
2026-09-25T18:01:55.754+07:00 DEBUG 36788 --- [CNJ70 Ecommerce] [io-8081-exec-10] o.s.data.mongodb.core.MongoTemplate      : find using query: { "email" : "moderator_test@gmail.com"} fields: Document{{}} for class: class com.ecommerce.cnj70.document.User in collection: users
2026-09-25T18:01:55.759+07:00 DEBUG 36788 --- [CNJ70 Ecommerce] [nio-8081-exec-1] o.s.security.web.FilterChainProxy        : Securing GET /css/foundation/accessibility.css
2026-09-25T18:01:55.761+07:00 DEBUG 36788 --- [CNJ70 Ecommerce] [nio-8081-exec-1] o.s.d.m.r.query.MongoQueryCreator        : Created query Query: { "email" : "moderator_test@gmail.com"}, Fields: {}, Sort: {}
2026-09-25T18:01:55.762+07:00 DEBUG 36788 --- [CNJ70 Ecommerce] [nio-8081-exec-1] o.s.data.mongodb.core.MongoTemplate      : find using query: { "email" : "moderator_test@gmail.com"} fields: Document{{}} for class: class com.ecommerce.cnj70.document.User in collection: users
2026-09-25T18:01:55.805+07:00 DEBUG 36788 --- [CNJ70 Ecommerce] [nio-8081-exec-9] o.s.security.web.FilterChainProxy        : Secured GET /css/foundation/layout.css
2026-09-25T18:01:55.811+07:00 DEBUG 36788 --- [CNJ70 Ecommerce] [nio-8081-exec-1] o.s.security.web.FilterChainProxy        : Secured GET /css/foundation/accessibility.css
2026-09-25T18:01:55.819+07:00 DEBUG 36788 --- [CNJ70 Ecommerce] [io-8081-exec-10] o.s.security.web.FilterChainProxy        : Secured GET /css/foundation/responsive.css
2026-09-25T18:02:08.982+07:00 DEBUG 36788 --- [CNJ70 Ecommerce] [nio-8081-exec-3] o.s.security.web.FilterChainProxy        : Securing GET /moderator/violations/6ab61d7259fb2a46a9b1163b?page=0&size=10&severity=&type=
2026-09-25T18:02:08.987+07:00 DEBUG 36788 --- [CNJ70 Ecommerce] [nio-8081-exec-3] o.s.d.m.r.query.MongoQueryCreator        : Created query Query: { "email" : "moderator_test@gmail.com"}, Fields: {}, Sort: {}
2026-09-25T18:02:08.988+07:00 DEBUG 36788 --- [CNJ70 Ecommerce] [nio-8081-exec-3] o.s.data.mongodb.core.MongoTemplate      : find using query: { "email" : "moderator_test@gmail.com"} fields: Document{{}} for class: class com.ecommerce.cnj70.document.User in collection: users
2026-09-25T18:02:09.059+07:00 DEBUG 36788 --- [CNJ70 Ecommerce] [nio-8081-exec-3] o.s.security.web.FilterChainProxy        : Secured GET /moderator/violations/6ab61d7259fb2a46a9b1163b?page=0&size=10&severity=&type=
2026-09-25T18:02:09.061+07:00 DEBUG 36788 --- [CNJ70 Ecommerce] [nio-8081-exec-3] o.s.d.m.r.query.MongoQueryCreator        : Created query Query: { "email" : "moderator_test@gmail.com"}, Fields: {}, Sort: {}
2026-09-25T18:02:09.062+07:00 DEBUG 36788 --- [CNJ70 Ecommerce] [nio-8081-exec-3] o.s.data.mongodb.core.MongoTemplate      : find using query: { "email" : "moderator_test@gmail.com"} fields: Document{{}} for class: class com.ecommerce.cnj70.document.User in collection: users
2026-09-25T18:02:09.127+07:00 DEBUG 36788 --- [CNJ70 Ecommerce] [nio-8081-exec-3] o.s.data.mongodb.core.MongoTemplate      : find using query: {} fields: Document{{}} for class: class com.ecommerce.cnj70.document.Voucher in collection: vouchers
2026-09-25T18:02:09.322+07:00 DEBUG 36788 --- [CNJ70 Ecommerce] [nio-8081-exec-3] o.s.data.mongodb.core.MongoTemplate      : findOne using query: { "id" : "6a86ac30add146680e49cf64"} fields: Document{{}} for class: class com.ecommerce.cnj70.document.Shop in collection: shops
2026-09-25T18:02:09.436+07:00 DEBUG 36788 --- [CNJ70 Ecommerce] [nio-8081-exec-4] o.s.security.web.FilterChainProxy        : Securing GET /css/foundation/index.css
2026-09-25T18:02:09.436+07:00 DEBUG 36788 --- [CNJ70 Ecommerce] [nio-8081-exec-2] o.s.security.web.FilterChainProxy        : Securing GET /css/admin-dashboard.css
2026-09-25T18:02:09.436+07:00 DEBUG 36788 --- [CNJ70 Ecommerce] [nio-8081-exec-5] o.s.security.web.FilterChainProxy        : Securing GET /css/dashboard.css
2026-09-25T18:02:09.426+07:00 ERROR 36788 --- [CNJ70 Ecommerce] [nio-8081-exec-3] org.thymeleaf.TemplateEngine             : [THYMELEAF][http-nio-8081-exec-3] Exception processing template "moderator/violation-detail": An error happened during template parsing (template: "class path resource [templates/moderator/violation-detail.html]")

org.thymeleaf.exceptions.TemplateInputException: An error happened during template parsing (template: "class path resource [templates/moderator/violation-detail.html]")
	at org.thymeleaf.templateparser.markup.AbstractMarkupTemplateParser.parse(AbstractMarkupTemplateParser.java:241) ~[thymeleaf-3.1.2.RELEASE.jar:3.1.2.RELEASE]
	at org.thymeleaf.templateparser.markup.AbstractMarkupTemplateParser.parseStandalone(AbstractMarkupTemplateParser.java:100) ~[thymeleaf-3.1.2.RELEASE.jar:3.1.2.RELEASE]
	at org.thymeleaf.engine.TemplateManager.parseAndProcess(TemplateManager.java:666) ~[thymeleaf-3.1.2.RELEASE.jar:3.1.2.RELEASE]
	at org.thymeleaf.TemplateEngine.process(TemplateEngine.java:1103) ~[thymeleaf-3.1.2.RELEASE.jar:3.1.2.RELEASE]
	at org.thymeleaf.TemplateEngine.process(TemplateEngine.java:1077) ~[thymeleaf-3.1.2.RELEASE.jar:3.1.2.RELEASE]
	at org.thymeleaf.spring6.view.ThymeleafView.renderFragment(ThymeleafView.java:372) ~[thymeleaf-spring6-3.1.2.RELEASE.jar:3.1.2.RELEASE]
	at org.thymeleaf.spring6.view.ThymeleafView.render(ThymeleafView.java:192) ~[thymeleaf-spring6-3.1.2.RELEASE.jar:3.1.2.RELEASE]
	at org.springframework.web.servlet.DispatcherServlet.render(DispatcherServlet.java:1431) ~[spring-webmvc-6.1.1.jar:6.1.1]
	at org.springframework.web.servlet.DispatcherServlet.processDispatchResult(DispatcherServlet.java:1167) ~[spring-webmvc-6.1.1.jar:6.1.1]
	at org.springframework.web.servlet.DispatcherServlet.doDispatch(DispatcherServlet.java:1106) ~[spring-webmvc-6.1.1.jar:6.1.1]
	at org.springframework.web.servlet.DispatcherServlet.doService(DispatcherServlet.java:979) ~[spring-webmvc-6.1.1.jar:6.1.1]
	at org.springframework.web.servlet.FrameworkServlet.processRequest(FrameworkServlet.java:1014) ~[spring-webmvc-6.1.1.jar:6.1.1]
	at org.springframework.web.servlet.FrameworkServlet.doGet(FrameworkServlet.java:903) ~[spring-webmvc-6.1.1.jar:6.1.1]
	at jakarta.servlet.http.HttpServlet.service(HttpServlet.java:564) ~[tomcat-embed-core-10.1.16.jar:6.0]
	at org.springframework.web.servlet.FrameworkServlet.service(FrameworkServlet.java:885) ~[spring-webmvc-6.1.1.jar:6.1.1]
	at jakarta.servlet.http.HttpServlet.service(HttpServlet.java:658) ~[tomcat-embed-core-10.1.16.jar:6.0]
	at org.apache.catalina.core.ApplicationFilterChain.internalDoFilter(ApplicationFilterChain.java:205) ~[tomcat-embed-core-10.1.16.jar:10.1.16]
	at org.apache.catalina.core.ApplicationFilterChain.doFilter(ApplicationFilterChain.java:149) ~[tomcat-embed-core-10.1.16.jar:10.1.16]
	at org.apache.tomcat.websocket.server.WsFilter.doFilter(WsFilter.java:51) ~[tomcat-embed-websocket-10.1.16.jar:10.1.16]
	at org.apache.catalina.core.ApplicationFilterChain.internalDoFilter(ApplicationFilterChain.java:174) ~[tomcat-embed-core-10.1.16.jar:10.1.16]
	at org.apache.catalina.core.ApplicationFilterChain.doFilter(ApplicationFilterChain.java:149) ~[tomcat-embed-core-10.1.16.jar:10.1.16]
	at org.springframework.web.filter.OncePerRequestFilter.doFilter(OncePerRequestFilter.java:110) ~[spring-web-6.1.1.jar:6.1.1]
	at org.apache.catalina.core.ApplicationFilterChain.internalDoFilter(ApplicationFilterChain.java:174) ~[tomcat-embed-core-10.1.16.jar:10.1.16]
	at org.apache.catalina.core.ApplicationFilterChain.doFilter(ApplicationFilterChain.java:149) ~[tomcat-embed-core-10.1.16.jar:10.1.16]
	at org.springframework.security.web.FilterChainProxy.lambda$doFilterInternal$3(FilterChainProxy.java:231) ~[spring-security-web-6.2.0.jar:6.2.0]
	at org.springframework.security.web.FilterChainProxy$VirtualFilterChain.doFilter(FilterChainProxy.java:365) ~[spring-security-web-6.2.0.jar:6.2.0]
	at org.springframework.security.web.access.intercept.AuthorizationFilter.doFilter(AuthorizationFilter.java:100) ~[spring-security-web-6.2.0.jar:6.2.0]
	at org.springframework.security.web.FilterChainProxy$VirtualFilterChain.doFilter(FilterChainProxy.java:374) ~[spring-security-web-6.2.0.jar:6.2.0]
	at org.springframework.security.web.access.ExceptionTranslationFilter.doFilter(ExceptionTranslationFilter.java:126) ~[spring-security-web-6.2.0.jar:6.2.0]
	at org.springframework.security.web.access.ExceptionTranslationFilter.doFilter(ExceptionTranslationFilter.java:120) ~[spring-security-web-6.2.0.jar:6.2.0]
	at org.springframework.security.web.FilterChainProxy$VirtualFilterChain.doFilter(FilterChainProxy.java:374) ~[spring-security-web-6.2.0.jar:6.2.0]
	at org.springframework.security.web.session.SessionManagementFilter.doFilter(SessionManagementFilter.java:131) ~[spring-security-web-6.2.0.jar:6.2.0]
	at org.springframework.security.web.session.SessionManagementFilter.doFilter(SessionManagementFilter.java:85) ~[spring-security-web-6.2.0.jar:6.2.0]
	at org.springframework.security.web.FilterChainProxy$VirtualFilterChain.doFilter(FilterChainProxy.java:374) ~[spring-security-web-6.2.0.jar:6.2.0]
	at org.springframework.security.web.authentication.AnonymousAuthenticationFilter.doFilter(AnonymousAuthenticationFilter.java:100) ~[spring-security-web-6.2.0.jar:6.2.0]
	at org.springframework.security.web.FilterChainProxy$VirtualFilterChain.doFilter(FilterChainProxy.java:374) ~[spring-security-web-6.2.0.jar:6.2.0]
	at org.springframework.security.web.servletapi.SecurityContextHolderAwareRequestFilter.doFilter(SecurityContextHolderAwareRequestFilter.java:179) ~[spring-security-web-6.2.0.jar:6.2.0]
	at org.springframework.security.web.FilterChainProxy$VirtualFilterChain.doFilter(FilterChainProxy.java:374) ~[spring-security-web-6.2.0.jar:6.2.0]
	at org.springframework.security.web.savedrequest.RequestCacheAwareFilter.doFilter(RequestCacheAwareFilter.java:63) ~[spring-security-web-6.2.0.jar:6.2.0]
	at org.springframework.security.web.FilterChainProxy$VirtualFilterChain.doFilter(FilterChainProxy.java:374) ~[spring-security-web-6.2.0.jar:6.2.0]
	at com.ecommerce.cnj70.security.JwtAuthenticationFilter.doFilterInternal(JwtAuthenticationFilter.java:70) ~[classes/:na]
	at org.springframework.web.filter.OncePerRequestFilter.doFilter(OncePerRequestFilter.java:116) ~[spring-web-6.1.1.jar:6.1.1]
	at org.springframework.security.web.FilterChainProxy$VirtualFilterChain.doFilter(FilterChainProxy.java:374) ~[spring-security-web-6.2.0.jar:6.2.0]
	at org.springframework.security.web.authentication.logout.LogoutFilter.doFilter(LogoutFilter.java:107) ~[spring-security-web-6.2.0.jar:6.2.0]
	at org.springframework.security.web.authentication.logout.LogoutFilter.doFilter(LogoutFilter.java:93) ~[spring-security-web-6.2.0.jar:6.2.0]
	at org.springframework.security.web.FilterChainProxy$VirtualFilterChain.doFilter(FilterChainProxy.java:374) ~[spring-security-web-6.2.0.jar:6.2.0]
	at org.springframework.web.filter.CorsFilter.doFilterInternal(CorsFilter.java:91) ~[spring-web-6.1.1.jar:6.1.1]
	at org.springframework.web.filter.OncePerRequestFilter.doFilter(OncePerRequestFilter.java:116) ~[spring-web-6.1.1.jar:6.1.1]
	at org.springframework.security.web.FilterChainProxy$VirtualFilterChain.doFilter(FilterChainProxy.java:374) ~[spring-security-web-6.2.0.jar:6.2.0]
	at org.springframework.security.web.header.HeaderWriterFilter.doHeadersAfter(HeaderWriterFilter.java:90) ~[spring-security-web-6.2.0.jar:6.2.0]
	at org.springframework.security.web.header.HeaderWriterFilter.doFilterInternal(HeaderWriterFilter.java:75) ~[spring-security-web-6.2.0.jar:6.2.0]
	at org.springframework.web.filter.OncePerRequestFilter.doFilter(OncePerRequestFilter.java:116) ~[spring-web-6.1.1.jar:6.1.1]
	at org.springframework.security.web.FilterChainProxy$VirtualFilterChain.doFilter(FilterChainProxy.java:374) ~[spring-security-web-6.2.0.jar:6.2.0]
	at org.springframework.security.web.context.SecurityContextHolderFilter.doFilter(SecurityContextHolderFilter.java:82) ~[spring-security-web-6.2.0.jar:6.2.0]
	at org.springframework.security.web.context.SecurityContextHolderFilter.doFilter(SecurityContextHolderFilter.java:69) ~[spring-security-web-6.2.0.jar:6.2.0]
	at org.springframework.security.web.FilterChainProxy$VirtualFilterChain.doFilter(FilterChainProxy.java:374) ~[spring-security-web-6.2.0.jar:6.2.0]
	at org.springframework.security.web.context.request.async.WebAsyncManagerIntegrationFilter.doFilterInternal(WebAsyncManagerIntegrationFilter.java:62) ~[spring-security-web-6.2.0.jar:6.2.0]
	at org.springframework.web.filter.OncePerRequestFilter.doFilter(OncePerRequestFilter.java:116) ~[spring-web-6.1.1.jar:6.1.1]
	at org.springframework.security.web.FilterChainProxy$VirtualFilterChain.doFilter(FilterChainProxy.java:374) ~[spring-security-web-6.2.0.jar:6.2.0]
	at org.springframework.security.web.session.DisableEncodeUrlFilter.doFilterInternal(DisableEncodeUrlFilter.java:42) ~[spring-security-web-6.2.0.jar:6.2.0]
	at org.springframework.web.filter.OncePerRequestFilter.doFilter(OncePerRequestFilter.java:116) ~[spring-web-6.1.1.jar:6.1.1]
	at org.springframework.security.web.FilterChainProxy$VirtualFilterChain.doFilter(FilterChainProxy.java:374) ~[spring-security-web-6.2.0.jar:6.2.0]
	at org.springframework.security.web.FilterChainProxy.doFilterInternal(FilterChainProxy.java:233) ~[spring-security-web-6.2.0.jar:6.2.0]
	at org.springframework.security.web.FilterChainProxy.doFilter(FilterChainProxy.java:191) ~[spring-security-web-6.2.0.jar:6.2.0]
	at org.springframework.web.filter.DelegatingFilterProxy.invokeDelegate(DelegatingFilterProxy.java:352) ~[spring-web-6.1.1.jar:6.1.1]
	at org.springframework.web.filter.DelegatingFilterProxy.doFilter(DelegatingFilterProxy.java:268) ~[spring-web-6.1.1.jar:6.1.1]
	at org.apache.catalina.core.ApplicationFilterChain.internalDoFilter(ApplicationFilterChain.java:174) ~[tomcat-embed-core-10.1.16.jar:10.1.16]
	at org.apache.catalina.core.ApplicationFilterChain.doFilter(ApplicationFilterChain.java:149) ~[tomcat-embed-core-10.1.16.jar:10.1.16]
	at org.springframework.web.filter.RequestContextFilter.doFilterInternal(RequestContextFilter.java:100) ~[spring-web-6.1.1.jar:6.1.1]
	at org.springframework.web.filter.OncePerRequestFilter.doFilter(OncePerRequestFilter.java:116) ~[spring-web-6.1.1.jar:6.1.1]
	at org.apache.catalina.core.ApplicationFilterChain.internalDoFilter(ApplicationFilterChain.java:174) ~[tomcat-embed-core-10.1.16.jar:10.1.16]
	at org.apache.catalina.core.ApplicationFilterChain.doFilter(ApplicationFilterChain.java:149) ~[tomcat-embed-core-10.1.16.jar:10.1.16]
	at org.springframework.web.filter.FormContentFilter.doFilterInternal(FormContentFilter.java:93) ~[spring-web-6.1.1.jar:6.1.1]
	at org.springframework.web.filter.OncePerRequestFilter.doFilter(OncePerRequestFilter.java:116) ~[spring-web-6.1.1.jar:6.1.1]
	at org.apache.catalina.core.ApplicationFilterChain.internalDoFilter(ApplicationFilterChain.java:174) ~[tomcat-embed-core-10.1.16.jar:10.1.16]
	at org.apache.catalina.core.ApplicationFilterChain.doFilter(ApplicationFilterChain.java:149) ~[tomcat-embed-core-10.1.16.jar:10.1.16]
	at org.springframework.web.filter.CharacterEncodingFilter.doFilterInternal(CharacterEncodingFilter.java:201) ~[spring-web-6.1.1.jar:6.1.1]
	at org.springframework.web.filter.OncePerRequestFilter.doFilter(OncePerRequestFilter.java:116) ~[spring-web-6.1.1.jar:6.1.1]
	at org.apache.catalina.core.ApplicationFilterChain.internalDoFilter(ApplicationFilterChain.java:174) ~[tomcat-embed-core-10.1.16.jar:10.1.16]
	at org.apache.catalina.core.ApplicationFilterChain.doFilter(ApplicationFilterChain.java:149) ~[tomcat-embed-core-10.1.16.jar:10.1.16]
	at org.apache.catalina.core.StandardWrapperValve.invoke(StandardWrapperValve.java:167) ~[tomcat-embed-core-10.1.16.jar:10.1.16]
	at org.apache.catalina.core.StandardContextValve.invoke(StandardContextValve.java:90) ~[tomcat-embed-core-10.1.16.jar:10.1.16]
	at org.apache.catalina.authenticator.AuthenticatorBase.invoke(AuthenticatorBase.java:482) ~[tomcat-embed-core-10.1.16.jar:10.1.16]
	at org.apache.catalina.core.StandardHostValve.invoke(StandardHostValve.java:115) ~[tomcat-embed-core-10.1.16.jar:10.1.16]
	at org.apache.catalina.valves.ErrorReportValve.invoke(ErrorReportValve.java:93) ~[tomcat-embed-core-10.1.16.jar:10.1.16]
	at org.apache.catalina.core.StandardEngineValve.invoke(StandardEngineValve.java:74) ~[tomcat-embed-core-10.1.16.jar:10.1.16]
	at org.apache.catalina.connector.CoyoteAdapter.service(CoyoteAdapter.java:340) ~[tomcat-embed-core-10.1.16.jar:10.1.16]
	at org.apache.coyote.http11.Http11Processor.service(Http11Processor.java:391) ~[tomcat-embed-core-10.1.16.jar:10.1.16]
	at org.apache.coyote.AbstractProcessorLight.process(AbstractProcessorLight.java:63) ~[tomcat-embed-core-10.1.16.jar:10.1.16]
	at org.apache.coyote.AbstractProtocol$ConnectionHandler.process(AbstractProtocol.java:896) ~[tomcat-embed-core-10.1.16.jar:10.1.16]
	at org.apache.tomcat.util.net.NioEndpoint$SocketProcessor.doRun(NioEndpoint.java:1744) ~[tomcat-embed-core-10.1.16.jar:10.1.16]
	at org.apache.tomcat.util.net.SocketProcessorBase.run(SocketProcessorBase.java:52) ~[tomcat-embed-core-10.1.16.jar:10.1.16]
	at org.apache.tomcat.util.threads.ThreadPoolExecutor.runWorker(ThreadPoolExecutor.java:1191) ~[tomcat-embed-core-10.1.16.jar:10.1.16]
	at org.apache.tomcat.util.threads.ThreadPoolExecutor$Worker.run(ThreadPoolExecutor.java:659) ~[tomcat-embed-core-10.1.16.jar:10.1.16]
	at org.apache.tomcat.util.threads.TaskThread$WrappingRunnable.run(TaskThread.java:61) ~[tomcat-embed-core-10.1.16.jar:10.1.16]
	at java.base/java.lang.Thread.run(Thread.java:1583) ~[na:na]
Caused by: org.attoparser.ParseException: Exception evaluating SpringEL expression: "v.shopName" (template: "moderator/violation-detail" - line 131, col 35)
	at org.attoparser.MarkupParser.parseDocument(MarkupParser.java:393) ~[attoparser-2.0.7.RELEASE.jar:2.0.7.RELEASE]
	at org.attoparser.MarkupParser.parse(MarkupParser.java:257) ~[attoparser-2.0.7.RELEASE.jar:2.0.7.RELEASE]
	at org.thymeleaf.templateparser.markup.AbstractMarkupTemplateParser.parse(AbstractMarkupTemplateParser.java:230) ~[thymeleaf-3.1.2.RELEASE.jar:3.1.2.RELEASE]
	... 95 common frames omitted
Caused by: org.thymeleaf.exceptions.TemplateProcessingException: Exception evaluating SpringEL expression: "v.shopName" (template: "moderator/violation-detail" - line 131, col 35)
	at org.thymeleaf.spring6.expression.SPELVariableExpressionEvaluator.evaluate(SPELVariableExpressionEvaluator.java:292) ~[thymeleaf-spring6-3.1.2.RELEASE.jar:3.1.2.RELEASE]
	at org.thymeleaf.standard.expression.VariableExpression.executeVariableExpression(VariableExpression.java:166) ~[thymeleaf-3.1.2.RELEASE.jar:3.1.2.RELEASE]
	at org.thymeleaf.standard.expression.SimpleExpression.executeSimple(SimpleExpression.java:66) ~[thymeleaf-3.1.2.RELEASE.jar:3.1.2.RELEASE]
	at org.thymeleaf.standard.expression.Expression.execute(Expression.java:109) ~[thymeleaf-3.1.2.RELEASE.jar:3.1.2.RELEASE]
	at org.thymeleaf.standard.expression.Expression.execute(Expression.java:138) ~[thymeleaf-3.1.2.RELEASE.jar:3.1.2.RELEASE]
	at org.thymeleaf.standard.expression.DefaultExpression.executeDefault(DefaultExpression.java:162) ~[thymeleaf-3.1.2.RELEASE.jar:3.1.2.RELEASE]
	at org.thymeleaf.standard.expression.ComplexExpression.executeComplex(ComplexExpression.java:80) ~[thymeleaf-3.1.2.RELEASE.jar:3.1.2.RELEASE]
	at org.thymeleaf.standard.expression.Expression.execute(Expression.java:112) ~[thymeleaf-3.1.2.RELEASE.jar:3.1.2.RELEASE]
	at org.thymeleaf.standard.expression.Expression.execute(Expression.java:138) ~[thymeleaf-3.1.2.RELEASE.jar:3.1.2.RELEASE]
	at org.thymeleaf.standard.processor.AbstractStandardExpressionAttributeTagProcessor.doProcess(AbstractStandardExpressionAttributeTagProcessor.java:144) ~[thymeleaf-3.1.2.RELEASE.jar:3.1.2.RELEASE]
	at org.thymeleaf.processor.element.AbstractAttributeTagProcessor.doProcess(AbstractAttributeTagProcessor.java:74) ~[thymeleaf-3.1.2.RELEASE.jar:3.1.2.RELEASE]
	at org.thymeleaf.processor.element.AbstractElementTagProcessor.process(AbstractElementTagProcessor.java:95) ~[thymeleaf-3.1.2.RELEASE.jar:3.1.2.RELEASE]
	at org.thymeleaf.util.ProcessorConfigurationUtils$ElementTagProcessorWrapper.process(ProcessorConfigurationUtils.java:633) ~[thymeleaf-3.1.2.RELEASE.jar:3.1.2.RELEASE]
	at org.thymeleaf.engine.ProcessorTemplateHandler.handleOpenElement(ProcessorTemplateHandler.java:1314) ~[thymeleaf-3.1.2.RELEASE.jar:3.1.2.RELEASE]
	at org.thymeleaf.engine.OpenElementTag.beHandled(OpenElementTag.java:205) ~[thymeleaf-3.1.2.RELEASE.jar:3.1.2.RELEASE]
	at org.thymeleaf.engine.Model.process(Model.java:282) ~[thymeleaf-3.1.2.RELEASE.jar:3.1.2.RELEASE]
	at org.thymeleaf.engine.ProcessorTemplateHandler.handleOpenElement(ProcessorTemplateHandler.java:1587) ~[thymeleaf-3.1.2.RELEASE.jar:3.1.2.RELEASE]
	at org.thymeleaf.engine.OpenElementTag.beHandled(OpenElementTag.java:205) ~[thymeleaf-3.1.2.RELEASE.jar:3.1.2.RELEASE]
	at org.thymeleaf.engine.Model.process(Model.java:282) ~[thymeleaf-3.1.2.RELEASE.jar:3.1.2.RELEASE]
	at org.thymeleaf.engine.ProcessorTemplateHandler.handleOpenElement(ProcessorTemplateHandler.java:1587) ~[thymeleaf-3.1.2.RELEASE.jar:3.1.2.RELEASE]
	at org.thymeleaf.engine.TemplateHandlerAdapterMarkupHandler.handleOpenElementEnd(TemplateHandlerAdapterMarkupHandler.java:304) ~[thymeleaf-3.1.2.RELEASE.jar:3.1.2.RELEASE]
	at org.thymeleaf.templateparser.markup.InlinedOutputExpressionMarkupHandler$InlineMarkupAdapterPreProcessorHandler.handleOpenElementEnd(InlinedOutputExpressionMarkupHandler.java:278) ~[thymeleaf-3.1.2.RELEASE.jar:3.1.2.RELEASE]
	at org.thymeleaf.standard.inline.OutputExpressionInlinePreProcessorHandler.handleOpenElementEnd(OutputExpressionInlinePreProcessorHandler.java:186) ~[thymeleaf-3.1.2.RELEASE.jar:3.1.2.RELEASE]
	at org.thymeleaf.templateparser.markup.InlinedOutputExpressionMarkupHandler.handleOpenElementEnd(InlinedOutputExpressionMarkupHandler.java:124) ~[thymeleaf-3.1.2.RELEASE.jar:3.1.2.RELEASE]
	at org.attoparser.HtmlElement.handleOpenElementEnd(HtmlElement.java:109) ~[attoparser-2.0.7.RELEASE.jar:2.0.7.RELEASE]
	at org.attoparser.HtmlMarkupHandler.handleOpenElementEnd(HtmlMarkupHandler.java:297) ~[attoparser-2.0.7.RELEASE.jar:2.0.7.RELEASE]
	at org.attoparser.MarkupEventProcessorHandler.handleOpenElementEnd(MarkupEventProcessorHandler.java:402) ~[attoparser-2.0.7.RELEASE.jar:2.0.7.RELEASE]
	at org.attoparser.ParsingElementMarkupUtil.parseOpenElement(ParsingElementMarkupUtil.java:159) ~[attoparser-2.0.7.RELEASE.jar:2.0.7.RELEASE]
	at org.attoparser.MarkupParser.parseBuffer(MarkupParser.java:710) ~[attoparser-2.0.7.RELEASE.jar:2.0.7.RELEASE]
	at org.attoparser.MarkupParser.parseDocument(MarkupParser.java:301) ~[attoparser-2.0.7.RELEASE.jar:2.0.7.RELEASE]
	... 97 common frames omitted
Caused by: org.springframework.expression.spel.SpelEvaluationException: EL1008E: Property or field 'shopName' cannot be found on object of type 'java.util.HashMap' - maybe not public or not valid?
	at org.springframework.expression.spel.ast.PropertyOrFieldReference.readProperty(PropertyOrFieldReference.java:228) ~[spring-expression-6.1.1.jar:6.1.1]
	at org.springframework.expression.spel.ast.PropertyOrFieldReference.getValueInternal(PropertyOrFieldReference.java:111) ~[spring-expression-6.1.1.jar:6.1.1]
	at org.springframework.expression.spel.ast.PropertyOrFieldReference$AccessorLValue.getValue(PropertyOrFieldReference.java:416) ~[spring-expression-6.1.1.jar:6.1.1]
	at org.springframework.expression.spel.ast.CompoundExpression.getValueInternal(CompoundExpression.java:98) ~[spring-expression-6.1.1.jar:6.1.1]
	at org.springframework.expression.spel.ast.SpelNodeImpl.getValue(SpelNodeImpl.java:114) ~[spring-expression-6.1.1.jar:6.1.1]
	at org.springframework.expression.spel.standard.SpelExpression.getValue(SpelExpression.java:338) ~[spring-expression-6.1.1.jar:6.1.1]
	at org.thymeleaf.spring6.expression.SPELVariableExpressionEvaluator.evaluate(SPELVariableExpressionEvaluator.java:265) ~[thymeleaf-spring6-3.1.2.RELEASE.jar:3.1.2.RELEASE]
	... 126 common frames omitted

2026-09-25T18:02:09.439+07:00 DEBUG 36788 --- [CNJ70 Ecommerce] [nio-8081-exec-2] o.s.d.m.r.query.MongoQueryCreator        : Created query Query: { "email" : "moderator_test@gmail.com"}, Fields: {}, Sort: {}
2026-09-25T18:02:09.439+07:00 DEBUG 36788 --- [CNJ70 Ecommerce] [nio-8081-exec-4] o.s.d.m.r.query.MongoQueryCreator        : Created query Query: { "email" : "moderator_test@gmail.com"}, Fields: {}, Sort: {}
2026-09-25T18:02:09.438+07:00 ERROR 36788 --- [CNJ70 Ecommerce] [nio-8081-exec-3] o.a.c.c.C.[.[.[/].[dispatcherServlet]    : Servlet.service() for servlet [dispatcherServlet] in context with path [] threw exception [Request processing failed: org.thymeleaf.exceptions.TemplateInputException: An error happened during template parsing (template: "class path resource [templates/moderator/violation-detail.html]")] with root cause

org.springframework.expression.spel.SpelEvaluationException: EL1008E: Property or field 'shopName' cannot be found on object of type 'java.util.HashMap' - maybe not public or not valid?
	at org.springframework.expression.spel.ast.PropertyOrFieldReference.readProperty(PropertyOrFieldReference.java:228) ~[spring-expression-6.1.1.jar:6.1.1]
	at org.springframework.expression.spel.ast.PropertyOrFieldReference.getValueInternal(PropertyOrFieldReference.java:111) ~[spring-expression-6.1.1.jar:6.1.1]
	at org.springframework.expression.spel.ast.PropertyOrFieldReference$AccessorLValue.getValue(PropertyOrFieldReference.java:416) ~[spring-expression-6.1.1.jar:6.1.1]
	at org.springframework.expression.spel.ast.CompoundExpression.getValueInternal(CompoundExpression.java:98) ~[spring-expression-6.1.1.jar:6.1.1]
	at org.springframework.expression.spel.ast.SpelNodeImpl.getValue(SpelNodeImpl.java:114) ~[spring-expression-6.1.1.jar:6.1.1]
	at org.springframework.expression.spel.standard.SpelExpression.getValue(SpelExpression.java:338) ~[spring-expression-6.1.1.jar:6.1.1]
	at org.thymeleaf.spring6.expression.SPELVariableExpressionEvaluator.evaluate(SPELVariableExpressionEvaluator.java:265) ~[thymeleaf-spring6-3.1.2.RELEASE.jar:3.1.2.RELEASE]
	at org.thymeleaf.standard.expression.VariableExpression.executeVariableExpression(VariableExpression.java:166) ~[thymeleaf-3.1.2.RELEASE.jar:3.1.2.RELEASE]
	at org.thymeleaf.standard.expression.SimpleExpression.executeSimple(SimpleExpression.java:66) ~[thymeleaf-3.1.2.RELEASE.jar:3.1.2.RELEASE]
	at org.thymeleaf.standard.expression.Expression.execute(Expression.java:109) ~[thymeleaf-3.1.2.RELEASE.jar:3.1.2.RELEASE]
	at org.thymeleaf.standard.expression.Expression.execute(Expression.java:138) ~[thymeleaf-3.1.2.RELEASE.jar:3.1.2.RELEASE]
	at org.thymeleaf.standard.expression.DefaultExpression.executeDefault(DefaultExpression.java:162) ~[thymeleaf-3.1.2.RELEASE.jar:3.1.2.RELEASE]
	at org.thymeleaf.standard.expression.ComplexExpression.executeComplex(ComplexExpression.java:80) ~[thymeleaf-3.1.2.RELEASE.jar:3.1.2.RELEASE]
	at org.thymeleaf.standard.expression.Expression.execute(Expression.java:112) ~[thymeleaf-3.1.2.RELEASE.jar:3.1.2.RELEASE]
	at org.thymeleaf.standard.expression.Expression.execute(Expression.java:138) ~[thymeleaf-3.1.2.RELEASE.jar:3.1.2.RELEASE]
	at org.thymeleaf.standard.processor.AbstractStandardExpressionAttributeTagProcessor.doProcess(AbstractStandardExpressionAttributeTagProcessor.java:144) ~[thymeleaf-3.1.2.RELEASE.jar:3.1.2.RELEASE]
	at org.thymeleaf.processor.element.AbstractAttributeTagProcessor.doProcess(AbstractAttributeTagProcessor.java:74) ~[thymeleaf-3.1.2.RELEASE.jar:3.1.2.RELEASE]
	at org.thymeleaf.processor.element.AbstractElementTagProcessor.process(AbstractElementTagProcessor.java:95) ~[thymeleaf-3.1.2.RELEASE.jar:3.1.2.RELEASE]
	at org.thymeleaf.util.ProcessorConfigurationUtils$ElementTagProcessorWrapper.process(ProcessorConfigurationUtils.java:633) ~[thymeleaf-3.1.2.RELEASE.jar:3.1.2.RELEASE]
	at org.thymeleaf.engine.ProcessorTemplateHandler.handleOpenElement(ProcessorTemplateHandler.java:1314) ~[thymeleaf-3.1.2.RELEASE.jar:3.1.2.RELEASE]
	at org.thymeleaf.engine.OpenElementTag.beHandled(OpenElementTag.java:205) ~[thymeleaf-3.1.2.RELEASE.jar:3.1.2.RELEASE]
	at org.thymeleaf.engine.Model.process(Model.java:282) ~[thymeleaf-3.1.2.RELEASE.jar:3.1.2.RELEASE]
	at org.thymeleaf.engine.ProcessorTemplateHandler.handleOpenElement(ProcessorTemplateHandler.java:1587) ~[thymeleaf-3.1.2.RELEASE.jar:3.1.2.RELEASE]
	at org.thymeleaf.engine.OpenElementTag.beHandled(OpenElementTag.java:205) ~[thymeleaf-3.1.2.RELEASE.jar:3.1.2.RELEASE]
	at org.thymeleaf.engine.Model.process(Model.java:282) ~[thymeleaf-3.1.2.RELEASE.jar:3.1.2.RELEASE]
	at org.thymeleaf.engine.ProcessorTemplateHandler.handleOpenElement(ProcessorTemplateHandler.java:1587) ~[thymeleaf-3.1.2.RELEASE.jar:3.1.2.RELEASE]
	at org.thymeleaf.engine.TemplateHandlerAdapterMarkupHandler.handleOpenElementEnd(TemplateHandlerAdapterMarkupHandler.java:304) ~[thymeleaf-3.1.2.RELEASE.jar:3.1.2.RELEASE]
	at org.thymeleaf.templateparser.markup.InlinedOutputExpressionMarkupHandler$InlineMarkupAdapterPreProcessorHandler.handleOpenElementEnd(InlinedOutputExpressionMarkupHandler.java:278) ~[thymeleaf-3.1.2.RELEASE.jar:3.1.2.RELEASE]
	at org.thymeleaf.standard.inline.OutputExpressionInlinePreProcessorHandler.handleOpenElementEnd(OutputExpressionInlinePreProcessorHandler.java:186) ~[thymeleaf-3.1.2.RELEASE.jar:3.1.2.RELEASE]
	at org.thymeleaf.templateparser.markup.InlinedOutputExpressionMarkupHandler.handleOpenElementEnd(InlinedOutputExpressionMarkupHandler.java:124) ~[thymeleaf-3.1.2.RELEASE.jar:3.1.2.RELEASE]
	at org.attoparser.HtmlElement.handleOpenElementEnd(HtmlElement.java:109) ~[attoparser-2.0.7.RELEASE.jar:2.0.7.RELEASE]
	at org.attoparser.HtmlMarkupHandler.handleOpenElementEnd(HtmlMarkupHandler.java:297) ~[attoparser-2.0.7.RELEASE.jar:2.0.7.RELEASE]
	at org.attoparser.MarkupEventProcessorHandler.handleOpenElementEnd(MarkupEventProcessorHandler.java:402) ~[attoparser-2.0.7.RELEASE.jar:2.0.7.RELEASE]
	at org.attoparser.ParsingElementMarkupUtil.parseOpenElement(ParsingElementMarkupUtil.java:159) ~[attoparser-2.0.7.RELEASE.jar:2.0.7.RELEASE]
	at org.attoparser.MarkupParser.parseBuffer(MarkupParser.java:710) ~[attoparser-2.0.7.RELEASE.jar:2.0.7.RELEASE]
	at org.attoparser.MarkupParser.parseDocument(MarkupParser.java:301) ~[attoparser-2.0.7.RELEASE.jar:2.0.7.RELEASE]
	at org.attoparser.MarkupParser.parse(MarkupParser.java:257) ~[attoparser-2.0.7.RELEASE.jar:2.0.7.RELEASE]
	at org.thymeleaf.templateparser.markup.AbstractMarkupTemplateParser.parse(AbstractMarkupTemplateParser.java:230) ~[thymeleaf-3.1.2.RELEASE.jar:3.1.2.RELEASE]
	at org.thymeleaf.templateparser.markup.AbstractMarkupTemplateParser.parseStandalone(AbstractMarkupTemplateParser.java:100) ~[thymeleaf-3.1.2.RELEASE.jar:3.1.2.RELEASE]
	at org.thymeleaf.engine.TemplateManager.parseAndProcess(TemplateManager.java:666) ~[thymeleaf-3.1.2.RELEASE.jar:3.1.2.RELEASE]
	at org.thymeleaf.TemplateEngine.process(TemplateEngine.java:1103) ~[thymeleaf-3.1.2.RELEASE.jar:3.1.2.RELEASE]
	at org.thymeleaf.TemplateEngine.process(TemplateEngine.java:1077) ~[thymeleaf-3.1.2.RELEASE.jar:3.1.2.RELEASE]
	at org.thymeleaf.spring6.view.ThymeleafView.renderFragment(ThymeleafView.java:372) ~[thymeleaf-spring6-3.1.2.RELEASE.jar:3.1.2.RELEASE]
	at org.thymeleaf.spring6.view.ThymeleafView.render(ThymeleafView.java:192) ~[thymeleaf-spring6-3.1.2.RELEASE.jar:3.1.2.RELEASE]
	at org.springframework.web.servlet.DispatcherServlet.render(DispatcherServlet.java:1431) ~[spring-webmvc-6.1.1.jar:6.1.1]
	at org.springframework.web.servlet.DispatcherServlet.processDispatchResult(DispatcherServlet.java:1167) ~[spring-webmvc-6.1.1.jar:6.1.1]
	at org.springframework.web.servlet.DispatcherServlet.doDispatch(DispatcherServlet.java:1106) ~[spring-webmvc-6.1.1.jar:6.1.1]
	at org.springframework.web.servlet.DispatcherServlet.doService(DispatcherServlet.java:979) ~[spring-webmvc-6.1.1.jar:6.1.1]
	at org.springframework.web.servlet.FrameworkServlet.processRequest(FrameworkServlet.java:1014) ~[spring-webmvc-6.1.1.jar:6.1.1]
	at org.springframework.web.servlet.FrameworkServlet.doGet(FrameworkServlet.java:903) ~[spring-webmvc-6.1.1.jar:6.1.1]
	at jakarta.servlet.http.HttpServlet.service(HttpServlet.java:564) ~[tomcat-embed-core-10.1.16.jar:6.0]
	at org.springframework.web.servlet.FrameworkServlet.service(FrameworkServlet.java:885) ~[spring-webmvc-6.1.1.jar:6.1.1]
	at jakarta.servlet.http.HttpServlet.service(HttpServlet.java:658) ~[tomcat-embed-core-10.1.16.jar:6.0]
	at org.apache.catalina.core.ApplicationFilterChain.internalDoFilter(ApplicationFilterChain.java:205) ~[tomcat-embed-core-10.1.16.jar:10.1.16]
	at org.apache.catalina.core.ApplicationFilterChain.doFilter(ApplicationFilterChain.java:149) ~[tomcat-embed-core-10.1.16.jar:10.1.16]
	at org.apache.tomcat.websocket.server.WsFilter.doFilter(WsFilter.java:51) ~[tomcat-embed-websocket-10.1.16.jar:10.1.16]
	at org.apache.catalina.core.ApplicationFilterChain.internalDoFilter(ApplicationFilterChain.java:174) ~[tomcat-embed-core-10.1.16.jar:10.1.16]
	at org.apache.catalina.core.ApplicationFilterChain.doFilter(ApplicationFilterChain.java:149) ~[tomcat-embed-core-10.1.16.jar:10.1.16]
	at org.springframework.web.filter.OncePerRequestFilter.doFilter(OncePerRequestFilter.java:110) ~[spring-web-6.1.1.jar:6.1.1]
	at org.apache.catalina.core.ApplicationFilterChain.internalDoFilter(ApplicationFilterChain.java:174) ~[tomcat-embed-core-10.1.16.jar:10.1.16]
	at org.apache.catalina.core.ApplicationFilterChain.doFilter(ApplicationFilterChain.java:149) ~[tomcat-embed-core-10.1.16.jar:10.1.16]
	at org.springframework.security.web.FilterChainProxy.lambda$doFilterInternal$3(FilterChainProxy.java:231) ~[spring-security-web-6.2.0.jar:6.2.0]
	at org.springframework.security.web.FilterChainProxy$VirtualFilterChain.doFilter(FilterChainProxy.java:365) ~[spring-security-web-6.2.0.jar:6.2.0]
	at org.springframework.security.web.access.intercept.AuthorizationFilter.doFilter(AuthorizationFilter.java:100) ~[spring-security-web-6.2.0.jar:6.2.0]
	at org.springframework.security.web.FilterChainProxy$VirtualFilterChain.doFilter(FilterChainProxy.java:374) ~[spring-security-web-6.2.0.jar:6.2.0]
	at org.springframework.security.web.access.ExceptionTranslationFilter.doFilter(ExceptionTranslationFilter.java:126) ~[spring-security-web-6.2.0.jar:6.2.0]
	at org.springframework.security.web.access.ExceptionTranslationFilter.doFilter(ExceptionTranslationFilter.java:120) ~[spring-security-web-6.2.0.jar:6.2.0]
	at org.springframework.security.web.FilterChainProxy$VirtualFilterChain.doFilter(FilterChainProxy.java:374) ~[spring-security-web-6.2.0.jar:6.2.0]
	at org.springframework.security.web.session.SessionManagementFilter.doFilter(SessionManagementFilter.java:131) ~[spring-security-web-6.2.0.jar:6.2.0]
	at org.springframework.security.web.session.SessionManagementFilter.doFilter(SessionManagementFilter.java:85) ~[spring-security-web-6.2.0.jar:6.2.0]
	at org.springframework.security.web.FilterChainProxy$VirtualFilterChain.doFilter(FilterChainProxy.java:374) ~[spring-security-web-6.2.0.jar:6.2.0]
	at org.springframework.security.web.authentication.AnonymousAuthenticationFilter.doFilter(AnonymousAuthenticationFilter.java:100) ~[spring-security-web-6.2.0.jar:6.2.0]
	at org.springframework.security.web.FilterChainProxy$VirtualFilterChain.doFilter(FilterChainProxy.java:374) ~[spring-security-web-6.2.0.jar:6.2.0]
	at org.springframework.security.web.servletapi.SecurityContextHolderAwareRequestFilter.doFilter(SecurityContextHolderAwareRequestFilter.java:179) ~[spring-security-web-6.2.0.jar:6.2.0]
	at org.springframework.security.web.FilterChainProxy$VirtualFilterChain.doFilter(FilterChainProxy.java:374) ~[spring-security-web-6.2.0.jar:6.2.0]
	at org.springframework.security.web.savedrequest.RequestCacheAwareFilter.doFilter(RequestCacheAwareFilter.java:63) ~[spring-security-web-6.2.0.jar:6.2.0]
	at org.springframework.security.web.FilterChainProxy$VirtualFilterChain.doFilter(FilterChainProxy.java:374) ~[spring-security-web-6.2.0.jar:6.2.0]
	at com.ecommerce.cnj70.security.JwtAuthenticationFilter.doFilterInternal(JwtAuthenticationFilter.java:70) ~[classes/:na]
	at org.springframework.web.filter.OncePerRequestFilter.doFilter(OncePerRequestFilter.java:116) ~[spring-web-6.1.1.jar:6.1.1]
	at org.springframework.security.web.FilterChainProxy$VirtualFilterChain.doFilter(FilterChainProxy.java:374) ~[spring-security-web-6.2.0.jar:6.2.0]
	at org.springframework.security.web.authentication.logout.LogoutFilter.doFilter(LogoutFilter.java:107) ~[spring-security-web-6.2.0.jar:6.2.0]
	at org.springframework.security.web.authentication.logout.LogoutFilter.doFilter(LogoutFilter.java:93) ~[spring-security-web-6.2.0.jar:6.2.0]
	at org.springframework.security.web.FilterChainProxy$VirtualFilterChain.doFilter(FilterChainProxy.java:374) ~[spring-security-web-6.2.0.jar:6.2.0]
	at org.springframework.web.filter.CorsFilter.doFilterInternal(CorsFilter.java:91) ~[spring-web-6.1.1.jar:6.1.1]
	at org.springframework.web.filter.OncePerRequestFilter.doFilter(OncePerRequestFilter.java:116) ~[spring-web-6.1.1.jar:6.1.1]
	at org.springframework.security.web.FilterChainProxy$VirtualFilterChain.doFilter(FilterChainProxy.java:374) ~[spring-security-web-6.2.0.jar:6.2.0]
	at org.springframework.security.web.header.HeaderWriterFilter.doHeadersAfter(HeaderWriterFilter.java:90) ~[spring-security-web-6.2.0.jar:6.2.0]
	at org.springframework.security.web.header.HeaderWriterFilter.doFilterInternal(HeaderWriterFilter.java:75) ~[spring-security-web-6.2.0.jar:6.2.0]
	at org.springframework.web.filter.OncePerRequestFilter.doFilter(OncePerRequestFilter.java:116) ~[spring-web-6.1.1.jar:6.1.1]
	at org.springframework.security.web.FilterChainProxy$VirtualFilterChain.doFilter(FilterChainProxy.java:374) ~[spring-security-web-6.2.0.jar:6.2.0]
	at org.springframework.security.web.context.SecurityContextHolderFilter.doFilter(SecurityContextHolderFilter.java:82) ~[spring-security-web-6.2.0.jar:6.2.0]
	at org.springframework.security.web.context.SecurityContextHolderFilter.doFilter(SecurityContextHolderFilter.java:69) ~[spring-security-web-6.2.0.jar:6.2.0]
	at org.springframework.security.web.FilterChainProxy$VirtualFilterChain.doFilter(FilterChainProxy.java:374) ~[spring-security-web-6.2.0.jar:6.2.0]
	at org.springframework.security.web.context.request.async.WebAsyncManagerIntegrationFilter.doFilterInternal(WebAsyncManagerIntegrationFilter.java:62) ~[spring-security-web-6.2.0.jar:6.2.0]
	at org.springframework.web.filter.OncePerRequestFilter.doFilter(OncePerRequestFilter.java:116) ~[spring-web-6.1.1.jar:6.1.1]
	at org.springframework.security.web.FilterChainProxy$VirtualFilterChain.doFilter(FilterChainProxy.java:374) ~[spring-security-web-6.2.0.jar:6.2.0]
	at org.springframework.security.web.session.DisableEncodeUrlFilter.doFilterInternal(DisableEncodeUrlFilter.java:42) ~[spring-security-web-6.2.0.jar:6.2.0]
	at org.springframework.web.filter.OncePerRequestFilter.doFilter(OncePerRequestFilter.java:116) ~[spring-web-6.1.1.jar:6.1.1]
	at org.springframework.security.web.FilterChainProxy$VirtualFilterChain.doFilter(FilterChainProxy.java:374) ~[spring-security-web-6.2.0.jar:6.2.0]
	at org.springframework.security.web.FilterChainProxy.doFilterInternal(FilterChainProxy.java:233) ~[spring-security-web-6.2.0.jar:6.2.0]
	at org.springframework.security.web.FilterChainProxy.doFilter(FilterChainProxy.java:191) ~[spring-security-web-6.2.0.jar:6.2.0]
	at org.springframework.web.filter.DelegatingFilterProxy.invokeDelegate(DelegatingFilterProxy.java:352) ~[spring-web-6.1.1.jar:6.1.1]
	at org.springframework.web.filter.DelegatingFilterProxy.doFilter(DelegatingFilterProxy.java:268) ~[spring-web-6.1.1.jar:6.1.1]
	at org.apache.catalina.core.ApplicationFilterChain.internalDoFilter(ApplicationFilterChain.java:174) ~[tomcat-embed-core-10.1.16.jar:10.1.16]
	at org.apache.catalina.core.ApplicationFilterChain.doFilter(ApplicationFilterChain.java:149) ~[tomcat-embed-core-10.1.16.jar:10.1.16]
	at org.springframework.web.filter.RequestContextFilter.doFilterInternal(RequestContextFilter.java:100) ~[spring-web-6.1.1.jar:6.1.1]
	at org.springframework.web.filter.OncePerRequestFilter.doFilter(OncePerRequestFilter.java:116) ~[spring-web-6.1.1.jar:6.1.1]
	at org.apache.catalina.core.ApplicationFilterChain.internalDoFilter(ApplicationFilterChain.java:174) ~[tomcat-embed-core-10.1.16.jar:10.1.16]
	at org.apache.catalina.core.ApplicationFilterChain.doFilter(ApplicationFilterChain.java:149) ~[tomcat-embed-core-10.1.16.jar:10.1.16]
	at org.springframework.web.filter.FormContentFilter.doFilterInternal(FormContentFilter.java:93) ~[spring-web-6.1.1.jar:6.1.1]
	at org.springframework.web.filter.OncePerRequestFilter.doFilter(OncePerRequestFilter.java:116) ~[spring-web-6.1.1.jar:6.1.1]
	at org.apache.catalina.core.ApplicationFilterChain.internalDoFilter(ApplicationFilterChain.java:174) ~[tomcat-embed-core-10.1.16.jar:10.1.16]
	at org.apache.catalina.core.ApplicationFilterChain.doFilter(ApplicationFilterChain.java:149) ~[tomcat-embed-core-10.1.16.jar:10.1.16]
	at org.springframework.web.filter.CharacterEncodingFilter.doFilterInternal(CharacterEncodingFilter.java:201) ~[spring-web-6.1.1.jar:6.1.1]
	at org.springframework.web.filter.OncePerRequestFilter.doFilter(OncePerRequestFilter.java:116) ~[spring-web-6.1.1.jar:6.1.1]
	at org.apache.catalina.core.ApplicationFilterChain.internalDoFilter(ApplicationFilterChain.java:174) ~[tomcat-embed-core-10.1.16.jar:10.1.16]
	at org.apache.catalina.core.ApplicationFilterChain.doFilter(ApplicationFilterChain.java:149) ~[tomcat-embed-core-10.1.16.jar:10.1.16]
	at org.apache.catalina.core.StandardWrapperValve.invoke(StandardWrapperValve.java:167) ~[tomcat-embed-core-10.1.16.jar:10.1.16]
	at org.apache.catalina.core.StandardContextValve.invoke(StandardContextValve.java:90) ~[tomcat-embed-core-10.1.16.jar:10.1.16]
	at org.apache.catalina.authenticator.AuthenticatorBase.invoke(AuthenticatorBase.java:482) ~[tomcat-embed-core-10.1.16.jar:10.1.16]
	at org.apache.catalina.core.StandardHostValve.invoke(StandardHostValve.java:115) ~[tomcat-embed-core-10.1.16.jar:10.1.16]
	at org.apache.catalina.valves.ErrorReportValve.invoke(ErrorReportValve.java:93) ~[tomcat-embed-core-10.1.16.jar:10.1.16]
	at org.apache.catalina.core.StandardEngineValve.invoke(StandardEngineValve.java:74) ~[tomcat-embed-core-10.1.16.jar:10.1.16]
	at org.apache.catalina.connector.CoyoteAdapter.service(CoyoteAdapter.java:340) ~[tomcat-embed-core-10.1.16.jar:10.1.16]
	at org.apache.coyote.http11.Http11Processor.service(Http11Processor.java:391) ~[tomcat-embed-core-10.1.16.jar:10.1.16]
	at org.apache.coyote.AbstractProcessorLight.process(AbstractProcessorLight.java:63) ~[tomcat-embed-core-10.1.16.jar:10.1.16]
	at org.apache.coyote.AbstractProtocol$ConnectionHandler.process(AbstractProtocol.java:896) ~[tomcat-embed-core-10.1.16.jar:10.1.16]
	at org.apache.tomcat.util.net.NioEndpoint$SocketProcessor.doRun(NioEndpoint.java:1744) ~[tomcat-embed-core-10.1.16.jar:10.1.16]
	at org.apache.tomcat.util.net.SocketProcessorBase.run(SocketProcessorBase.java:52) ~[tomcat-embed-core-10.1.16.jar:10.1.16]
	at org.apache.tomcat.util.threads.ThreadPoolExecutor.runWorker(ThreadPoolExecutor.java:1191) ~[tomcat-embed-core-10.1.16.jar:10.1.16]
	at org.apache.tomcat.util.threads.ThreadPoolExecutor$Worker.run(ThreadPoolExecutor.java:659) ~[tomcat-embed-core-10.1.16.jar:10.1.16]
	at org.apache.tomcat.util.threads.TaskThread$WrappingRunnable.run(TaskThread.java:61) ~[tomcat-embed-core-10.1.16.jar:10.1.16]
	at java.base/java.lang.Thread.run(Thread.java:1583) ~[na:na]

2026-09-25T18:02:09.439+07:00 DEBUG 36788 --- [CNJ70 Ecommerce] [nio-8081-exec-5] o.s.d.m.r.query.MongoQueryCreator        : Created query Query: { "email" : "moderator_test@gmail.com"}, Fields: {}, Sort: {}
2026-09-25T18:02:09.439+07:00 DEBUG 36788 --- [CNJ70 Ecommerce] [nio-8081-exec-2] o.s.data.mongodb.core.MongoTemplate      : find using query: { "email" : "moderator_test@gmail.com"} fields: Document{{}} for class: class com.ecommerce.cnj70.document.User in collection: users
2026-09-25T18:02:09.439+07:00 DEBUG 36788 --- [CNJ70 Ecommerce] [nio-8081-exec-4] o.s.data.mongodb.core.MongoTemplate      : find using query: { "email" : "moderator_test@gmail.com"} fields: Document{{}} for class: class com.ecommerce.cnj70.document.User in collection: users
2026-09-25T18:02:09.439+07:00 DEBUG 36788 --- [CNJ70 Ecommerce] [nio-8081-exec-3] o.s.security.web.FilterChainProxy        : Securing GET /moderator/violations/6ab61d7259fb2a46a9b1163b?page=0&size=10&severity=&type=
2026-09-25T18:02:09.439+07:00 DEBUG 36788 --- [CNJ70 Ecommerce] [nio-8081-exec-5] o.s.data.mongodb.core.MongoTemplate      : find using query: { "email" : "moderator_test@gmail.com"} fields: Document{{}} for class: class com.ecommerce.cnj70.document.User in collection: users
2026-09-25T18:02:09.442+07:00 DEBUG 36788 --- [CNJ70 Ecommerce] [nio-8081-exec-3] o.s.security.web.FilterChainProxy        : Secured GET /moderator/violations/6ab61d7259fb2a46a9b1163b?page=0&size=10&severity=&type=
2026-09-25T18:02:09.446+07:00 DEBUG 36788 --- [CNJ70 Ecommerce] [nio-8081-exec-3] o.s.s.w.a.AnonymousAuthenticationFilter  : Set SecurityContextHolder to anonymous SecurityContext
2026-09-25T18:02:09.446+07:00 DEBUG 36788 --- [CNJ70 Ecommerce] [nio-8081-exec-3] o.s.data.mongodb.core.MongoTemplate      : find using query: {} fields: Document{{}} for class: class com.ecommerce.cnj70.document.Voucher in collection: vouchers
2026-09-25T18:02:09.490+07:00 DEBUG 36788 --- [CNJ70 Ecommerce] [nio-8081-exec-4] o.s.security.web.FilterChainProxy        : Secured GET /css/foundation/index.css
2026-09-25T18:02:09.494+07:00 DEBUG 36788 --- [CNJ70 Ecommerce] [nio-8081-exec-5] o.s.security.web.FilterChainProxy        : Secured GET /css/dashboard.css
2026-09-25T18:02:09.495+07:00 DEBUG 36788 --- [CNJ70 Ecommerce] [nio-8081-exec-8] o.s.security.web.FilterChainProxy        : Securing GET /css/admin-ui.css
2026-09-25T18:02:09.498+07:00 DEBUG 36788 --- [CNJ70 Ecommerce] [nio-8081-exec-8] o.s.d.m.r.query.MongoQueryCreator        : Created query Query: { "email" : "moderator_test@gmail.com"}, Fields: {}, Sort: {}
2026-09-25T18:02:09.499+07:00 DEBUG 36788 --- [CNJ70 Ecommerce] [nio-8081-exec-8] o.s.data.mongodb.core.MongoTemplate      : find using query: { "email" : "moderator_test@gmail.com"} fields: Document{{}} for class: class com.ecommerce.cnj70.document.User in collection: users
2026-09-25T18:02:09.499+07:00 DEBUG 36788 --- [CNJ70 Ecommerce] [nio-8081-exec-6] o.s.security.web.FilterChainProxy        : Securing GET /css/foundation/tokens.css
2026-09-25T18:02:09.500+07:00 DEBUG 36788 --- [CNJ70 Ecommerce] [nio-8081-exec-6] o.s.d.m.r.query.MongoQueryCreator        : Created query Query: { "email" : "moderator_test@gmail.com"}, Fields: {}, Sort: {}
2026-09-25T18:02:09.501+07:00 DEBUG 36788 --- [CNJ70 Ecommerce] [nio-8081-exec-6] o.s.data.mongodb.core.MongoTemplate      : find using query: { "email" : "moderator_test@gmail.com"} fields: Document{{}} for class: class com.ecommerce.cnj70.document.User in collection: users
2026-09-25T18:02:09.503+07:00 DEBUG 36788 --- [CNJ70 Ecommerce] [nio-8081-exec-2] o.s.security.web.FilterChainProxy        : Secured GET /css/admin-dashboard.css
2026-09-25T18:02:09.507+07:00 DEBUG 36788 --- [CNJ70 Ecommerce] [nio-8081-exec-7] o.s.security.web.FilterChainProxy        : Securing GET /css/foundation/base.css
2026-09-25T18:02:09.510+07:00 DEBUG 36788 --- [CNJ70 Ecommerce] [nio-8081-exec-7] o.s.d.m.r.query.MongoQueryCreator        : Created query Query: { "email" : "moderator_test@gmail.com"}, Fields: {}, Sort: {}
2026-09-25T18:02:09.511+07:00 DEBUG 36788 --- [CNJ70 Ecommerce] [nio-8081-exec-7] o.s.data.mongodb.core.MongoTemplate      : find using query: { "email" : "moderator_test@gmail.com"} fields: Document{{}} for class: class com.ecommerce.cnj70.document.User in collection: users
2026-09-25T18:02:09.551+07:00 DEBUG 36788 --- [CNJ70 Ecommerce] [nio-8081-exec-6] o.s.security.web.FilterChainProxy        : Secured GET /css/foundation/tokens.css
2026-09-25T18:02:09.554+07:00 DEBUG 36788 --- [CNJ70 Ecommerce] [nio-8081-exec-8] o.s.security.web.FilterChainProxy        : Secured GET /css/admin-ui.css
2026-09-25T18:02:09.558+07:00 DEBUG 36788 --- [CNJ70 Ecommerce] [nio-8081-exec-9] o.s.security.web.FilterChainProxy        : Securing GET /css/foundation/components.css
2026-09-25T18:02:09.558+07:00 DEBUG 36788 --- [CNJ70 Ecommerce] [nio-8081-exec-1] o.s.security.web.FilterChainProxy        : Securing GET /css/foundation/layout.css
2026-09-25T18:02:09.560+07:00 DEBUG 36788 --- [CNJ70 Ecommerce] [nio-8081-exec-1] o.s.d.m.r.query.MongoQueryCreator        : Created query Query: { "email" : "moderator_test@gmail.com"}, Fields: {}, Sort: {}
2026-09-25T18:02:09.560+07:00 DEBUG 36788 --- [CNJ70 Ecommerce] [nio-8081-exec-9] o.s.d.m.r.query.MongoQueryCreator        : Created query Query: { "email" : "moderator_test@gmail.com"}, Fields: {}, Sort: {}
2026-09-25T18:02:09.560+07:00 DEBUG 36788 --- [CNJ70 Ecommerce] [nio-8081-exec-1] o.s.data.mongodb.core.MongoTemplate      : find using query: { "email" : "moderator_test@gmail.com"} fields: Document{{}} for class: class com.ecommerce.cnj70.document.User in collection: users
2026-09-25T18:02:09.561+07:00 DEBUG 36788 --- [CNJ70 Ecommerce] [nio-8081-exec-9] o.s.data.mongodb.core.MongoTemplate      : find using query: { "email" : "moderator_test@gmail.com"} fields: Document{{}} for class: class com.ecommerce.cnj70.document.User in collection: users
2026-09-25T18:02:09.573+07:00 DEBUG 36788 --- [CNJ70 Ecommerce] [nio-8081-exec-7] o.s.security.web.FilterChainProxy        : Secured GET /css/foundation/base.css
2026-09-25T18:02:09.581+07:00 DEBUG 36788 --- [CNJ70 Ecommerce] [io-8081-exec-10] o.s.security.web.FilterChainProxy        : Securing GET /css/foundation/responsive.css
2026-09-25T18:02:09.582+07:00 DEBUG 36788 --- [CNJ70 Ecommerce] [io-8081-exec-10] o.s.d.m.r.query.MongoQueryCreator        : Created query Query: { "email" : "moderator_test@gmail.com"}, Fields: {}, Sort: {}
2026-09-25T18:02:09.584+07:00 DEBUG 36788 --- [CNJ70 Ecommerce] [io-8081-exec-10] o.s.data.mongodb.core.MongoTemplate      : find using query: { "email" : "moderator_test@gmail.com"} fields: Document{{}} for class: class com.ecommerce.cnj70.document.User in collection: users
2026-09-25T18:02:09.612+07:00 DEBUG 36788 --- [CNJ70 Ecommerce] [nio-8081-exec-9] o.s.security.web.FilterChainProxy        : Secured GET /css/foundation/components.css
2026-09-25T18:02:09.613+07:00 DEBUG 36788 --- [CNJ70 Ecommerce] [nio-8081-exec-1] o.s.security.web.FilterChainProxy        : Secured GET /css/foundation/layout.css
2026-09-25T18:02:09.616+07:00 DEBUG 36788 --- [CNJ70 Ecommerce] [nio-8081-exec-4] o.s.security.web.FilterChainProxy        : Securing GET /css/foundation/accessibility.css
2026-09-25T18:02:09.619+07:00 DEBUG 36788 --- [CNJ70 Ecommerce] [nio-8081-exec-4] o.s.d.m.r.query.MongoQueryCreator        : Created query Query: { "email" : "moderator_test@gmail.com"}, Fields: {}, Sort: {}
2026-09-25T18:02:09.620+07:00 DEBUG 36788 --- [CNJ70 Ecommerce] [nio-8081-exec-4] o.s.data.mongodb.core.MongoTemplate      : find using query: { "email" : "moderator_test@gmail.com"} fields: Document{{}} for class: class com.ecommerce.cnj70.document.User in collection: users
2026-09-25T18:02:09.647+07:00 DEBUG 36788 --- [CNJ70 Ecommerce] [io-8081-exec-10] o.s.security.web.FilterChainProxy        : Secured GET /css/foundation/responsive.css
2026-09-25T18:02:09.674+07:00 DEBUG 36788 --- [CNJ70 Ecommerce] [nio-8081-exec-4] o.s.security.web.FilterChainProxy        : Secured GET /css/foundation/accessibility.css
2026-09-25T18:02:09.889+07:00 ERROR 36788 --- [CNJ70 Ecommerce] [nio-8081-exec-3] s.e.ErrorMvcAutoConfiguration$StaticView : Cannot render error page for request [/moderator/violations/6ab61d7259fb2a46a9b1163b] and exception [An error happened during template parsing (template: "class path resource [templates/moderator/violation-detail.html]")] as the response has already been committed. As a result, the response may have the wrong status code.
2026-09-25T18:02:38.057+07:00 DEBUG 36788 --- [CNJ70 Ecommerce] [nio-8081-exec-5] o.s.security.web.FilterChainProxy        : Securing GET /moderator/history
2026-09-25T18:02:38.063+07:00 DEBUG 36788 --- [CNJ70 Ecommerce] [nio-8081-exec-5] o.s.d.m.r.query.MongoQueryCreator        : Created query Query: { "email" : "moderator_test@gmail.com"}, Fields: {}, Sort: {}
2026-09-25T18:02:38.064+07:00 DEBUG 36788 --- [CNJ70 Ecommerce] [nio-8081-exec-5] o.s.data.mongodb.core.MongoTemplate      : find using query: { "email" : "moderator_test@gmail.com"} fields: Document{{}} for class: class com.ecommerce.cnj70.document.User in collection: users
2026-09-25T18:02:38.114+07:00 DEBUG 36788 --- [CNJ70 Ecommerce] [nio-8081-exec-5] o.s.security.web.FilterChainProxy        : Secured GET /moderator/history
2026-09-25T18:02:38.116+07:00 DEBUG 36788 --- [CNJ70 Ecommerce] [nio-8081-exec-5] o.s.d.m.r.query.MongoQueryCreator        : Created query Query: { "email" : "moderator_test@gmail.com"}, Fields: {}, Sort: {}
2026-09-25T18:02:38.116+07:00 DEBUG 36788 --- [CNJ70 Ecommerce] [nio-8081-exec-5] o.s.data.mongodb.core.MongoTemplate      : find using query: { "email" : "moderator_test@gmail.com"} fields: Document{{}} for class: class com.ecommerce.cnj70.document.User in collection: users
2026-09-25T18:02:38.167+07:00 DEBUG 36788 --- [CNJ70 Ecommerce] [nio-8081-exec-5] o.s.data.mongodb.core.MongoTemplate      : find using query: {} fields: Document{{}} for class: class com.ecommerce.cnj70.document.Voucher in collection: vouchers
2026-09-25T18:02:38.222+07:00 DEBUG 36788 --- [CNJ70 Ecommerce] [nio-8081-exec-5] o.s.d.m.r.query.MongoQueryCreator        : Created query Query: {}, Fields: {}, Sort: { "createdAt" : -1}
2026-09-25T18:02:38.223+07:00 DEBUG 36788 --- [CNJ70 Ecommerce] [nio-8081-exec-5] o.s.data.mongodb.core.MongoTemplate      : find using query: {} fields: Document{{}} for class: class com.ecommerce.cnj70.document.ModerationHistory in collection: moderation_history
2026-09-25T18:02:38.282+07:00 DEBUG 36788 --- [CNJ70 Ecommerce] [nio-8081-exec-5] o.s.data.mongodb.core.MongoTemplate      : Executing count: {} in collection: moderation_history
2026-09-25T18:02:38.384+07:00 DEBUG 36788 --- [CNJ70 Ecommerce] [nio-8081-exec-6] o.s.security.web.FilterChainProxy        : Securing GET /css/admin-dashboard.css
2026-09-25T18:02:38.384+07:00 DEBUG 36788 --- [CNJ70 Ecommerce] [nio-8081-exec-2] o.s.security.web.FilterChainProxy        : Securing GET /css/dashboard.css
2026-09-25T18:02:38.385+07:00 DEBUG 36788 --- [CNJ70 Ecommerce] [nio-8081-exec-8] o.s.security.web.FilterChainProxy        : Securing GET /css/foundation/index.css
2026-09-25T18:02:38.387+07:00 DEBUG 36788 --- [CNJ70 Ecommerce] [nio-8081-exec-6] o.s.d.m.r.query.MongoQueryCreator        : Created query Query: { "email" : "moderator_test@gmail.com"}, Fields: {}, Sort: {}
2026-09-25T18:02:38.388+07:00 DEBUG 36788 --- [CNJ70 Ecommerce] [nio-8081-exec-2] o.s.d.m.r.query.MongoQueryCreator        : Created query Query: { "email" : "moderator_test@gmail.com"}, Fields: {}, Sort: {}
2026-09-25T18:02:38.388+07:00 DEBUG 36788 --- [CNJ70 Ecommerce] [nio-8081-exec-6] o.s.data.mongodb.core.MongoTemplate      : find using query: { "email" : "moderator_test@gmail.com"} fields: Document{{}} for class: class com.ecommerce.cnj70.document.User in collection: users
2026-09-25T18:02:38.388+07:00 DEBUG 36788 --- [CNJ70 Ecommerce] [nio-8081-exec-2] o.s.data.mongodb.core.MongoTemplate      : find using query: { "email" : "moderator_test@gmail.com"} fields: Document{{}} for class: class com.ecommerce.cnj70.document.User in collection: users
2026-09-25T18:02:38.390+07:00 DEBUG 36788 --- [CNJ70 Ecommerce] [nio-8081-exec-8] o.s.d.m.r.query.MongoQueryCreator        : Created query Query: { "email" : "moderator_test@gmail.com"}, Fields: {}, Sort: {}
2026-09-25T18:02:38.391+07:00 DEBUG 36788 --- [CNJ70 Ecommerce] [nio-8081-exec-8] o.s.data.mongodb.core.MongoTemplate      : find using query: { "email" : "moderator_test@gmail.com"} fields: Document{{}} for class: class com.ecommerce.cnj70.document.User in collection: users
2026-09-25T18:02:38.439+07:00 DEBUG 36788 --- [CNJ70 Ecommerce] [nio-8081-exec-6] o.s.security.web.FilterChainProxy        : Secured GET /css/admin-dashboard.css
2026-09-25T18:02:38.445+07:00 DEBUG 36788 --- [CNJ70 Ecommerce] [nio-8081-exec-7] o.s.security.web.FilterChainProxy        : Securing GET /css/admin-ui.css
2026-09-25T18:02:38.448+07:00 DEBUG 36788 --- [CNJ70 Ecommerce] [nio-8081-exec-2] o.s.security.web.FilterChainProxy        : Secured GET /css/dashboard.css
2026-09-25T18:02:38.448+07:00 DEBUG 36788 --- [CNJ70 Ecommerce] [nio-8081-exec-7] o.s.d.m.r.query.MongoQueryCreator        : Created query Query: { "email" : "moderator_test@gmail.com"}, Fields: {}, Sort: {}
2026-09-25T18:02:38.449+07:00 DEBUG 36788 --- [CNJ70 Ecommerce] [nio-8081-exec-7] o.s.data.mongodb.core.MongoTemplate      : find using query: { "email" : "moderator_test@gmail.com"} fields: Document{{}} for class: class com.ecommerce.cnj70.document.User in collection: users
2026-09-25T18:02:38.463+07:00 DEBUG 36788 --- [CNJ70 Ecommerce] [nio-8081-exec-8] o.s.security.web.FilterChainProxy        : Secured GET /css/foundation/index.css
2026-09-25T18:02:38.468+07:00 DEBUG 36788 --- [CNJ70 Ecommerce] [nio-8081-exec-1] o.s.security.web.FilterChainProxy        : Securing GET /css/foundation/base.css
2026-09-25T18:02:38.468+07:00 DEBUG 36788 --- [CNJ70 Ecommerce] [nio-8081-exec-9] o.s.security.web.FilterChainProxy        : Securing GET /css/foundation/tokens.css
2026-09-25T18:02:38.470+07:00 DEBUG 36788 --- [CNJ70 Ecommerce] [nio-8081-exec-1] o.s.d.m.r.query.MongoQueryCreator        : Created query Query: { "email" : "moderator_test@gmail.com"}, Fields: {}, Sort: {}
2026-09-25T18:02:38.470+07:00 DEBUG 36788 --- [CNJ70 Ecommerce] [nio-8081-exec-9] o.s.d.m.r.query.MongoQueryCreator        : Created query Query: { "email" : "moderator_test@gmail.com"}, Fields: {}, Sort: {}
2026-09-25T18:02:38.471+07:00 DEBUG 36788 --- [CNJ70 Ecommerce] [nio-8081-exec-9] o.s.data.mongodb.core.MongoTemplate      : find using query: { "email" : "moderator_test@gmail.com"} fields: Document{{}} for class: class com.ecommerce.cnj70.document.User in collection: users
2026-09-25T18:02:38.471+07:00 DEBUG 36788 --- [CNJ70 Ecommerce] [nio-8081-exec-1] o.s.data.mongodb.core.MongoTemplate      : find using query: { "email" : "moderator_test@gmail.com"} fields: Document{{}} for class: class com.ecommerce.cnj70.document.User in collection: users
2026-09-25T18:02:38.504+07:00 DEBUG 36788 --- [CNJ70 Ecommerce] [nio-8081-exec-7] o.s.security.web.FilterChainProxy        : Secured GET /css/admin-ui.css
2026-09-25T18:02:38.511+07:00 DEBUG 36788 --- [CNJ70 Ecommerce] [io-8081-exec-10] o.s.security.web.FilterChainProxy        : Securing GET /css/foundation/components.css
2026-09-25T18:02:38.517+07:00 DEBUG 36788 --- [CNJ70 Ecommerce] [io-8081-exec-10] o.s.d.m.r.query.MongoQueryCreator        : Created query Query: { "email" : "moderator_test@gmail.com"}, Fields: {}, Sort: {}
2026-09-25T18:02:38.518+07:00 DEBUG 36788 --- [CNJ70 Ecommerce] [io-8081-exec-10] o.s.data.mongodb.core.MongoTemplate      : find using query: { "email" : "moderator_test@gmail.com"} fields: Document{{}} for class: class com.ecommerce.cnj70.document.User in collection: users
2026-09-25T18:02:38.523+07:00 DEBUG 36788 --- [CNJ70 Ecommerce] [nio-8081-exec-1] o.s.security.web.FilterChainProxy        : Secured GET /css/foundation/base.css
2026-09-25T18:02:38.527+07:00 DEBUG 36788 --- [CNJ70 Ecommerce] [nio-8081-exec-4] o.s.security.web.FilterChainProxy        : Securing GET /css/foundation/layout.css
2026-09-25T18:02:38.531+07:00 DEBUG 36788 --- [CNJ70 Ecommerce] [nio-8081-exec-4] o.s.d.m.r.query.MongoQueryCreator        : Created query Query: { "email" : "moderator_test@gmail.com"}, Fields: {}, Sort: {}
2026-09-25T18:02:38.531+07:00 DEBUG 36788 --- [CNJ70 Ecommerce] [nio-8081-exec-4] o.s.data.mongodb.core.MongoTemplate      : find using query: { "email" : "moderator_test@gmail.com"} fields: Document{{}} for class: class com.ecommerce.cnj70.document.User in collection: users
2026-09-25T18:02:38.535+07:00 DEBUG 36788 --- [CNJ70 Ecommerce] [nio-8081-exec-9] o.s.security.web.FilterChainProxy        : Secured GET /css/foundation/tokens.css
2026-09-25T18:02:38.540+07:00 DEBUG 36788 --- [CNJ70 Ecommerce] [nio-8081-exec-3] o.s.security.web.FilterChainProxy        : Securing GET /css/foundation/responsive.css
2026-09-25T18:02:38.540+07:00 DEBUG 36788 --- [CNJ70 Ecommerce] [nio-8081-exec-3] o.s.d.m.r.query.MongoQueryCreator        : Created query Query: { "email" : "moderator_test@gmail.com"}, Fields: {}, Sort: {}
2026-09-25T18:02:38.543+07:00 DEBUG 36788 --- [CNJ70 Ecommerce] [nio-8081-exec-3] o.s.data.mongodb.core.MongoTemplate      : find using query: { "email" : "moderator_test@gmail.com"} fields: Document{{}} for class: class com.ecommerce.cnj70.document.User in collection: users
2026-09-25T18:02:38.573+07:00 DEBUG 36788 --- [CNJ70 Ecommerce] [io-8081-exec-10] o.s.security.web.FilterChainProxy        : Secured GET /css/foundation/components.css
2026-09-25T18:02:38.580+07:00 DEBUG 36788 --- [CNJ70 Ecommerce] [nio-8081-exec-5] o.s.security.web.FilterChainProxy        : Securing GET /css/foundation/accessibility.css
2026-09-25T18:02:38.580+07:00 DEBUG 36788 --- [CNJ70 Ecommerce] [nio-8081-exec-5] o.s.d.m.r.query.MongoQueryCreator        : Created query Query: { "email" : "moderator_test@gmail.com"}, Fields: {}, Sort: {}
2026-09-25T18:02:38.580+07:00 DEBUG 36788 --- [CNJ70 Ecommerce] [nio-8081-exec-5] o.s.data.mongodb.core.MongoTemplate      : find using query: { "email" : "moderator_test@gmail.com"} fields: Document{{}} for class: class com.ecommerce.cnj70.document.User in collection: users
2026-09-25T18:02:38.586+07:00 DEBUG 36788 --- [CNJ70 Ecommerce] [nio-8081-exec-4] o.s.security.web.FilterChainProxy        : Secured GET /css/foundation/layout.css
2026-09-25T18:02:38.609+07:00 DEBUG 36788 --- [CNJ70 Ecommerce] [nio-8081-exec-3] o.s.security.web.FilterChainProxy        : Secured GET /css/foundation/responsive.css
2026-09-25T18:02:38.639+07:00 DEBUG 36788 --- [CNJ70 Ecommerce] [nio-8081-exec-5] o.s.security.web.FilterChainProxy        : Secured GET /css/foundation/accessibility.css
2026-09-25T18:02:49.096+07:00 DEBUG 36788 --- [CNJ70 Ecommerce] [nio-8081-exec-6] o.s.security.web.FilterChainProxy        : Securing GET /moderator/products
2026-09-25T18:02:49.099+07:00 DEBUG 36788 --- [CNJ70 Ecommerce] [nio-8081-exec-6] o.s.d.m.r.query.MongoQueryCreator        : Created query Query: { "email" : "moderator_test@gmail.com"}, Fields: {}, Sort: {}
2026-09-25T18:02:49.100+07:00 DEBUG 36788 --- [CNJ70 Ecommerce] [nio-8081-exec-6] o.s.data.mongodb.core.MongoTemplate      : find using query: { "email" : "moderator_test@gmail.com"} fields: Document{{}} for class: class com.ecommerce.cnj70.document.User in collection: users
2026-09-25T18:02:49.162+07:00 DEBUG 36788 --- [CNJ70 Ecommerce] [nio-8081-exec-6] o.s.security.web.FilterChainProxy        : Secured GET /moderator/products
2026-09-25T18:02:49.170+07:00  WARN 36788 --- [CNJ70 Ecommerce] [nio-8081-exec-6] .m.m.a.ExceptionHandlerExceptionResolver : Resolved [org.springframework.web.servlet.resource.NoResourceFoundException: No static resource moderator/products.]
2026-09-25T18:02:49.192+07:00 DEBUG 36788 --- [CNJ70 Ecommerce] [nio-8081-exec-2] o.s.security.web.FilterChainProxy        : Securing GET /css/style.css
2026-09-25T18:02:49.194+07:00 DEBUG 36788 --- [CNJ70 Ecommerce] [nio-8081-exec-2] o.s.d.m.r.query.MongoQueryCreator        : Created query Query: { "email" : "moderator_test@gmail.com"}, Fields: {}, Sort: {}
2026-09-25T18:02:49.195+07:00 DEBUG 36788 --- [CNJ70 Ecommerce] [nio-8081-exec-2] o.s.data.mongodb.core.MongoTemplate      : find using query: { "email" : "moderator_test@gmail.com"} fields: Document{{}} for class: class com.ecommerce.cnj70.document.User in collection: users
2026-09-25T18:02:49.251+07:00 DEBUG 36788 --- [CNJ70 Ecommerce] [nio-8081-exec-2] o.s.security.web.FilterChainProxy        : Secured GET /css/style.css
2026-09-25T18:03:12.329+07:00 DEBUG 36788 --- [CNJ70 Ecommerce] [nio-8081-exec-8] o.s.security.web.FilterChainProxy        : Securing GET /moderator/queue
2026-09-25T18:03:12.332+07:00 DEBUG 36788 --- [CNJ70 Ecommerce] [nio-8081-exec-8] o.s.d.m.r.query.MongoQueryCreator        : Created query Query: { "email" : "moderator_test@gmail.com"}, Fields: {}, Sort: {}
2026-09-25T18:03:12.336+07:00 DEBUG 36788 --- [CNJ70 Ecommerce] [nio-8081-exec-8] o.s.data.mongodb.core.MongoTemplate      : find using query: { "email" : "moderator_test@gmail.com"} fields: Document{{}} for class: class com.ecommerce.cnj70.document.User in collection: users
2026-09-25T18:03:12.392+07:00 DEBUG 36788 --- [CNJ70 Ecommerce] [nio-8081-exec-8] o.s.security.web.FilterChainProxy        : Secured GET /moderator/queue
2026-09-25T18:03:12.394+07:00 DEBUG 36788 --- [CNJ70 Ecommerce] [nio-8081-exec-8] o.s.d.m.r.query.MongoQueryCreator        : Created query Query: { "email" : "moderator_test@gmail.com"}, Fields: {}, Sort: {}
2026-09-25T18:03:12.395+07:00 DEBUG 36788 --- [CNJ70 Ecommerce] [nio-8081-exec-8] o.s.data.mongodb.core.MongoTemplate      : find using query: { "email" : "moderator_test@gmail.com"} fields: Document{{}} for class: class com.ecommerce.cnj70.document.User in collection: users
2026-09-25T18:03:12.449+07:00 DEBUG 36788 --- [CNJ70 Ecommerce] [nio-8081-exec-8] o.s.data.mongodb.core.MongoTemplate      : find using query: {} fields: Document{{}} for class: class com.ecommerce.cnj70.document.Voucher in collection: vouchers
2026-09-25T18:03:12.505+07:00 DEBUG 36788 --- [CNJ70 Ecommerce] [nio-8081-exec-8] o.s.d.m.r.query.MongoQueryCreator        : Created query Query: { "moderationStatus" : { "$in" : [ { "$java" : PENDING_MANUAL }, { "$java" : AUTO_PASSED }, { "$java" : AUTO_REJECTED } ] } }, Fields: {}, Sort: { "createdAt" : -1}
2026-09-25T18:03:12.505+07:00 DEBUG 36788 --- [CNJ70 Ecommerce] [nio-8081-exec-8] o.s.data.mongodb.core.MongoTemplate      : find using query: { "moderationStatus" : { "$in" : ["PENDING_MANUAL", "AUTO_PASSED", "AUTO_REJECTED"]}} fields: Document{{}} for class: class com.ecommerce.cnj70.document.Product in collection: products
2026-09-25T18:03:12.598+07:00 DEBUG 36788 --- [CNJ70 Ecommerce] [nio-8081-exec-1] o.s.security.web.FilterChainProxy        : Securing GET /css/admin-dashboard.css
2026-09-25T18:03:12.598+07:00 DEBUG 36788 --- [CNJ70 Ecommerce] [nio-8081-exec-7] o.s.security.web.FilterChainProxy        : Securing GET /css/dashboard.css
2026-09-25T18:03:12.598+07:00 DEBUG 36788 --- [CNJ70 Ecommerce] [nio-8081-exec-9] o.s.security.web.FilterChainProxy        : Securing GET /css/foundation/index.css
2026-09-25T18:03:12.600+07:00 DEBUG 36788 --- [CNJ70 Ecommerce] [nio-8081-exec-7] o.s.d.m.r.query.MongoQueryCreator        : Created query Query: { "email" : "moderator_test@gmail.com"}, Fields: {}, Sort: {}
2026-09-25T18:03:12.600+07:00 DEBUG 36788 --- [CNJ70 Ecommerce] [nio-8081-exec-1] o.s.d.m.r.query.MongoQueryCreator        : Created query Query: { "email" : "moderator_test@gmail.com"}, Fields: {}, Sort: {}
2026-09-25T18:03:12.600+07:00 DEBUG 36788 --- [CNJ70 Ecommerce] [nio-8081-exec-9] o.s.d.m.r.query.MongoQueryCreator        : Created query Query: { "email" : "moderator_test@gmail.com"}, Fields: {}, Sort: {}
2026-09-25T18:03:12.600+07:00 DEBUG 36788 --- [CNJ70 Ecommerce] [nio-8081-exec-7] o.s.data.mongodb.core.MongoTemplate      : find using query: { "email" : "moderator_test@gmail.com"} fields: Document{{}} for class: class com.ecommerce.cnj70.document.User in collection: users
2026-09-25T18:03:12.600+07:00 DEBUG 36788 --- [CNJ70 Ecommerce] [nio-8081-exec-9] o.s.data.mongodb.core.MongoTemplate      : find using query: { "email" : "moderator_test@gmail.com"} fields: Document{{}} for class: class com.ecommerce.cnj70.document.User in collection: users
2026-09-25T18:03:12.600+07:00 DEBUG 36788 --- [CNJ70 Ecommerce] [nio-8081-exec-1] o.s.data.mongodb.core.MongoTemplate      : find using query: { "email" : "moderator_test@gmail.com"} fields: Document{{}} for class: class com.ecommerce.cnj70.document.User in collection: users
2026-09-25T18:03:12.652+07:00 DEBUG 36788 --- [CNJ70 Ecommerce] [nio-8081-exec-1] o.s.security.web.FilterChainProxy        : Secured GET /css/admin-dashboard.css
2026-09-25T18:03:12.655+07:00 DEBUG 36788 --- [CNJ70 Ecommerce] [nio-8081-exec-7] o.s.security.web.FilterChainProxy        : Secured GET /css/dashboard.css
2026-09-25T18:03:12.657+07:00 DEBUG 36788 --- [CNJ70 Ecommerce] [io-8081-exec-10] o.s.security.web.FilterChainProxy        : Securing GET /css/admin-ui.css
2026-09-25T18:03:12.659+07:00 DEBUG 36788 --- [CNJ70 Ecommerce] [io-8081-exec-10] o.s.d.m.r.query.MongoQueryCreator        : Created query Query: { "email" : "moderator_test@gmail.com"}, Fields: {}, Sort: {}
2026-09-25T18:03:12.659+07:00 DEBUG 36788 --- [CNJ70 Ecommerce] [io-8081-exec-10] o.s.data.mongodb.core.MongoTemplate      : find using query: { "email" : "moderator_test@gmail.com"} fields: Document{{}} for class: class com.ecommerce.cnj70.document.User in collection: users
2026-09-25T18:03:12.665+07:00 DEBUG 36788 --- [CNJ70 Ecommerce] [nio-8081-exec-9] o.s.security.web.FilterChainProxy        : Secured GET /css/foundation/index.css
2026-09-25T18:03:12.669+07:00 DEBUG 36788 --- [CNJ70 Ecommerce] [nio-8081-exec-4] o.s.security.web.FilterChainProxy        : Securing GET /css/foundation/tokens.css
2026-09-25T18:03:12.669+07:00 DEBUG 36788 --- [CNJ70 Ecommerce] [nio-8081-exec-3] o.s.security.web.FilterChainProxy        : Securing GET /css/foundation/base.css
2026-09-25T18:03:12.672+07:00 DEBUG 36788 --- [CNJ70 Ecommerce] [nio-8081-exec-3] o.s.d.m.r.query.MongoQueryCreator        : Created query Query: { "email" : "moderator_test@gmail.com"}, Fields: {}, Sort: {}
2026-09-25T18:03:12.672+07:00 DEBUG 36788 --- [CNJ70 Ecommerce] [nio-8081-exec-4] o.s.d.m.r.query.MongoQueryCreator        : Created query Query: { "email" : "moderator_test@gmail.com"}, Fields: {}, Sort: {}
2026-09-25T18:03:12.672+07:00 DEBUG 36788 --- [CNJ70 Ecommerce] [nio-8081-exec-3] o.s.data.mongodb.core.MongoTemplate      : find using query: { "email" : "moderator_test@gmail.com"} fields: Document{{}} for class: class com.ecommerce.cnj70.document.User in collection: users
2026-09-25T18:03:12.672+07:00 DEBUG 36788 --- [CNJ70 Ecommerce] [nio-8081-exec-4] o.s.data.mongodb.core.MongoTemplate      : find using query: { "email" : "moderator_test@gmail.com"} fields: Document{{}} for class: class com.ecommerce.cnj70.document.User in collection: users
2026-09-25T18:03:12.714+07:00 DEBUG 36788 --- [CNJ70 Ecommerce] [io-8081-exec-10] o.s.security.web.FilterChainProxy        : Secured GET /css/admin-ui.css
2026-09-25T18:03:12.718+07:00 DEBUG 36788 --- [CNJ70 Ecommerce] [nio-8081-exec-5] o.s.security.web.FilterChainProxy        : Securing GET /css/foundation/components.css
2026-09-25T18:03:12.720+07:00 DEBUG 36788 --- [CNJ70 Ecommerce] [nio-8081-exec-5] o.s.d.m.r.query.MongoQueryCreator        : Created query Query: { "email" : "moderator_test@gmail.com"}, Fields: {}, Sort: {}
2026-09-25T18:03:12.720+07:00 DEBUG 36788 --- [CNJ70 Ecommerce] [nio-8081-exec-5] o.s.data.mongodb.core.MongoTemplate      : find using query: { "email" : "moderator_test@gmail.com"} fields: Document{{}} for class: class com.ecommerce.cnj70.document.User in collection: users
2026-09-25T18:03:12.722+07:00 DEBUG 36788 --- [CNJ70 Ecommerce] [nio-8081-exec-4] o.s.security.web.FilterChainProxy        : Secured GET /css/foundation/tokens.css
2026-09-25T18:03:12.725+07:00 DEBUG 36788 --- [CNJ70 Ecommerce] [nio-8081-exec-6] o.s.security.web.FilterChainProxy        : Securing GET /css/foundation/layout.css
2026-09-25T18:03:12.728+07:00 DEBUG 36788 --- [CNJ70 Ecommerce] [nio-8081-exec-6] o.s.d.m.r.query.MongoQueryCreator        : Created query Query: { "email" : "moderator_test@gmail.com"}, Fields: {}, Sort: {}
2026-09-25T18:03:12.728+07:00 DEBUG 36788 --- [CNJ70 Ecommerce] [nio-8081-exec-6] o.s.data.mongodb.core.MongoTemplate      : find using query: { "email" : "moderator_test@gmail.com"} fields: Document{{}} for class: class com.ecommerce.cnj70.document.User in collection: users
2026-09-25T18:03:12.736+07:00 DEBUG 36788 --- [CNJ70 Ecommerce] [nio-8081-exec-3] o.s.security.web.FilterChainProxy        : Secured GET /css/foundation/base.css
2026-09-25T18:03:12.742+07:00 DEBUG 36788 --- [CNJ70 Ecommerce] [nio-8081-exec-2] o.s.security.web.FilterChainProxy        : Securing GET /css/foundation/responsive.css
2026-09-25T18:03:12.744+07:00 DEBUG 36788 --- [CNJ70 Ecommerce] [nio-8081-exec-2] o.s.d.m.r.query.MongoQueryCreator        : Created query Query: { "email" : "moderator_test@gmail.com"}, Fields: {}, Sort: {}
2026-09-25T18:03:12.745+07:00 DEBUG 36788 --- [CNJ70 Ecommerce] [nio-8081-exec-2] o.s.data.mongodb.core.MongoTemplate      : find using query: { "email" : "moderator_test@gmail.com"} fields: Document{{}} for class: class com.ecommerce.cnj70.document.User in collection: users
2026-09-25T18:03:12.771+07:00 DEBUG 36788 --- [CNJ70 Ecommerce] [nio-8081-exec-5] o.s.security.web.FilterChainProxy        : Secured GET /css/foundation/components.css
2026-09-25T18:03:12.776+07:00 DEBUG 36788 --- [CNJ70 Ecommerce] [nio-8081-exec-8] o.s.security.web.FilterChainProxy        : Securing GET /css/foundation/accessibility.css
2026-09-25T18:03:12.779+07:00 DEBUG 36788 --- [CNJ70 Ecommerce] [nio-8081-exec-8] o.s.d.m.r.query.MongoQueryCreator        : Created query Query: { "email" : "moderator_test@gmail.com"}, Fields: {}, Sort: {}
2026-09-25T18:03:12.779+07:00 DEBUG 36788 --- [CNJ70 Ecommerce] [nio-8081-exec-8] o.s.data.mongodb.core.MongoTemplate      : find using query: { "email" : "moderator_test@gmail.com"} fields: Document{{}} for class: class com.ecommerce.cnj70.document.User in collection: users
2026-09-25T18:03:12.783+07:00 DEBUG 36788 --- [CNJ70 Ecommerce] [nio-8081-exec-6] o.s.security.web.FilterChainProxy        : Secured GET /css/foundation/layout.css
2026-09-25T18:03:12.808+07:00 DEBUG 36788 --- [CNJ70 Ecommerce] [nio-8081-exec-2] o.s.security.web.FilterChainProxy        : Secured GET /css/foundation/responsive.css
2026-09-25T18:03:12.828+07:00 DEBUG 36788 --- [CNJ70 Ecommerce] [nio-8081-exec-8] o.s.security.web.FilterChainProxy        : Secured GET /css/foundation/accessibility.css
2026-09-25T18:03:17.245+07:00 DEBUG 36788 --- [CNJ70 Ecommerce] [nio-8081-exec-1] o.s.security.web.FilterChainProxy        : Securing GET /moderator/reviews
2026-09-25T18:03:17.246+07:00 DEBUG 36788 --- [CNJ70 Ecommerce] [nio-8081-exec-1] o.s.d.m.r.query.MongoQueryCreator        : Created query Query: { "email" : "moderator_test@gmail.com"}, Fields: {}, Sort: {}
2026-09-25T18:03:17.247+07:00 DEBUG 36788 --- [CNJ70 Ecommerce] [nio-8081-exec-1] o.s.data.mongodb.core.MongoTemplate      : find using query: { "email" : "moderator_test@gmail.com"} fields: Document{{}} for class: class com.ecommerce.cnj70.document.User in collection: users
2026-09-25T18:03:17.298+07:00 DEBUG 36788 --- [CNJ70 Ecommerce] [nio-8081-exec-1] o.s.security.web.FilterChainProxy        : Secured GET /moderator/reviews
2026-09-25T18:03:17.298+07:00 DEBUG 36788 --- [CNJ70 Ecommerce] [nio-8081-exec-1] o.s.d.m.r.query.MongoQueryCreator        : Created query Query: { "email" : "moderator_test@gmail.com"}, Fields: {}, Sort: {}
2026-09-25T18:03:17.298+07:00 DEBUG 36788 --- [CNJ70 Ecommerce] [nio-8081-exec-1] o.s.data.mongodb.core.MongoTemplate      : find using query: { "email" : "moderator_test@gmail.com"} fields: Document{{}} for class: class com.ecommerce.cnj70.document.User in collection: users
2026-09-25T18:03:17.349+07:00 DEBUG 36788 --- [CNJ70 Ecommerce] [nio-8081-exec-1] o.s.data.mongodb.core.MongoTemplate      : find using query: {} fields: Document{{}} for class: class com.ecommerce.cnj70.document.Voucher in collection: vouchers
2026-09-25T18:03:17.407+07:00 DEBUG 36788 --- [CNJ70 Ecommerce] [nio-8081-exec-1] o.s.d.m.r.query.MongoQueryCreator        : Created query Query: { "pipelineModerationStatus" : { "$in" : [ { "$java" : PENDING_MANUAL }, { "$java" : AUTO_PASSED }, { "$java" : AUTO_REJECTED } ] } }, Fields: {}, Sort: { "createdAt" : -1}
2026-09-25T18:03:17.407+07:00 DEBUG 36788 --- [CNJ70 Ecommerce] [nio-8081-exec-1] o.s.data.mongodb.core.MongoTemplate      : find using query: { "pipelineModerationStatus" : { "$in" : ["PENDING_MANUAL", "AUTO_PASSED", "AUTO_REJECTED"]}} fields: Document{{}} for class: class com.ecommerce.cnj70.document.Review in collection: reviews
2026-09-25T18:03:17.466+07:00 DEBUG 36788 --- [CNJ70 Ecommerce] [nio-8081-exec-1] o.s.data.mongodb.core.MongoTemplate      : findOne using query: { "id" : "6ab71100000000000000000c"} fields: Document{{}} for class: class com.ecommerce.cnj70.document.Product in collection: products
2026-09-25T18:03:17.516+07:00 DEBUG 36788 --- [CNJ70 Ecommerce] [nio-8081-exec-1] o.s.data.mongodb.core.MongoTemplate      : findOne using query: { "id" : "6a86ac30add146680e49cf64"} fields: Document{{}} for class: class com.ecommerce.cnj70.document.Shop in collection: shops
2026-09-25T18:03:17.566+07:00 DEBUG 36788 --- [CNJ70 Ecommerce] [nio-8081-exec-1] o.s.data.mongodb.core.MongoTemplate      : findOne using query: { "id" : "6ab71100000000000000000a"} fields: Document{{}} for class: class com.ecommerce.cnj70.document.Product in collection: products
2026-09-25T18:03:17.616+07:00 DEBUG 36788 --- [CNJ70 Ecommerce] [nio-8081-exec-1] o.s.data.mongodb.core.MongoTemplate      : findOne using query: { "id" : "6a86ac30add146680e49cf64"} fields: Document{{}} for class: class com.ecommerce.cnj70.document.Shop in collection: shops
2026-09-25T18:03:17.694+07:00 DEBUG 36788 --- [CNJ70 Ecommerce] [nio-8081-exec-7] o.s.security.web.FilterChainProxy        : Securing GET /css/dashboard.css
2026-09-25T18:03:17.694+07:00 DEBUG 36788 --- [CNJ70 Ecommerce] [io-8081-exec-10] o.s.security.web.FilterChainProxy        : Securing GET /css/foundation/index.css
2026-09-25T18:03:17.694+07:00 DEBUG 36788 --- [CNJ70 Ecommerce] [nio-8081-exec-9] o.s.security.web.FilterChainProxy        : Securing GET /css/admin-dashboard.css
2026-09-25T18:03:17.696+07:00 DEBUG 36788 --- [CNJ70 Ecommerce] [io-8081-exec-10] o.s.d.m.r.query.MongoQueryCreator        : Created query Query: { "email" : "moderator_test@gmail.com"}, Fields: {}, Sort: {}
2026-09-25T18:03:17.696+07:00 DEBUG 36788 --- [CNJ70 Ecommerce] [nio-8081-exec-7] o.s.d.m.r.query.MongoQueryCreator        : Created query Query: { "email" : "moderator_test@gmail.com"}, Fields: {}, Sort: {}
2026-09-25T18:03:17.696+07:00 DEBUG 36788 --- [CNJ70 Ecommerce] [nio-8081-exec-9] o.s.d.m.r.query.MongoQueryCreator        : Created query Query: { "email" : "moderator_test@gmail.com"}, Fields: {}, Sort: {}
2026-09-25T18:03:17.697+07:00 DEBUG 36788 --- [CNJ70 Ecommerce] [io-8081-exec-10] o.s.data.mongodb.core.MongoTemplate      : find using query: { "email" : "moderator_test@gmail.com"} fields: Document{{}} for class: class com.ecommerce.cnj70.document.User in collection: users
2026-09-25T18:03:17.697+07:00 DEBUG 36788 --- [CNJ70 Ecommerce] [nio-8081-exec-7] o.s.data.mongodb.core.MongoTemplate      : find using query: { "email" : "moderator_test@gmail.com"} fields: Document{{}} for class: class com.ecommerce.cnj70.document.User in collection: users
2026-09-25T18:03:17.697+07:00 DEBUG 36788 --- [CNJ70 Ecommerce] [nio-8081-exec-9] o.s.data.mongodb.core.MongoTemplate      : find using query: { "email" : "moderator_test@gmail.com"} fields: Document{{}} for class: class com.ecommerce.cnj70.document.User in collection: users
2026-09-25T18:03:17.747+07:00 DEBUG 36788 --- [CNJ70 Ecommerce] [io-8081-exec-10] o.s.security.web.FilterChainProxy        : Secured GET /css/foundation/index.css
2026-09-25T18:03:17.752+07:00 DEBUG 36788 --- [CNJ70 Ecommerce] [nio-8081-exec-9] o.s.security.web.FilterChainProxy        : Secured GET /css/admin-dashboard.css
2026-09-25T18:03:17.752+07:00 DEBUG 36788 --- [CNJ70 Ecommerce] [nio-8081-exec-4] o.s.security.web.FilterChainProxy        : Securing GET /css/admin-ui.css
2026-09-25T18:03:17.754+07:00 DEBUG 36788 --- [CNJ70 Ecommerce] [nio-8081-exec-4] o.s.d.m.r.query.MongoQueryCreator        : Created query Query: { "email" : "moderator_test@gmail.com"}, Fields: {}, Sort: {}
2026-09-25T18:03:17.754+07:00 DEBUG 36788 --- [CNJ70 Ecommerce] [nio-8081-exec-4] o.s.data.mongodb.core.MongoTemplate      : find using query: { "email" : "moderator_test@gmail.com"} fields: Document{{}} for class: class com.ecommerce.cnj70.document.User in collection: users
2026-09-25T18:03:17.758+07:00 DEBUG 36788 --- [CNJ70 Ecommerce] [nio-8081-exec-3] o.s.security.web.FilterChainProxy        : Securing GET /css/foundation/tokens.css
2026-09-25T18:03:17.759+07:00 DEBUG 36788 --- [CNJ70 Ecommerce] [nio-8081-exec-3] o.s.d.m.r.query.MongoQueryCreator        : Created query Query: { "email" : "moderator_test@gmail.com"}, Fields: {}, Sort: {}
2026-09-25T18:03:17.761+07:00 DEBUG 36788 --- [CNJ70 Ecommerce] [nio-8081-exec-3] o.s.data.mongodb.core.MongoTemplate      : find using query: { "email" : "moderator_test@gmail.com"} fields: Document{{}} for class: class com.ecommerce.cnj70.document.User in collection: users
2026-09-25T18:03:17.762+07:00 DEBUG 36788 --- [CNJ70 Ecommerce] [nio-8081-exec-7] o.s.security.web.FilterChainProxy        : Secured GET /css/dashboard.css
2026-09-25T18:03:17.774+07:00 DEBUG 36788 --- [CNJ70 Ecommerce] [nio-8081-exec-5] o.s.security.web.FilterChainProxy        : Securing GET /css/foundation/base.css
2026-09-25T18:03:17.777+07:00 DEBUG 36788 --- [CNJ70 Ecommerce] [nio-8081-exec-5] o.s.d.m.r.query.MongoQueryCreator        : Created query Query: { "email" : "moderator_test@gmail.com"}, Fields: {}, Sort: {}
2026-09-25T18:03:17.778+07:00 DEBUG 36788 --- [CNJ70 Ecommerce] [nio-8081-exec-5] o.s.data.mongodb.core.MongoTemplate      : find using query: { "email" : "moderator_test@gmail.com"} fields: Document{{}} for class: class com.ecommerce.cnj70.document.User in collection: users
2026-09-25T18:03:17.809+07:00 DEBUG 36788 --- [CNJ70 Ecommerce] [nio-8081-exec-4] o.s.security.web.FilterChainProxy        : Secured GET /css/admin-ui.css
2026-09-25T18:03:17.816+07:00 DEBUG 36788 --- [CNJ70 Ecommerce] [nio-8081-exec-6] o.s.security.web.FilterChainProxy        : Securing GET /css/foundation/components.css
2026-09-25T18:03:17.818+07:00 DEBUG 36788 --- [CNJ70 Ecommerce] [nio-8081-exec-6] o.s.d.m.r.query.MongoQueryCreator        : Created query Query: { "email" : "moderator_test@gmail.com"}, Fields: {}, Sort: {}
2026-09-25T18:03:17.819+07:00 DEBUG 36788 --- [CNJ70 Ecommerce] [nio-8081-exec-6] o.s.data.mongodb.core.MongoTemplate      : find using query: { "email" : "moderator_test@gmail.com"} fields: Document{{}} for class: class com.ecommerce.cnj70.document.User in collection: users
2026-09-25T18:03:17.825+07:00 DEBUG 36788 --- [CNJ70 Ecommerce] [nio-8081-exec-3] o.s.security.web.FilterChainProxy        : Secured GET /css/foundation/tokens.css
2026-09-25T18:03:17.828+07:00 DEBUG 36788 --- [CNJ70 Ecommerce] [nio-8081-exec-5] o.s.security.web.FilterChainProxy        : Secured GET /css/foundation/base.css
2026-09-25T18:03:17.830+07:00 DEBUG 36788 --- [CNJ70 Ecommerce] [nio-8081-exec-2] o.s.security.web.FilterChainProxy        : Securing GET /css/foundation/layout.css
2026-09-25T18:03:17.832+07:00 DEBUG 36788 --- [CNJ70 Ecommerce] [nio-8081-exec-2] o.s.d.m.r.query.MongoQueryCreator        : Created query Query: { "email" : "moderator_test@gmail.com"}, Fields: {}, Sort: {}
2026-09-25T18:03:17.833+07:00 DEBUG 36788 --- [CNJ70 Ecommerce] [nio-8081-exec-2] o.s.data.mongodb.core.MongoTemplate      : find using query: { "email" : "moderator_test@gmail.com"} fields: Document{{}} for class: class com.ecommerce.cnj70.document.User in collection: users
2026-09-25T18:03:17.834+07:00 DEBUG 36788 --- [CNJ70 Ecommerce] [nio-8081-exec-8] o.s.security.web.FilterChainProxy        : Securing GET /css/foundation/responsive.css
2026-09-25T18:03:17.836+07:00 DEBUG 36788 --- [CNJ70 Ecommerce] [nio-8081-exec-8] o.s.d.m.r.query.MongoQueryCreator        : Created query Query: { "email" : "moderator_test@gmail.com"}, Fields: {}, Sort: {}
2026-09-25T18:03:17.836+07:00 DEBUG 36788 --- [CNJ70 Ecommerce] [nio-8081-exec-8] o.s.data.mongodb.core.MongoTemplate      : find using query: { "email" : "moderator_test@gmail.com"} fields: Document{{}} for class: class com.ecommerce.cnj70.document.User in collection: users
2026-09-25T18:03:17.874+07:00 DEBUG 36788 --- [CNJ70 Ecommerce] [nio-8081-exec-6] o.s.security.web.FilterChainProxy        : Secured GET /css/foundation/components.css
2026-09-25T18:03:17.882+07:00 DEBUG 36788 --- [CNJ70 Ecommerce] [nio-8081-exec-1] o.s.security.web.FilterChainProxy        : Securing GET /css/foundation/accessibility.css
2026-09-25T18:03:17.885+07:00 DEBUG 36788 --- [CNJ70 Ecommerce] [nio-8081-exec-1] o.s.d.m.r.query.MongoQueryCreator        : Created query Query: { "email" : "moderator_test@gmail.com"}, Fields: {}, Sort: {}
2026-09-25T18:03:17.886+07:00 DEBUG 36788 --- [CNJ70 Ecommerce] [nio-8081-exec-1] o.s.data.mongodb.core.MongoTemplate      : find using query: { "email" : "moderator_test@gmail.com"} fields: Document{{}} for class: class com.ecommerce.cnj70.document.User in collection: users
2026-09-25T18:03:17.886+07:00 DEBUG 36788 --- [CNJ70 Ecommerce] [nio-8081-exec-2] o.s.security.web.FilterChainProxy        : Secured GET /css/foundation/layout.css
2026-09-25T18:03:17.901+07:00 DEBUG 36788 --- [CNJ70 Ecommerce] [nio-8081-exec-8] o.s.security.web.FilterChainProxy        : Secured GET /css/foundation/responsive.css
2026-09-25T18:03:17.936+07:00 DEBUG 36788 --- [CNJ70 Ecommerce] [nio-8081-exec-1] o.s.security.web.FilterChainProxy        : Secured GET /css/foundation/accessibility.css
2026-09-25T18:03:21.527+07:00 DEBUG 36788 --- [CNJ70 Ecommerce] [io-8081-exec-10] o.s.security.web.FilterChainProxy        : Securing GET /moderator/shops
2026-09-25T18:03:21.530+07:00 DEBUG 36788 --- [CNJ70 Ecommerce] [io-8081-exec-10] o.s.d.m.r.query.MongoQueryCreator        : Created query Query: { "email" : "moderator_test@gmail.com"}, Fields: {}, Sort: {}
2026-09-25T18:03:21.531+07:00 DEBUG 36788 --- [CNJ70 Ecommerce] [io-8081-exec-10] o.s.data.mongodb.core.MongoTemplate      : find using query: { "email" : "moderator_test@gmail.com"} fields: Document{{}} for class: class com.ecommerce.cnj70.document.User in collection: users
2026-09-25T18:03:21.581+07:00 DEBUG 36788 --- [CNJ70 Ecommerce] [io-8081-exec-10] o.s.security.web.FilterChainProxy        : Secured GET /moderator/shops
2026-09-25T18:03:21.581+07:00 DEBUG 36788 --- [CNJ70 Ecommerce] [io-8081-exec-10] o.s.d.m.r.query.MongoQueryCreator        : Created query Query: { "email" : "moderator_test@gmail.com"}, Fields: {}, Sort: {}
2026-09-25T18:03:21.583+07:00 DEBUG 36788 --- [CNJ70 Ecommerce] [io-8081-exec-10] o.s.data.mongodb.core.MongoTemplate      : find using query: { "email" : "moderator_test@gmail.com"} fields: Document{{}} for class: class com.ecommerce.cnj70.document.User in collection: users
2026-09-25T18:03:21.633+07:00 DEBUG 36788 --- [CNJ70 Ecommerce] [io-8081-exec-10] o.s.data.mongodb.core.MongoTemplate      : find using query: {} fields: Document{{}} for class: class com.ecommerce.cnj70.document.Voucher in collection: vouchers
2026-09-25T18:03:21.686+07:00 DEBUG 36788 --- [CNJ70 Ecommerce] [io-8081-exec-10] o.s.data.mongodb.core.MongoTemplate      : Executing count: {} in collection: shops
2026-09-25T18:03:21.736+07:00 DEBUG 36788 --- [CNJ70 Ecommerce] [io-8081-exec-10] o.s.data.mongodb.core.MongoTemplate      : find using query: {} fields: Document{{}} for class: class com.ecommerce.cnj70.document.Shop in collection: shops
2026-09-25T18:03:21.795+07:00 DEBUG 36788 --- [CNJ70 Ecommerce] [io-8081-exec-10] o.s.data.mongodb.core.MongoTemplate      : findOne using query: { "id" : "6a8ff775d619e83eaaff0c98"} fields: Document{{}} for class: class com.ecommerce.cnj70.document.User in collection: users
2026-09-25T18:03:21.844+07:00 DEBUG 36788 --- [CNJ70 Ecommerce] [io-8081-exec-10] o.s.data.mongodb.core.MongoTemplate      : findOne using query: { "id" : "6a9b9a34289de826a22aa6c2"} fields: Document{{}} for class: class com.ecommerce.cnj70.document.User in collection: users
2026-09-25T18:03:21.894+07:00 DEBUG 36788 --- [CNJ70 Ecommerce] [io-8081-exec-10] o.s.data.mongodb.core.MongoTemplate      : findOne using query: { "id" : "6a9b9a34289de826a22aa6c2"} fields: Document{{}} for class: class com.ecommerce.cnj70.document.User in collection: users
2026-09-25T18:03:21.942+07:00 DEBUG 36788 --- [CNJ70 Ecommerce] [io-8081-exec-10] o.s.data.mongodb.core.MongoTemplate      : findOne using query: { "id" : "6a9b9a34289de826a22aa6c2"} fields: Document{{}} for class: class com.ecommerce.cnj70.document.User in collection: users
2026-09-25T18:03:21.994+07:00 DEBUG 36788 --- [CNJ70 Ecommerce] [io-8081-exec-10] o.s.data.mongodb.core.MongoTemplate      : findOne using query: { "id" : "6a9b9a34289de826a22aa6c2"} fields: Document{{}} for class: class com.ecommerce.cnj70.document.User in collection: users
2026-09-25T18:03:22.044+07:00 DEBUG 36788 --- [CNJ70 Ecommerce] [io-8081-exec-10] o.s.data.mongodb.core.MongoTemplate      : findOne using query: { "id" : "6ab2330a5c87a80d07133292"} fields: Document{{}} for class: class com.ecommerce.cnj70.document.User in collection: users
2026-09-25T18:03:22.092+07:00 DEBUG 36788 --- [CNJ70 Ecommerce] [io-8081-exec-10] o.s.data.mongodb.core.MongoTemplate      : findOne using query: { "id" : "6ab2d0eec623dd43d281902e"} fields: Document{{}} for class: class com.ecommerce.cnj70.document.User in collection: users
2026-09-25T18:03:22.145+07:00 DEBUG 36788 --- [CNJ70 Ecommerce] [io-8081-exec-10] o.s.data.mongodb.core.MongoTemplate      : findOne using query: { "id" : "test_user_reject_1790326531414"} fields: Document{{}} for class: class com.ecommerce.cnj70.document.User in collection: users
2026-09-25T18:03:22.224+07:00 DEBUG 36788 --- [CNJ70 Ecommerce] [nio-8081-exec-9] o.s.security.web.FilterChainProxy        : Securing GET /css/dashboard.css
2026-09-25T18:03:22.226+07:00 DEBUG 36788 --- [CNJ70 Ecommerce] [nio-8081-exec-4] o.s.security.web.FilterChainProxy        : Securing GET /css/foundation/index.css
2026-09-25T18:03:22.226+07:00 DEBUG 36788 --- [CNJ70 Ecommerce] [nio-8081-exec-7] o.s.security.web.FilterChainProxy        : Securing GET /css/admin-dashboard.css
2026-09-25T18:03:22.227+07:00 DEBUG 36788 --- [CNJ70 Ecommerce] [nio-8081-exec-9] o.s.d.m.r.query.MongoQueryCreator        : Created query Query: { "email" : "moderator_test@gmail.com"}, Fields: {}, Sort: {}
2026-09-25T18:03:22.227+07:00 DEBUG 36788 --- [CNJ70 Ecommerce] [nio-8081-exec-4] o.s.d.m.r.query.MongoQueryCreator        : Created query Query: { "email" : "moderator_test@gmail.com"}, Fields: {}, Sort: {}
2026-09-25T18:03:22.227+07:00 DEBUG 36788 --- [CNJ70 Ecommerce] [nio-8081-exec-7] o.s.d.m.r.query.MongoQueryCreator        : Created query Query: { "email" : "moderator_test@gmail.com"}, Fields: {}, Sort: {}
2026-09-25T18:03:22.228+07:00 DEBUG 36788 --- [CNJ70 Ecommerce] [nio-8081-exec-4] o.s.data.mongodb.core.MongoTemplate      : find using query: { "email" : "moderator_test@gmail.com"} fields: Document{{}} for class: class com.ecommerce.cnj70.document.User in collection: users
2026-09-25T18:03:22.228+07:00 DEBUG 36788 --- [CNJ70 Ecommerce] [nio-8081-exec-9] o.s.data.mongodb.core.MongoTemplate      : find using query: { "email" : "moderator_test@gmail.com"} fields: Document{{}} for class: class com.ecommerce.cnj70.document.User in collection: users
2026-09-25T18:03:22.228+07:00 DEBUG 36788 --- [CNJ70 Ecommerce] [nio-8081-exec-7] o.s.data.mongodb.core.MongoTemplate      : find using query: { "email" : "moderator_test@gmail.com"} fields: Document{{}} for class: class com.ecommerce.cnj70.document.User in collection: users
2026-09-25T18:03:22.279+07:00 DEBUG 36788 --- [CNJ70 Ecommerce] [nio-8081-exec-4] o.s.security.web.FilterChainProxy        : Secured GET /css/foundation/index.css
2026-09-25T18:03:22.282+07:00 DEBUG 36788 --- [CNJ70 Ecommerce] [nio-8081-exec-7] o.s.security.web.FilterChainProxy        : Secured GET /css/admin-dashboard.css
2026-09-25T18:03:22.284+07:00 DEBUG 36788 --- [CNJ70 Ecommerce] [nio-8081-exec-3] o.s.security.web.FilterChainProxy        : Securing GET /css/admin-ui.css
2026-09-25T18:03:22.286+07:00 DEBUG 36788 --- [CNJ70 Ecommerce] [nio-8081-exec-3] o.s.d.m.r.query.MongoQueryCreator        : Created query Query: { "email" : "moderator_test@gmail.com"}, Fields: {}, Sort: {}
2026-09-25T18:03:22.287+07:00 DEBUG 36788 --- [CNJ70 Ecommerce] [nio-8081-exec-3] o.s.data.mongodb.core.MongoTemplate      : find using query: { "email" : "moderator_test@gmail.com"} fields: Document{{}} for class: class com.ecommerce.cnj70.document.User in collection: users
2026-09-25T18:03:22.289+07:00 DEBUG 36788 --- [CNJ70 Ecommerce] [nio-8081-exec-5] o.s.security.web.FilterChainProxy        : Securing GET /css/foundation/tokens.css
2026-09-25T18:03:22.290+07:00 DEBUG 36788 --- [CNJ70 Ecommerce] [nio-8081-exec-5] o.s.d.m.r.query.MongoQueryCreator        : Created query Query: { "email" : "moderator_test@gmail.com"}, Fields: {}, Sort: {}
2026-09-25T18:03:22.292+07:00 DEBUG 36788 --- [CNJ70 Ecommerce] [nio-8081-exec-5] o.s.data.mongodb.core.MongoTemplate      : find using query: { "email" : "moderator_test@gmail.com"} fields: Document{{}} for class: class com.ecommerce.cnj70.document.User in collection: users
2026-09-25T18:03:22.295+07:00 DEBUG 36788 --- [CNJ70 Ecommerce] [nio-8081-exec-9] o.s.security.web.FilterChainProxy        : Secured GET /css/dashboard.css
2026-09-25T18:03:22.300+07:00 DEBUG 36788 --- [CNJ70 Ecommerce] [nio-8081-exec-6] o.s.security.web.FilterChainProxy        : Securing GET /css/foundation/base.css
2026-09-25T18:03:22.303+07:00 DEBUG 36788 --- [CNJ70 Ecommerce] [nio-8081-exec-6] o.s.d.m.r.query.MongoQueryCreator        : Created query Query: { "email" : "moderator_test@gmail.com"}, Fields: {}, Sort: {}
2026-09-25T18:03:22.304+07:00 DEBUG 36788 --- [CNJ70 Ecommerce] [nio-8081-exec-6] o.s.data.mongodb.core.MongoTemplate      : find using query: { "email" : "moderator_test@gmail.com"} fields: Document{{}} for class: class com.ecommerce.cnj70.document.User in collection: users
2026-09-25T18:03:22.342+07:00 DEBUG 36788 --- [CNJ70 Ecommerce] [nio-8081-exec-3] o.s.security.web.FilterChainProxy        : Secured GET /css/admin-ui.css
2026-09-25T18:03:22.349+07:00 DEBUG 36788 --- [CNJ70 Ecommerce] [nio-8081-exec-2] o.s.security.web.FilterChainProxy        : Securing GET /css/foundation/components.css
2026-09-25T18:03:22.351+07:00 DEBUG 36788 --- [CNJ70 Ecommerce] [nio-8081-exec-2] o.s.d.m.r.query.MongoQueryCreator        : Created query Query: { "email" : "moderator_test@gmail.com"}, Fields: {}, Sort: {}
2026-09-25T18:03:22.351+07:00 DEBUG 36788 --- [CNJ70 Ecommerce] [nio-8081-exec-2] o.s.data.mongodb.core.MongoTemplate      : find using query: { "email" : "moderator_test@gmail.com"} fields: Document{{}} for class: class com.ecommerce.cnj70.document.User in collection: users
2026-09-25T18:03:22.353+07:00 DEBUG 36788 --- [CNJ70 Ecommerce] [nio-8081-exec-6] o.s.security.web.FilterChainProxy        : Secured GET /css/foundation/base.css
2026-09-25T18:03:22.358+07:00 DEBUG 36788 --- [CNJ70 Ecommerce] [nio-8081-exec-5] o.s.security.web.FilterChainProxy        : Secured GET /css/foundation/tokens.css
2026-09-25T18:03:22.358+07:00 DEBUG 36788 --- [CNJ70 Ecommerce] [nio-8081-exec-8] o.s.security.web.FilterChainProxy        : Securing GET /css/foundation/layout.css
2026-09-25T18:03:22.359+07:00 DEBUG 36788 --- [CNJ70 Ecommerce] [nio-8081-exec-8] o.s.d.m.r.query.MongoQueryCreator        : Created query Query: { "email" : "moderator_test@gmail.com"}, Fields: {}, Sort: {}
2026-09-25T18:03:22.361+07:00 DEBUG 36788 --- [CNJ70 Ecommerce] [nio-8081-exec-8] o.s.data.mongodb.core.MongoTemplate      : find using query: { "email" : "moderator_test@gmail.com"} fields: Document{{}} for class: class com.ecommerce.cnj70.document.User in collection: users
2026-09-25T18:03:22.364+07:00 DEBUG 36788 --- [CNJ70 Ecommerce] [nio-8081-exec-1] o.s.security.web.FilterChainProxy        : Securing GET /css/foundation/responsive.css
2026-09-25T18:03:22.364+07:00 DEBUG 36788 --- [CNJ70 Ecommerce] [nio-8081-exec-1] o.s.d.m.r.query.MongoQueryCreator        : Created query Query: { "email" : "moderator_test@gmail.com"}, Fields: {}, Sort: {}
2026-09-25T18:03:22.364+07:00 DEBUG 36788 --- [CNJ70 Ecommerce] [nio-8081-exec-1] o.s.data.mongodb.core.MongoTemplate      : find using query: { "email" : "moderator_test@gmail.com"} fields: Document{{}} for class: class com.ecommerce.cnj70.document.User in collection: users
2026-09-25T18:03:22.405+07:00 DEBUG 36788 --- [CNJ70 Ecommerce] [nio-8081-exec-2] o.s.security.web.FilterChainProxy        : Secured GET /css/foundation/components.css
2026-09-25T18:03:22.409+07:00 DEBUG 36788 --- [CNJ70 Ecommerce] [io-8081-exec-10] o.s.security.web.FilterChainProxy        : Securing GET /css/foundation/accessibility.css
2026-09-25T18:03:22.411+07:00 DEBUG 36788 --- [CNJ70 Ecommerce] [io-8081-exec-10] o.s.d.m.r.query.MongoQueryCreator        : Created query Query: { "email" : "moderator_test@gmail.com"}, Fields: {}, Sort: {}
2026-09-25T18:03:22.412+07:00 DEBUG 36788 --- [CNJ70 Ecommerce] [io-8081-exec-10] o.s.data.mongodb.core.MongoTemplate      : find using query: { "email" : "moderator_test@gmail.com"} fields: Document{{}} for class: class com.ecommerce.cnj70.document.User in collection: users
2026-09-25T18:03:22.416+07:00 DEBUG 36788 --- [CNJ70 Ecommerce] [nio-8081-exec-1] o.s.security.web.FilterChainProxy        : Secured GET /css/foundation/responsive.css
2026-09-25T18:03:22.425+07:00 DEBUG 36788 --- [CNJ70 Ecommerce] [nio-8081-exec-8] o.s.security.web.FilterChainProxy        : Secured GET /css/foundation/layout.css
2026-09-25T18:03:22.466+07:00 DEBUG 36788 --- [CNJ70 Ecommerce] [io-8081-exec-10] o.s.security.web.FilterChainProxy        : Secured GET /css/foundation/accessibility.css
2026-09-25T18:03:27.652+07:00 DEBUG 36788 --- [CNJ70 Ecommerce] [nio-8081-exec-4] o.s.security.web.FilterChainProxy        : Securing GET /moderator/cases
2026-09-25T18:03:27.656+07:00 DEBUG 36788 --- [CNJ70 Ecommerce] [nio-8081-exec-4] o.s.d.m.r.query.MongoQueryCreator        : Created query Query: { "email" : "moderator_test@gmail.com"}, Fields: {}, Sort: {}
2026-09-25T18:03:27.656+07:00 DEBUG 36788 --- [CNJ70 Ecommerce] [nio-8081-exec-4] o.s.data.mongodb.core.MongoTemplate      : find using query: { "email" : "moderator_test@gmail.com"} fields: Document{{}} for class: class com.ecommerce.cnj70.document.User in collection: users
2026-09-25T18:03:27.717+07:00 DEBUG 36788 --- [CNJ70 Ecommerce] [nio-8081-exec-4] o.s.security.web.FilterChainProxy        : Secured GET /moderator/cases
2026-09-25T18:03:27.720+07:00 DEBUG 36788 --- [CNJ70 Ecommerce] [nio-8081-exec-4] o.s.d.m.r.query.MongoQueryCreator        : Created query Query: { "email" : "moderator_test@gmail.com"}, Fields: {}, Sort: {}
2026-09-25T18:03:27.720+07:00 DEBUG 36788 --- [CNJ70 Ecommerce] [nio-8081-exec-4] o.s.data.mongodb.core.MongoTemplate      : find using query: { "email" : "moderator_test@gmail.com"} fields: Document{{}} for class: class com.ecommerce.cnj70.document.User in collection: users
2026-09-25T18:03:27.774+07:00 DEBUG 36788 --- [CNJ70 Ecommerce] [nio-8081-exec-4] o.s.data.mongodb.core.MongoTemplate      : find using query: {} fields: Document{{}} for class: class com.ecommerce.cnj70.document.Voucher in collection: vouchers
2026-09-25T18:03:27.831+07:00 DEBUG 36788 --- [CNJ70 Ecommerce] [nio-8081-exec-4] o.s.d.m.r.query.MongoQueryCreator        : Created query Query: { "status" : { "$in" : [ { "$java" : OPEN }, { "$java" : IN_REVIEW } ] } }, Fields: {}, Sort: { "createdAt" : -1}
2026-09-25T18:03:27.834+07:00 DEBUG 36788 --- [CNJ70 Ecommerce] [nio-8081-exec-4] o.s.data.mongodb.core.MongoTemplate      : find using query: { "status" : { "$in" : ["OPEN", "IN_REVIEW"]}} fields: Document{{}} for class: class com.ecommerce.cnj70.document.ReportCase in collection: report_cases
2026-09-25T18:03:27.942+07:00 DEBUG 36788 --- [CNJ70 Ecommerce] [nio-8081-exec-9] o.s.security.web.FilterChainProxy        : Securing GET /css/admin-dashboard.css
2026-09-25T18:03:27.942+07:00 DEBUG 36788 --- [CNJ70 Ecommerce] [nio-8081-exec-7] o.s.security.web.FilterChainProxy        : Securing GET /css/dashboard.css
2026-09-25T18:03:27.943+07:00 DEBUG 36788 --- [CNJ70 Ecommerce] [nio-8081-exec-3] o.s.security.web.FilterChainProxy        : Securing GET /css/foundation/index.css
2026-09-25T18:03:27.944+07:00 DEBUG 36788 --- [CNJ70 Ecommerce] [nio-8081-exec-9] o.s.d.m.r.query.MongoQueryCreator        : Created query Query: { "email" : "moderator_test@gmail.com"}, Fields: {}, Sort: {}
2026-09-25T18:03:27.944+07:00 DEBUG 36788 --- [CNJ70 Ecommerce] [nio-8081-exec-3] o.s.d.m.r.query.MongoQueryCreator        : Created query Query: { "email" : "moderator_test@gmail.com"}, Fields: {}, Sort: {}
2026-09-25T18:03:27.944+07:00 DEBUG 36788 --- [CNJ70 Ecommerce] [nio-8081-exec-7] o.s.d.m.r.query.MongoQueryCreator        : Created query Query: { "email" : "moderator_test@gmail.com"}, Fields: {}, Sort: {}
2026-09-25T18:03:27.944+07:00 DEBUG 36788 --- [CNJ70 Ecommerce] [nio-8081-exec-9] o.s.data.mongodb.core.MongoTemplate      : find using query: { "email" : "moderator_test@gmail.com"} fields: Document{{}} for class: class com.ecommerce.cnj70.document.User in collection: users
2026-09-25T18:03:27.944+07:00 DEBUG 36788 --- [CNJ70 Ecommerce] [nio-8081-exec-3] o.s.data.mongodb.core.MongoTemplate      : find using query: { "email" : "moderator_test@gmail.com"} fields: Document{{}} for class: class com.ecommerce.cnj70.document.User in collection: users
2026-09-25T18:03:27.944+07:00 DEBUG 36788 --- [CNJ70 Ecommerce] [nio-8081-exec-7] o.s.data.mongodb.core.MongoTemplate      : find using query: { "email" : "moderator_test@gmail.com"} fields: Document{{}} for class: class com.ecommerce.cnj70.document.User in collection: users
2026-09-25T18:03:27.996+07:00 DEBUG 36788 --- [CNJ70 Ecommerce] [nio-8081-exec-7] o.s.security.web.FilterChainProxy        : Secured GET /css/dashboard.css
2026-09-25T18:03:27.998+07:00 DEBUG 36788 --- [CNJ70 Ecommerce] [nio-8081-exec-9] o.s.security.web.FilterChainProxy        : Secured GET /css/admin-dashboard.css
2026-09-25T18:03:28.003+07:00 DEBUG 36788 --- [CNJ70 Ecommerce] [nio-8081-exec-6] o.s.security.web.FilterChainProxy        : Securing GET /css/admin-ui.css
2026-09-25T18:03:28.005+07:00 DEBUG 36788 --- [CNJ70 Ecommerce] [nio-8081-exec-6] o.s.d.m.r.query.MongoQueryCreator        : Created query Query: { "email" : "moderator_test@gmail.com"}, Fields: {}, Sort: {}
2026-09-25T18:03:28.006+07:00 DEBUG 36788 --- [CNJ70 Ecommerce] [nio-8081-exec-6] o.s.data.mongodb.core.MongoTemplate      : find using query: { "email" : "moderator_test@gmail.com"} fields: Document{{}} for class: class com.ecommerce.cnj70.document.User in collection: users
2026-09-25T18:03:28.010+07:00 DEBUG 36788 --- [CNJ70 Ecommerce] [nio-8081-exec-3] o.s.security.web.FilterChainProxy        : Secured GET /css/foundation/index.css
2026-09-25T18:03:28.018+07:00 DEBUG 36788 --- [CNJ70 Ecommerce] [nio-8081-exec-2] o.s.security.web.FilterChainProxy        : Securing GET /css/foundation/base.css
2026-09-25T18:03:28.018+07:00 DEBUG 36788 --- [CNJ70 Ecommerce] [nio-8081-exec-5] o.s.security.web.FilterChainProxy        : Securing GET /css/foundation/tokens.css
2026-09-25T18:03:28.019+07:00 DEBUG 36788 --- [CNJ70 Ecommerce] [nio-8081-exec-5] o.s.d.m.r.query.MongoQueryCreator        : Created query Query: { "email" : "moderator_test@gmail.com"}, Fields: {}, Sort: {}
2026-09-25T18:03:28.019+07:00 DEBUG 36788 --- [CNJ70 Ecommerce] [nio-8081-exec-2] o.s.d.m.r.query.MongoQueryCreator        : Created query Query: { "email" : "moderator_test@gmail.com"}, Fields: {}, Sort: {}
2026-09-25T18:03:28.020+07:00 DEBUG 36788 --- [CNJ70 Ecommerce] [nio-8081-exec-5] o.s.data.mongodb.core.MongoTemplate      : find using query: { "email" : "moderator_test@gmail.com"} fields: Document{{}} for class: class com.ecommerce.cnj70.document.User in collection: users
2026-09-25T18:03:28.020+07:00 DEBUG 36788 --- [CNJ70 Ecommerce] [nio-8081-exec-2] o.s.data.mongodb.core.MongoTemplate      : find using query: { "email" : "moderator_test@gmail.com"} fields: Document{{}} for class: class com.ecommerce.cnj70.document.User in collection: users
2026-09-25T18:03:28.059+07:00 DEBUG 36788 --- [CNJ70 Ecommerce] [nio-8081-exec-6] o.s.security.web.FilterChainProxy        : Secured GET /css/admin-ui.css
2026-09-25T18:03:28.065+07:00 DEBUG 36788 --- [CNJ70 Ecommerce] [nio-8081-exec-1] o.s.security.web.FilterChainProxy        : Securing GET /css/foundation/components.css
2026-09-25T18:03:28.067+07:00 DEBUG 36788 --- [CNJ70 Ecommerce] [nio-8081-exec-1] o.s.d.m.r.query.MongoQueryCreator        : Created query Query: { "email" : "moderator_test@gmail.com"}, Fields: {}, Sort: {}
2026-09-25T18:03:28.068+07:00 DEBUG 36788 --- [CNJ70 Ecommerce] [nio-8081-exec-1] o.s.data.mongodb.core.MongoTemplate      : find using query: { "email" : "moderator_test@gmail.com"} fields: Document{{}} for class: class com.ecommerce.cnj70.document.User in collection: users
2026-09-25T18:03:28.073+07:00 DEBUG 36788 --- [CNJ70 Ecommerce] [nio-8081-exec-2] o.s.security.web.FilterChainProxy        : Secured GET /css/foundation/base.css
2026-09-25T18:03:28.078+07:00 DEBUG 36788 --- [CNJ70 Ecommerce] [nio-8081-exec-8] o.s.security.web.FilterChainProxy        : Securing GET /css/foundation/layout.css
2026-09-25T18:03:28.079+07:00 DEBUG 36788 --- [CNJ70 Ecommerce] [nio-8081-exec-8] o.s.d.m.r.query.MongoQueryCreator        : Created query Query: { "email" : "moderator_test@gmail.com"}, Fields: {}, Sort: {}
2026-09-25T18:03:28.080+07:00 DEBUG 36788 --- [CNJ70 Ecommerce] [nio-8081-exec-8] o.s.data.mongodb.core.MongoTemplate      : find using query: { "email" : "moderator_test@gmail.com"} fields: Document{{}} for class: class com.ecommerce.cnj70.document.User in collection: users
2026-09-25T18:03:28.087+07:00 DEBUG 36788 --- [CNJ70 Ecommerce] [nio-8081-exec-5] o.s.security.web.FilterChainProxy        : Secured GET /css/foundation/tokens.css
2026-09-25T18:03:28.092+07:00 DEBUG 36788 --- [CNJ70 Ecommerce] [io-8081-exec-10] o.s.security.web.FilterChainProxy        : Securing GET /css/foundation/responsive.css
2026-09-25T18:03:28.093+07:00 DEBUG 36788 --- [CNJ70 Ecommerce] [io-8081-exec-10] o.s.d.m.r.query.MongoQueryCreator        : Created query Query: { "email" : "moderator_test@gmail.com"}, Fields: {}, Sort: {}
2026-09-25T18:03:28.093+07:00 DEBUG 36788 --- [CNJ70 Ecommerce] [io-8081-exec-10] o.s.data.mongodb.core.MongoTemplate      : find using query: { "email" : "moderator_test@gmail.com"} fields: Document{{}} for class: class com.ecommerce.cnj70.document.User in collection: users
2026-09-25T18:03:28.123+07:00 DEBUG 36788 --- [CNJ70 Ecommerce] [nio-8081-exec-1] o.s.security.web.FilterChainProxy        : Secured GET /css/foundation/components.css
2026-09-25T18:03:28.128+07:00 DEBUG 36788 --- [CNJ70 Ecommerce] [nio-8081-exec-4] o.s.security.web.FilterChainProxy        : Securing GET /css/foundation/accessibility.css
2026-09-25T18:03:28.130+07:00 DEBUG 36788 --- [CNJ70 Ecommerce] [nio-8081-exec-4] o.s.d.m.r.query.MongoQueryCreator        : Created query Query: { "email" : "moderator_test@gmail.com"}, Fields: {}, Sort: {}
2026-09-25T18:03:28.130+07:00 DEBUG 36788 --- [CNJ70 Ecommerce] [nio-8081-exec-4] o.s.data.mongodb.core.MongoTemplate      : find using query: { "email" : "moderator_test@gmail.com"} fields: Document{{}} for class: class com.ecommerce.cnj70.document.User in collection: users
2026-09-25T18:03:28.131+07:00 DEBUG 36788 --- [CNJ70 Ecommerce] [nio-8081-exec-8] o.s.security.web.FilterChainProxy        : Secured GET /css/foundation/layout.css
2026-09-25T18:03:28.158+07:00 DEBUG 36788 --- [CNJ70 Ecommerce] [io-8081-exec-10] o.s.security.web.FilterChainProxy        : Secured GET /css/foundation/responsive.css
2026-09-25T18:03:28.182+07:00 DEBUG 36788 --- [CNJ70 Ecommerce] [nio-8081-exec-4] o.s.security.web.FilterChainProxy        : Secured GET /css/foundation/accessibility.css
2026-09-25T18:03:31.729+07:00 DEBUG 36788 --- [CNJ70 Ecommerce] [nio-8081-exec-7] o.s.security.web.FilterChainProxy        : Securing GET /moderator/kyc
2026-09-25T18:03:31.733+07:00 DEBUG 36788 --- [CNJ70 Ecommerce] [nio-8081-exec-7] o.s.d.m.r.query.MongoQueryCreator        : Created query Query: { "email" : "moderator_test@gmail.com"}, Fields: {}, Sort: {}
2026-09-25T18:03:31.733+07:00 DEBUG 36788 --- [CNJ70 Ecommerce] [nio-8081-exec-7] o.s.data.mongodb.core.MongoTemplate      : find using query: { "email" : "moderator_test@gmail.com"} fields: Document{{}} for class: class com.ecommerce.cnj70.document.User in collection: users
2026-09-25T18:03:31.785+07:00 DEBUG 36788 --- [CNJ70 Ecommerce] [nio-8081-exec-7] o.s.security.web.FilterChainProxy        : Secured GET /moderator/kyc
2026-09-25T18:03:31.786+07:00 DEBUG 36788 --- [CNJ70 Ecommerce] [nio-8081-exec-7] o.s.d.m.r.query.MongoQueryCreator        : Created query Query: { "email" : "moderator_test@gmail.com"}, Fields: {}, Sort: {}
2026-09-25T18:03:31.787+07:00 DEBUG 36788 --- [CNJ70 Ecommerce] [nio-8081-exec-7] o.s.data.mongodb.core.MongoTemplate      : find using query: { "email" : "moderator_test@gmail.com"} fields: Document{{}} for class: class com.ecommerce.cnj70.document.User in collection: users
2026-09-25T18:03:31.837+07:00 DEBUG 36788 --- [CNJ70 Ecommerce] [nio-8081-exec-7] o.s.data.mongodb.core.MongoTemplate      : find using query: {} fields: Document{{}} for class: class com.ecommerce.cnj70.document.Voucher in collection: vouchers
2026-09-25T18:03:31.891+07:00 DEBUG 36788 --- [CNJ70 Ecommerce] [nio-8081-exec-7] o.s.d.m.r.query.MongoQueryCreator        : Created query Query: { "kycStatus" : { "$java" : PENDING_THIRD_PARTY } }, Fields: {}, Sort: { "kycSubmittedAt" : -1}
2026-09-25T18:03:31.892+07:00 DEBUG 36788 --- [CNJ70 Ecommerce] [nio-8081-exec-7] o.s.data.mongodb.core.MongoTemplate      : find using query: { "kycStatus" : "PENDING_THIRD_PARTY"} fields: Document{{}} for class: class com.ecommerce.cnj70.document.Shop in collection: shops
2026-09-25T18:03:31.967+07:00 DEBUG 36788 --- [CNJ70 Ecommerce] [nio-8081-exec-3] o.s.security.web.FilterChainProxy        : Securing GET /css/admin-dashboard.css
2026-09-25T18:03:31.967+07:00 DEBUG 36788 --- [CNJ70 Ecommerce] [nio-8081-exec-9] o.s.security.web.FilterChainProxy        : Securing GET /css/dashboard.css
2026-09-25T18:03:31.967+07:00 DEBUG 36788 --- [CNJ70 Ecommerce] [nio-8081-exec-6] o.s.security.web.FilterChainProxy        : Securing GET /css/foundation/index.css
2026-09-25T18:03:31.970+07:00 DEBUG 36788 --- [CNJ70 Ecommerce] [nio-8081-exec-9] o.s.d.m.r.query.MongoQueryCreator        : Created query Query: { "email" : "moderator_test@gmail.com"}, Fields: {}, Sort: {}
2026-09-25T18:03:31.970+07:00 DEBUG 36788 --- [CNJ70 Ecommerce] [nio-8081-exec-3] o.s.d.m.r.query.MongoQueryCreator        : Created query Query: { "email" : "moderator_test@gmail.com"}, Fields: {}, Sort: {}
2026-09-25T18:03:31.970+07:00 DEBUG 36788 --- [CNJ70 Ecommerce] [nio-8081-exec-6] o.s.d.m.r.query.MongoQueryCreator        : Created query Query: { "email" : "moderator_test@gmail.com"}, Fields: {}, Sort: {}
2026-09-25T18:03:31.970+07:00 DEBUG 36788 --- [CNJ70 Ecommerce] [nio-8081-exec-9] o.s.data.mongodb.core.MongoTemplate      : find using query: { "email" : "moderator_test@gmail.com"} fields: Document{{}} for class: class com.ecommerce.cnj70.document.User in collection: users
2026-09-25T18:03:31.970+07:00 DEBUG 36788 --- [CNJ70 Ecommerce] [nio-8081-exec-3] o.s.data.mongodb.core.MongoTemplate      : find using query: { "email" : "moderator_test@gmail.com"} fields: Document{{}} for class: class com.ecommerce.cnj70.document.User in collection: users
2026-09-25T18:03:31.970+07:00 DEBUG 36788 --- [CNJ70 Ecommerce] [nio-8081-exec-6] o.s.data.mongodb.core.MongoTemplate      : find using query: { "email" : "moderator_test@gmail.com"} fields: Document{{}} for class: class com.ecommerce.cnj70.document.User in collection: users
2026-09-25T18:03:32.024+07:00 DEBUG 36788 --- [CNJ70 Ecommerce] [nio-8081-exec-9] o.s.security.web.FilterChainProxy        : Secured GET /css/dashboard.css
2026-09-25T18:03:32.029+07:00 DEBUG 36788 --- [CNJ70 Ecommerce] [nio-8081-exec-6] o.s.security.web.FilterChainProxy        : Secured GET /css/foundation/index.css
2026-09-25T18:03:32.032+07:00 DEBUG 36788 --- [CNJ70 Ecommerce] [nio-8081-exec-2] o.s.security.web.FilterChainProxy        : Securing GET /css/admin-ui.css
2026-09-25T18:03:32.034+07:00 DEBUG 36788 --- [CNJ70 Ecommerce] [nio-8081-exec-5] o.s.security.web.FilterChainProxy        : Securing GET /css/foundation/tokens.css
2026-09-25T18:03:32.034+07:00 DEBUG 36788 --- [CNJ70 Ecommerce] [nio-8081-exec-2] o.s.d.m.r.query.MongoQueryCreator        : Created query Query: { "email" : "moderator_test@gmail.com"}, Fields: {}, Sort: {}
2026-09-25T18:03:32.036+07:00 DEBUG 36788 --- [CNJ70 Ecommerce] [nio-8081-exec-5] o.s.d.m.r.query.MongoQueryCreator        : Created query Query: { "email" : "moderator_test@gmail.com"}, Fields: {}, Sort: {}
2026-09-25T18:03:32.036+07:00 DEBUG 36788 --- [CNJ70 Ecommerce] [nio-8081-exec-3] o.s.security.web.FilterChainProxy        : Secured GET /css/admin-dashboard.css
2026-09-25T18:03:32.036+07:00 DEBUG 36788 --- [CNJ70 Ecommerce] [nio-8081-exec-5] o.s.data.mongodb.core.MongoTemplate      : find using query: { "email" : "moderator_test@gmail.com"} fields: Document{{}} for class: class com.ecommerce.cnj70.document.User in collection: users
2026-09-25T18:03:32.036+07:00 DEBUG 36788 --- [CNJ70 Ecommerce] [nio-8081-exec-2] o.s.data.mongodb.core.MongoTemplate      : find using query: { "email" : "moderator_test@gmail.com"} fields: Document{{}} for class: class com.ecommerce.cnj70.document.User in collection: users
2026-09-25T18:03:32.041+07:00 DEBUG 36788 --- [CNJ70 Ecommerce] [nio-8081-exec-1] o.s.security.web.FilterChainProxy        : Securing GET /css/foundation/base.css
2026-09-25T18:03:32.043+07:00 DEBUG 36788 --- [CNJ70 Ecommerce] [nio-8081-exec-1] o.s.d.m.r.query.MongoQueryCreator        : Created query Query: { "email" : "moderator_test@gmail.com"}, Fields: {}, Sort: {}
2026-09-25T18:03:32.044+07:00 DEBUG 36788 --- [CNJ70 Ecommerce] [nio-8081-exec-1] o.s.data.mongodb.core.MongoTemplate      : find using query: { "email" : "moderator_test@gmail.com"} fields: Document{{}} for class: class com.ecommerce.cnj70.document.User in collection: users
2026-09-25T18:03:32.091+07:00 DEBUG 36788 --- [CNJ70 Ecommerce] [nio-8081-exec-2] o.s.security.web.FilterChainProxy        : Secured GET /css/admin-ui.css
2026-09-25T18:03:32.094+07:00 DEBUG 36788 --- [CNJ70 Ecommerce] [nio-8081-exec-1] o.s.security.web.FilterChainProxy        : Secured GET /css/foundation/base.css
2026-09-25T18:03:32.096+07:00 DEBUG 36788 --- [CNJ70 Ecommerce] [nio-8081-exec-8] o.s.security.web.FilterChainProxy        : Securing GET /css/foundation/components.css
2026-09-25T18:03:32.098+07:00 DEBUG 36788 --- [CNJ70 Ecommerce] [nio-8081-exec-8] o.s.d.m.r.query.MongoQueryCreator        : Created query Query: { "email" : "moderator_test@gmail.com"}, Fields: {}, Sort: {}
2026-09-25T18:03:32.099+07:00 DEBUG 36788 --- [CNJ70 Ecommerce] [nio-8081-exec-8] o.s.data.mongodb.core.MongoTemplate      : find using query: { "email" : "moderator_test@gmail.com"} fields: Document{{}} for class: class com.ecommerce.cnj70.document.User in collection: users
2026-09-25T18:03:32.100+07:00 DEBUG 36788 --- [CNJ70 Ecommerce] [io-8081-exec-10] o.s.security.web.FilterChainProxy        : Securing GET /css/foundation/layout.css
2026-09-25T18:03:32.101+07:00 DEBUG 36788 --- [CNJ70 Ecommerce] [io-8081-exec-10] o.s.d.m.r.query.MongoQueryCreator        : Created query Query: { "email" : "moderator_test@gmail.com"}, Fields: {}, Sort: {}
2026-09-25T18:03:32.101+07:00 DEBUG 36788 --- [CNJ70 Ecommerce] [nio-8081-exec-5] o.s.security.web.FilterChainProxy        : Secured GET /css/foundation/tokens.css
2026-09-25T18:03:32.101+07:00 DEBUG 36788 --- [CNJ70 Ecommerce] [io-8081-exec-10] o.s.data.mongodb.core.MongoTemplate      : find using query: { "email" : "moderator_test@gmail.com"} fields: Document{{}} for class: class com.ecommerce.cnj70.document.User in collection: users
2026-09-25T18:03:32.106+07:00 DEBUG 36788 --- [CNJ70 Ecommerce] [nio-8081-exec-4] o.s.security.web.FilterChainProxy        : Securing GET /css/foundation/responsive.css
2026-09-25T18:03:32.108+07:00 DEBUG 36788 --- [CNJ70 Ecommerce] [nio-8081-exec-4] o.s.d.m.r.query.MongoQueryCreator        : Created query Query: { "email" : "moderator_test@gmail.com"}, Fields: {}, Sort: {}
2026-09-25T18:03:32.108+07:00 DEBUG 36788 --- [CNJ70 Ecommerce] [nio-8081-exec-4] o.s.data.mongodb.core.MongoTemplate      : find using query: { "email" : "moderator_test@gmail.com"} fields: Document{{}} for class: class com.ecommerce.cnj70.document.User in collection: users
2026-09-25T18:03:32.148+07:00 DEBUG 36788 --- [CNJ70 Ecommerce] [nio-8081-exec-8] o.s.security.web.FilterChainProxy        : Secured GET /css/foundation/components.css
2026-09-25T18:03:32.153+07:00 DEBUG 36788 --- [CNJ70 Ecommerce] [nio-8081-exec-7] o.s.security.web.FilterChainProxy        : Securing GET /css/foundation/accessibility.css
2026-09-25T18:03:32.154+07:00 DEBUG 36788 --- [CNJ70 Ecommerce] [nio-8081-exec-7] o.s.d.m.r.query.MongoQueryCreator        : Created query Query: { "email" : "moderator_test@gmail.com"}, Fields: {}, Sort: {}
2026-09-25T18:03:32.155+07:00 DEBUG 36788 --- [CNJ70 Ecommerce] [nio-8081-exec-7] o.s.data.mongodb.core.MongoTemplate      : find using query: { "email" : "moderator_test@gmail.com"} fields: Document{{}} for class: class com.ecommerce.cnj70.document.User in collection: users
2026-09-25T18:03:32.163+07:00 DEBUG 36788 --- [CNJ70 Ecommerce] [nio-8081-exec-4] o.s.security.web.FilterChainProxy        : Secured GET /css/foundation/responsive.css
2026-09-25T18:03:32.166+07:00 DEBUG 36788 --- [CNJ70 Ecommerce] [io-8081-exec-10] o.s.security.web.FilterChainProxy        : Secured GET /css/foundation/layout.css
2026-09-25T18:03:32.206+07:00 DEBUG 36788 --- [CNJ70 Ecommerce] [nio-8081-exec-7] o.s.security.web.FilterChainProxy        : Secured GET /css/foundation/accessibility.css
2026-09-25T18:03:36.466+07:00 DEBUG 36788 --- [CNJ70 Ecommerce] [nio-8081-exec-9] o.s.security.web.FilterChainProxy        : Securing GET /moderator/queue
2026-09-25T18:03:36.469+07:00 DEBUG 36788 --- [CNJ70 Ecommerce] [nio-8081-exec-9] o.s.d.m.r.query.MongoQueryCreator        : Created query Query: { "email" : "moderator_test@gmail.com"}, Fields: {}, Sort: {}
2026-09-25T18:03:36.469+07:00 DEBUG 36788 --- [CNJ70 Ecommerce] [nio-8081-exec-9] o.s.data.mongodb.core.MongoTemplate      : find using query: { "email" : "moderator_test@gmail.com"} fields: Document{{}} for class: class com.ecommerce.cnj70.document.User in collection: users
2026-09-25T18:03:36.520+07:00 DEBUG 36788 --- [CNJ70 Ecommerce] [nio-8081-exec-9] o.s.security.web.FilterChainProxy        : Secured GET /moderator/queue
2026-09-25T18:03:36.522+07:00 DEBUG 36788 --- [CNJ70 Ecommerce] [nio-8081-exec-9] o.s.d.m.r.query.MongoQueryCreator        : Created query Query: { "email" : "moderator_test@gmail.com"}, Fields: {}, Sort: {}
2026-09-25T18:03:36.522+07:00 DEBUG 36788 --- [CNJ70 Ecommerce] [nio-8081-exec-9] o.s.data.mongodb.core.MongoTemplate      : find using query: { "email" : "moderator_test@gmail.com"} fields: Document{{}} for class: class com.ecommerce.cnj70.document.User in collection: users
2026-09-25T18:03:36.573+07:00 DEBUG 36788 --- [CNJ70 Ecommerce] [nio-8081-exec-9] o.s.data.mongodb.core.MongoTemplate      : find using query: {} fields: Document{{}} for class: class com.ecommerce.cnj70.document.Voucher in collection: vouchers
2026-09-25T18:03:36.627+07:00 DEBUG 36788 --- [CNJ70 Ecommerce] [nio-8081-exec-9] o.s.d.m.r.query.MongoQueryCreator        : Created query Query: { "moderationStatus" : { "$in" : [ { "$java" : PENDING_MANUAL }, { "$java" : AUTO_PASSED }, { "$java" : AUTO_REJECTED } ] } }, Fields: {}, Sort: { "createdAt" : -1}
2026-09-25T18:03:36.628+07:00 DEBUG 36788 --- [CNJ70 Ecommerce] [nio-8081-exec-9] o.s.data.mongodb.core.MongoTemplate      : find using query: { "moderationStatus" : { "$in" : ["PENDING_MANUAL", "AUTO_PASSED", "AUTO_REJECTED"]}} fields: Document{{}} for class: class com.ecommerce.cnj70.document.Product in collection: products
2026-09-25T18:03:36.710+07:00 DEBUG 36788 --- [CNJ70 Ecommerce] [nio-8081-exec-6] o.s.security.web.FilterChainProxy        : Securing GET /css/dashboard.css
2026-09-25T18:03:36.710+07:00 DEBUG 36788 --- [CNJ70 Ecommerce] [nio-8081-exec-3] o.s.security.web.FilterChainProxy        : Securing GET /css/admin-dashboard.css
2026-09-25T18:03:36.710+07:00 DEBUG 36788 --- [CNJ70 Ecommerce] [nio-8081-exec-2] o.s.security.web.FilterChainProxy        : Securing GET /css/foundation/index.css
2026-09-25T18:03:36.713+07:00 DEBUG 36788 --- [CNJ70 Ecommerce] [nio-8081-exec-3] o.s.d.m.r.query.MongoQueryCreator        : Created query Query: { "email" : "moderator_test@gmail.com"}, Fields: {}, Sort: {}
2026-09-25T18:03:36.713+07:00 DEBUG 36788 --- [CNJ70 Ecommerce] [nio-8081-exec-6] o.s.d.m.r.query.MongoQueryCreator        : Created query Query: { "email" : "moderator_test@gmail.com"}, Fields: {}, Sort: {}
2026-09-25T18:03:36.714+07:00 DEBUG 36788 --- [CNJ70 Ecommerce] [nio-8081-exec-2] o.s.d.m.r.query.MongoQueryCreator        : Created query Query: { "email" : "moderator_test@gmail.com"}, Fields: {}, Sort: {}
2026-09-25T18:03:36.714+07:00 DEBUG 36788 --- [CNJ70 Ecommerce] [nio-8081-exec-3] o.s.data.mongodb.core.MongoTemplate      : find using query: { "email" : "moderator_test@gmail.com"} fields: Document{{}} for class: class com.ecommerce.cnj70.document.User in collection: users
2026-09-25T18:03:36.714+07:00 DEBUG 36788 --- [CNJ70 Ecommerce] [nio-8081-exec-6] o.s.data.mongodb.core.MongoTemplate      : find using query: { "email" : "moderator_test@gmail.com"} fields: Document{{}} for class: class com.ecommerce.cnj70.document.User in collection: users
2026-09-25T18:03:36.714+07:00 DEBUG 36788 --- [CNJ70 Ecommerce] [nio-8081-exec-2] o.s.data.mongodb.core.MongoTemplate      : find using query: { "email" : "moderator_test@gmail.com"} fields: Document{{}} for class: class com.ecommerce.cnj70.document.User in collection: users
2026-09-25T18:03:36.765+07:00 DEBUG 36788 --- [CNJ70 Ecommerce] [nio-8081-exec-3] o.s.security.web.FilterChainProxy        : Secured GET /css/admin-dashboard.css
2026-09-25T18:03:36.767+07:00 DEBUG 36788 --- [CNJ70 Ecommerce] [nio-8081-exec-2] o.s.security.web.FilterChainProxy        : Secured GET /css/foundation/index.css
2026-09-25T18:03:36.767+07:00 DEBUG 36788 --- [CNJ70 Ecommerce] [nio-8081-exec-1] o.s.security.web.FilterChainProxy        : Securing GET /css/admin-ui.css
2026-09-25T18:03:36.767+07:00 DEBUG 36788 --- [CNJ70 Ecommerce] [nio-8081-exec-1] o.s.d.m.r.query.MongoQueryCreator        : Created query Query: { "email" : "moderator_test@gmail.com"}, Fields: {}, Sort: {}
2026-09-25T18:03:36.767+07:00 DEBUG 36788 --- [CNJ70 Ecommerce] [nio-8081-exec-1] o.s.data.mongodb.core.MongoTemplate      : find using query: { "email" : "moderator_test@gmail.com"} fields: Document{{}} for class: class com.ecommerce.cnj70.document.User in collection: users
2026-09-25T18:03:36.774+07:00 DEBUG 36788 --- [CNJ70 Ecommerce] [nio-8081-exec-5] o.s.security.web.FilterChainProxy        : Securing GET /css/foundation/tokens.css
2026-09-25T18:03:36.775+07:00 DEBUG 36788 --- [CNJ70 Ecommerce] [nio-8081-exec-5] o.s.d.m.r.query.MongoQueryCreator        : Created query Query: { "email" : "moderator_test@gmail.com"}, Fields: {}, Sort: {}
2026-09-25T18:03:36.775+07:00 DEBUG 36788 --- [CNJ70 Ecommerce] [nio-8081-exec-5] o.s.data.mongodb.core.MongoTemplate      : find using query: { "email" : "moderator_test@gmail.com"} fields: Document{{}} for class: class com.ecommerce.cnj70.document.User in collection: users
2026-09-25T18:03:36.779+07:00 DEBUG 36788 --- [CNJ70 Ecommerce] [nio-8081-exec-6] o.s.security.web.FilterChainProxy        : Secured GET /css/dashboard.css
2026-09-25T18:03:36.784+07:00 DEBUG 36788 --- [CNJ70 Ecommerce] [nio-8081-exec-8] o.s.security.web.FilterChainProxy        : Securing GET /css/foundation/base.css
2026-09-25T18:03:36.786+07:00 DEBUG 36788 --- [CNJ70 Ecommerce] [nio-8081-exec-8] o.s.d.m.r.query.MongoQueryCreator        : Created query Query: { "email" : "moderator_test@gmail.com"}, Fields: {}, Sort: {}
2026-09-25T18:03:36.786+07:00 DEBUG 36788 --- [CNJ70 Ecommerce] [nio-8081-exec-8] o.s.data.mongodb.core.MongoTemplate      : find using query: { "email" : "moderator_test@gmail.com"} fields: Document{{}} for class: class com.ecommerce.cnj70.document.User in collection: users
2026-09-25T18:03:36.823+07:00 DEBUG 36788 --- [CNJ70 Ecommerce] [nio-8081-exec-1] o.s.security.web.FilterChainProxy        : Secured GET /css/admin-ui.css
2026-09-25T18:03:36.823+07:00 DEBUG 36788 --- [CNJ70 Ecommerce] [nio-8081-exec-5] o.s.security.web.FilterChainProxy        : Secured GET /css/foundation/tokens.css
2026-09-25T18:03:36.831+07:00 DEBUG 36788 --- [CNJ70 Ecommerce] [io-8081-exec-10] o.s.security.web.FilterChainProxy        : Securing GET /css/foundation/layout.css
2026-09-25T18:03:36.831+07:00 DEBUG 36788 --- [CNJ70 Ecommerce] [nio-8081-exec-4] o.s.security.web.FilterChainProxy        : Securing GET /css/foundation/components.css
2026-09-25T18:03:36.831+07:00 DEBUG 36788 --- [CNJ70 Ecommerce] [nio-8081-exec-4] o.s.d.m.r.query.MongoQueryCreator        : Created query Query: { "email" : "moderator_test@gmail.com"}, Fields: {}, Sort: {}
2026-09-25T18:03:36.831+07:00 DEBUG 36788 --- [CNJ70 Ecommerce] [io-8081-exec-10] o.s.d.m.r.query.MongoQueryCreator        : Created query Query: { "email" : "moderator_test@gmail.com"}, Fields: {}, Sort: {}
2026-09-25T18:03:36.831+07:00 DEBUG 36788 --- [CNJ70 Ecommerce] [nio-8081-exec-4] o.s.data.mongodb.core.MongoTemplate      : find using query: { "email" : "moderator_test@gmail.com"} fields: Document{{}} for class: class com.ecommerce.cnj70.document.User in collection: users
2026-09-25T18:03:36.831+07:00 DEBUG 36788 --- [CNJ70 Ecommerce] [io-8081-exec-10] o.s.data.mongodb.core.MongoTemplate      : find using query: { "email" : "moderator_test@gmail.com"} fields: Document{{}} for class: class com.ecommerce.cnj70.document.User in collection: users
2026-09-25T18:03:36.851+07:00 DEBUG 36788 --- [CNJ70 Ecommerce] [nio-8081-exec-8] o.s.security.web.FilterChainProxy        : Secured GET /css/foundation/base.css
2026-09-25T18:03:36.857+07:00 DEBUG 36788 --- [CNJ70 Ecommerce] [nio-8081-exec-7] o.s.security.web.FilterChainProxy        : Securing GET /css/foundation/responsive.css
2026-09-25T18:03:36.859+07:00 DEBUG 36788 --- [CNJ70 Ecommerce] [nio-8081-exec-7] o.s.d.m.r.query.MongoQueryCreator        : Created query Query: { "email" : "moderator_test@gmail.com"}, Fields: {}, Sort: {}
2026-09-25T18:03:36.859+07:00 DEBUG 36788 --- [CNJ70 Ecommerce] [nio-8081-exec-7] o.s.data.mongodb.core.MongoTemplate      : find using query: { "email" : "moderator_test@gmail.com"} fields: Document{{}} for class: class com.ecommerce.cnj70.document.User in collection: users
2026-09-25T18:03:36.884+07:00 DEBUG 36788 --- [CNJ70 Ecommerce] [io-8081-exec-10] o.s.security.web.FilterChainProxy        : Secured GET /css/foundation/layout.css
2026-09-25T18:03:36.888+07:00 DEBUG 36788 --- [CNJ70 Ecommerce] [nio-8081-exec-4] o.s.security.web.FilterChainProxy        : Secured GET /css/foundation/components.css
2026-09-25T18:03:36.889+07:00 DEBUG 36788 --- [CNJ70 Ecommerce] [nio-8081-exec-9] o.s.security.web.FilterChainProxy        : Securing GET /css/foundation/accessibility.css
2026-09-25T18:03:36.890+07:00 DEBUG 36788 --- [CNJ70 Ecommerce] [nio-8081-exec-9] o.s.d.m.r.query.MongoQueryCreator        : Created query Query: { "email" : "moderator_test@gmail.com"}, Fields: {}, Sort: {}
2026-09-25T18:03:36.891+07:00 DEBUG 36788 --- [CNJ70 Ecommerce] [nio-8081-exec-9] o.s.data.mongodb.core.MongoTemplate      : find using query: { "email" : "moderator_test@gmail.com"} fields: Document{{}} for class: class com.ecommerce.cnj70.document.User in collection: users
2026-09-25T18:03:36.923+07:00 DEBUG 36788 --- [CNJ70 Ecommerce] [nio-8081-exec-7] o.s.security.web.FilterChainProxy        : Secured GET /css/foundation/responsive.css
2026-09-25T18:03:36.946+07:00 DEBUG 36788 --- [CNJ70 Ecommerce] [nio-8081-exec-9] o.s.security.web.FilterChainProxy        : Secured GET /css/foundation/accessibility.css
2026-09-25T18:03:47.698+07:00 DEBUG 36788 --- [CNJ70 Ecommerce] [nio-8081-exec-3] o.s.security.web.FilterChainProxy        : Securing GET /moderator/history
2026-09-25T18:03:47.701+07:00 DEBUG 36788 --- [CNJ70 Ecommerce] [nio-8081-exec-3] o.s.d.m.r.query.MongoQueryCreator        : Created query Query: { "email" : "moderator_test@gmail.com"}, Fields: {}, Sort: {}
2026-09-25T18:03:47.702+07:00 DEBUG 36788 --- [CNJ70 Ecommerce] [nio-8081-exec-3] o.s.data.mongodb.core.MongoTemplate      : find using query: { "email" : "moderator_test@gmail.com"} fields: Document{{}} for class: class com.ecommerce.cnj70.document.User in collection: users
2026-09-25T18:03:47.756+07:00 DEBUG 36788 --- [CNJ70 Ecommerce] [nio-8081-exec-3] o.s.security.web.FilterChainProxy        : Secured GET /moderator/history
2026-09-25T18:03:47.757+07:00 DEBUG 36788 --- [CNJ70 Ecommerce] [nio-8081-exec-3] o.s.d.m.r.query.MongoQueryCreator        : Created query Query: { "email" : "moderator_test@gmail.com"}, Fields: {}, Sort: {}
2026-09-25T18:03:47.757+07:00 DEBUG 36788 --- [CNJ70 Ecommerce] [nio-8081-exec-3] o.s.data.mongodb.core.MongoTemplate      : find using query: { "email" : "moderator_test@gmail.com"} fields: Document{{}} for class: class com.ecommerce.cnj70.document.User in collection: users
2026-09-25T18:03:47.811+07:00 DEBUG 36788 --- [CNJ70 Ecommerce] [nio-8081-exec-3] o.s.data.mongodb.core.MongoTemplate      : find using query: {} fields: Document{{}} for class: class com.ecommerce.cnj70.document.Voucher in collection: vouchers
2026-09-25T18:03:47.874+07:00 DEBUG 36788 --- [CNJ70 Ecommerce] [nio-8081-exec-3] o.s.d.m.r.query.MongoQueryCreator        : Created query Query: {}, Fields: {}, Sort: { "createdAt" : -1}
2026-09-25T18:03:47.880+07:00 DEBUG 36788 --- [CNJ70 Ecommerce] [nio-8081-exec-3] o.s.data.mongodb.core.MongoTemplate      : find using query: {} fields: Document{{}} for class: class com.ecommerce.cnj70.document.ModerationHistory in collection: moderation_history
2026-09-25T18:03:47.937+07:00 DEBUG 36788 --- [CNJ70 Ecommerce] [nio-8081-exec-3] o.s.data.mongodb.core.MongoTemplate      : Executing count: {} in collection: moderation_history
2026-09-25T18:03:48.013+07:00 DEBUG 36788 --- [CNJ70 Ecommerce] [nio-8081-exec-6] o.s.security.web.FilterChainProxy        : Securing GET /css/admin-dashboard.css
2026-09-25T18:03:48.013+07:00 DEBUG 36788 --- [CNJ70 Ecommerce] [nio-8081-exec-2] o.s.security.web.FilterChainProxy        : Securing GET /css/dashboard.css
2026-09-25T18:03:48.013+07:00 DEBUG 36788 --- [CNJ70 Ecommerce] [nio-8081-exec-1] o.s.security.web.FilterChainProxy        : Securing GET /css/foundation/index.css
2026-09-25T18:03:48.015+07:00 DEBUG 36788 --- [CNJ70 Ecommerce] [nio-8081-exec-2] o.s.d.m.r.query.MongoQueryCreator        : Created query Query: { "email" : "moderator_test@gmail.com"}, Fields: {}, Sort: {}
2026-09-25T18:03:48.015+07:00 DEBUG 36788 --- [CNJ70 Ecommerce] [nio-8081-exec-6] o.s.d.m.r.query.MongoQueryCreator        : Created query Query: { "email" : "moderator_test@gmail.com"}, Fields: {}, Sort: {}
2026-09-25T18:03:48.015+07:00 DEBUG 36788 --- [CNJ70 Ecommerce] [nio-8081-exec-1] o.s.d.m.r.query.MongoQueryCreator        : Created query Query: { "email" : "moderator_test@gmail.com"}, Fields: {}, Sort: {}
2026-09-25T18:03:48.015+07:00 DEBUG 36788 --- [CNJ70 Ecommerce] [nio-8081-exec-2] o.s.data.mongodb.core.MongoTemplate      : find using query: { "email" : "moderator_test@gmail.com"} fields: Document{{}} for class: class com.ecommerce.cnj70.document.User in collection: users
2026-09-25T18:03:48.015+07:00 DEBUG 36788 --- [CNJ70 Ecommerce] [nio-8081-exec-6] o.s.data.mongodb.core.MongoTemplate      : find using query: { "email" : "moderator_test@gmail.com"} fields: Document{{}} for class: class com.ecommerce.cnj70.document.User in collection: users
2026-09-25T18:03:48.017+07:00 DEBUG 36788 --- [CNJ70 Ecommerce] [nio-8081-exec-1] o.s.data.mongodb.core.MongoTemplate      : find using query: { "email" : "moderator_test@gmail.com"} fields: Document{{}} for class: class com.ecommerce.cnj70.document.User in collection: users
2026-09-25T18:03:48.068+07:00 DEBUG 36788 --- [CNJ70 Ecommerce] [nio-8081-exec-1] o.s.security.web.FilterChainProxy        : Secured GET /css/foundation/index.css
2026-09-25T18:03:48.070+07:00 DEBUG 36788 --- [CNJ70 Ecommerce] [nio-8081-exec-2] o.s.security.web.FilterChainProxy        : Secured GET /css/dashboard.css
2026-09-25T18:03:48.074+07:00 DEBUG 36788 --- [CNJ70 Ecommerce] [nio-8081-exec-5] o.s.security.web.FilterChainProxy        : Securing GET /css/admin-ui.css
2026-09-25T18:03:48.075+07:00 DEBUG 36788 --- [CNJ70 Ecommerce] [nio-8081-exec-8] o.s.security.web.FilterChainProxy        : Securing GET /css/foundation/tokens.css
2026-09-25T18:03:48.075+07:00 DEBUG 36788 --- [CNJ70 Ecommerce] [nio-8081-exec-5] o.s.d.m.r.query.MongoQueryCreator        : Created query Query: { "email" : "moderator_test@gmail.com"}, Fields: {}, Sort: {}
2026-09-25T18:03:48.077+07:00 DEBUG 36788 --- [CNJ70 Ecommerce] [nio-8081-exec-5] o.s.data.mongodb.core.MongoTemplate      : find using query: { "email" : "moderator_test@gmail.com"} fields: Document{{}} for class: class com.ecommerce.cnj70.document.User in collection: users
2026-09-25T18:03:48.077+07:00 DEBUG 36788 --- [CNJ70 Ecommerce] [nio-8081-exec-8] o.s.d.m.r.query.MongoQueryCreator        : Created query Query: { "email" : "moderator_test@gmail.com"}, Fields: {}, Sort: {}
2026-09-25T18:03:48.077+07:00 DEBUG 36788 --- [CNJ70 Ecommerce] [nio-8081-exec-8] o.s.data.mongodb.core.MongoTemplate      : find using query: { "email" : "moderator_test@gmail.com"} fields: Document{{}} for class: class com.ecommerce.cnj70.document.User in collection: users
2026-09-25T18:03:48.081+07:00 DEBUG 36788 --- [CNJ70 Ecommerce] [nio-8081-exec-6] o.s.security.web.FilterChainProxy        : Secured GET /css/admin-dashboard.css
2026-09-25T18:03:48.087+07:00 DEBUG 36788 --- [CNJ70 Ecommerce] [io-8081-exec-10] o.s.security.web.FilterChainProxy        : Securing GET /css/foundation/base.css
2026-09-25T18:03:48.087+07:00 DEBUG 36788 --- [CNJ70 Ecommerce] [io-8081-exec-10] o.s.d.m.r.query.MongoQueryCreator        : Created query Query: { "email" : "moderator_test@gmail.com"}, Fields: {}, Sort: {}
2026-09-25T18:03:48.087+07:00 DEBUG 36788 --- [CNJ70 Ecommerce] [io-8081-exec-10] o.s.data.mongodb.core.MongoTemplate      : find using query: { "email" : "moderator_test@gmail.com"} fields: Document{{}} for class: class com.ecommerce.cnj70.document.User in collection: users
2026-09-25T18:03:48.127+07:00 DEBUG 36788 --- [CNJ70 Ecommerce] [nio-8081-exec-8] o.s.security.web.FilterChainProxy        : Secured GET /css/foundation/tokens.css
2026-09-25T18:03:48.131+07:00 DEBUG 36788 --- [CNJ70 Ecommerce] [nio-8081-exec-5] o.s.security.web.FilterChainProxy        : Secured GET /css/admin-ui.css
2026-09-25T18:03:48.131+07:00 DEBUG 36788 --- [CNJ70 Ecommerce] [nio-8081-exec-4] o.s.security.web.FilterChainProxy        : Securing GET /css/foundation/components.css
2026-09-25T18:03:48.133+07:00 DEBUG 36788 --- [CNJ70 Ecommerce] [nio-8081-exec-4] o.s.d.m.r.query.MongoQueryCreator        : Created query Query: { "email" : "moderator_test@gmail.com"}, Fields: {}, Sort: {}
2026-09-25T18:03:48.134+07:00 DEBUG 36788 --- [CNJ70 Ecommerce] [nio-8081-exec-4] o.s.data.mongodb.core.MongoTemplate      : find using query: { "email" : "moderator_test@gmail.com"} fields: Document{{}} for class: class com.ecommerce.cnj70.document.User in collection: users
2026-09-25T18:03:48.135+07:00 DEBUG 36788 --- [CNJ70 Ecommerce] [nio-8081-exec-7] o.s.security.web.FilterChainProxy        : Securing GET /css/foundation/layout.css
2026-09-25T18:03:48.136+07:00 DEBUG 36788 --- [CNJ70 Ecommerce] [nio-8081-exec-7] o.s.d.m.r.query.MongoQueryCreator        : Created query Query: { "email" : "moderator_test@gmail.com"}, Fields: {}, Sort: {}
2026-09-25T18:03:48.136+07:00 DEBUG 36788 --- [CNJ70 Ecommerce] [nio-8081-exec-7] o.s.data.mongodb.core.MongoTemplate      : find using query: { "email" : "moderator_test@gmail.com"} fields: Document{{}} for class: class com.ecommerce.cnj70.document.User in collection: users
2026-09-25T18:03:48.153+07:00 DEBUG 36788 --- [CNJ70 Ecommerce] [io-8081-exec-10] o.s.security.web.FilterChainProxy        : Secured GET /css/foundation/base.css
2026-09-25T18:03:48.158+07:00 DEBUG 36788 --- [CNJ70 Ecommerce] [nio-8081-exec-9] o.s.security.web.FilterChainProxy        : Securing GET /css/foundation/responsive.css
2026-09-25T18:03:48.158+07:00 DEBUG 36788 --- [CNJ70 Ecommerce] [nio-8081-exec-9] o.s.d.m.r.query.MongoQueryCreator        : Created query Query: { "email" : "moderator_test@gmail.com"}, Fields: {}, Sort: {}
2026-09-25T18:03:48.158+07:00 DEBUG 36788 --- [CNJ70 Ecommerce] [nio-8081-exec-9] o.s.data.mongodb.core.MongoTemplate      : find using query: { "email" : "moderator_test@gmail.com"} fields: Document{{}} for class: class com.ecommerce.cnj70.document.User in collection: users
2026-09-25T18:03:48.190+07:00 DEBUG 36788 --- [CNJ70 Ecommerce] [nio-8081-exec-7] o.s.security.web.FilterChainProxy        : Secured GET /css/foundation/layout.css
2026-09-25T18:03:48.191+07:00 DEBUG 36788 --- [CNJ70 Ecommerce] [nio-8081-exec-4] o.s.security.web.FilterChainProxy        : Secured GET /css/foundation/components.css
2026-09-25T18:03:48.195+07:00 DEBUG 36788 --- [CNJ70 Ecommerce] [nio-8081-exec-3] o.s.security.web.FilterChainProxy        : Securing GET /css/foundation/accessibility.css
2026-09-25T18:03:48.195+07:00 DEBUG 36788 --- [CNJ70 Ecommerce] [nio-8081-exec-3] o.s.d.m.r.query.MongoQueryCreator        : Created query Query: { "email" : "moderator_test@gmail.com"}, Fields: {}, Sort: {}
2026-09-25T18:03:48.196+07:00 DEBUG 36788 --- [CNJ70 Ecommerce] [nio-8081-exec-3] o.s.data.mongodb.core.MongoTemplate      : find using query: { "email" : "moderator_test@gmail.com"} fields: Document{{}} for class: class com.ecommerce.cnj70.document.User in collection: users
2026-09-25T18:03:48.224+07:00 DEBUG 36788 --- [CNJ70 Ecommerce] [nio-8081-exec-9] o.s.security.web.FilterChainProxy        : Secured GET /css/foundation/responsive.css
2026-09-25T18:03:48.252+07:00 DEBUG 36788 --- [CNJ70 Ecommerce] [nio-8081-exec-3] o.s.security.web.FilterChainProxy        : Secured GET /css/foundation/accessibility.css
2026-09-25T18:04:28.618+07:00  INFO 36788 --- [CNJ70 Ecommerce] [   File Watcher] rtingClassPathChangeChangedEventListener : Restarting due to 467 class path changes (0 additions, 464 deletions, 3 modifications)

  .   ____          _            __ _ _
 /\\ / ___'_ __ _ _(_)_ __  __ _ \ \ \ \
( ( )\___ | '_ | '_| | '_ \/ _` | \ \ \ \
 \\/  ___)| |_)| | | | | || (_| |  ) ) ) )
  '  |____| .__|_| |_|_| |_\__, | / / / /
 =========|_|==============|___/=/_/_/_/
 :: Spring Boot ::                (v3.2.0)

2026-09-25T18:04:29.043+07:00  INFO 36788 --- [CNJ70 Ecommerce] [  restartedMain] c.e.cnj70.config.DotenvInitializer       : DotenvInitializer: Loaded 86 environment variables from .env
2026-09-25T18:04:29.044+07:00  INFO 36788 --- [CNJ70 Ecommerce] [  restartedMain] c.e.cnj70.Cnj70EcommerceApplication      : Starting Cnj70EcommerceApplication using Java 21.0.12 with PID 36788 (D:\Code Full\Java\BTL_E_commerce\Ecommerce_Java\target\classes started by Asus in D:\Code Full\Java\BTL_E_commerce\Ecommerce_Java)
2026-09-25T18:04:29.044+07:00 DEBUG 36788 --- [CNJ70 Ecommerce] [  restartedMain] c.e.cnj70.Cnj70EcommerceApplication      : Running with Spring Boot v3.2.0, Spring v6.1.1
2026-09-25T18:04:29.046+07:00  INFO 36788 --- [CNJ70 Ecommerce] [  restartedMain] c.e.cnj70.Cnj70EcommerceApplication      : No active profile set, falling back to 1 default profile: "default"
2026-09-25T18:04:29.554+07:00  INFO 36788 --- [CNJ70 Ecommerce] [  restartedMain] .s.d.r.c.RepositoryConfigurationDelegate : Bootstrapping Spring Data MongoDB repositories in DEFAULT mode.
2026-09-25T18:04:29.556+07:00  INFO 36788 --- [CNJ70 Ecommerce] [  restartedMain] .s.d.r.c.RepositoryConfigurationDelegate : Finished Spring Data repository scanning in 1 ms. Found 0 MongoDB repository interfaces.
2026-09-25T18:04:29.664+07:00  WARN 36788 --- [CNJ70 Ecommerce] [  restartedMain] ConfigServletWebServerApplicationContext : Exception encountered during context initialization - cancelling refresh attempt: java.lang.NullPointerException: Cannot read field "generatedClass" because "data" is null
2026-09-25T18:04:29.672+07:00  INFO 36788 --- [CNJ70 Ecommerce] [  restartedMain] .s.b.a.l.ConditionEvaluationReportLogger : 

Error starting ApplicationContext. To display the condition evaluation report re-run your application with 'debug' enabled.
2026-09-25T18:04:29.681+07:00 ERROR 36788 --- [CNJ70 Ecommerce] [  restartedMain] o.s.boot.SpringApplication               : Application run failed

java.lang.NullPointerException: Cannot read field "generatedClass" because "data" is null
	at org.springframework.cglib.proxy.Enhancer.nextInstance(Enhancer.java:783) ~[spring-core-6.1.1.jar:6.1.1]
	at org.springframework.cglib.core.AbstractClassGenerator.create(AbstractClassGenerator.java:321) ~[spring-core-6.1.1.jar:6.1.1]
	at org.springframework.cglib.proxy.Enhancer.createHelper(Enhancer.java:562) ~[spring-core-6.1.1.jar:6.1.1]
	at org.springframework.cglib.proxy.Enhancer.createClass(Enhancer.java:407) ~[spring-core-6.1.1.jar:6.1.1]
	at org.springframework.context.annotation.ConfigurationClassEnhancer.createClass(ConfigurationClassEnhancer.java:138) ~[spring-context-6.1.1.jar:6.1.1]
	at org.springframework.context.annotation.ConfigurationClassEnhancer.enhance(ConfigurationClassEnhancer.java:109) ~[spring-context-6.1.1.jar:6.1.1]
	at org.springframework.context.annotation.ConfigurationClassPostProcessor.enhanceConfigurationClasses(ConfigurationClassPostProcessor.java:533) ~[spring-context-6.1.1.jar:6.1.1]
	at org.springframework.context.annotation.ConfigurationClassPostProcessor.postProcessBeanFactory(ConfigurationClassPostProcessor.java:310) ~[spring-context-6.1.1.jar:6.1.1]
	at org.springframework.context.support.PostProcessorRegistrationDelegate.invokeBeanFactoryPostProcessors(PostProcessorRegistrationDelegate.java:363) ~[spring-context-6.1.1.jar:6.1.1]
	at org.springframework.context.support.PostProcessorRegistrationDelegate.invokeBeanFactoryPostProcessors(PostProcessorRegistrationDelegate.java:153) ~[spring-context-6.1.1.jar:6.1.1]
	at org.springframework.context.support.AbstractApplicationContext.invokeBeanFactoryPostProcessors(AbstractApplicationContext.java:775) ~[spring-context-6.1.1.jar:6.1.1]
	at org.springframework.context.support.AbstractApplicationContext.refresh(AbstractApplicationContext.java:597) ~[spring-context-6.1.1.jar:6.1.1]
	at org.springframework.boot.web.servlet.context.ServletWebServerApplicationContext.refresh(ServletWebServerApplicationContext.java:146) ~[spring-boot-3.2.0.jar:3.2.0]
	at org.springframework.boot.SpringApplication.refresh(SpringApplication.java:753) ~[spring-boot-3.2.0.jar:3.2.0]
	at org.springframework.boot.SpringApplication.refreshContext(SpringApplication.java:455) ~[spring-boot-3.2.0.jar:3.2.0]
	at org.springframework.boot.SpringApplication.run(SpringApplication.java:323) ~[spring-boot-3.2.0.jar:3.2.0]
	at com.ecommerce.cnj70.Cnj70EcommerceApplication.main(Cnj70EcommerceApplication.java:20) ~[classes/:na]
	at java.base/jdk.internal.reflect.DirectMethodHandleAccessor.invoke(DirectMethodHandleAccessor.java:103) ~[na:na]
	at java.base/java.lang.reflect.Method.invoke(Method.java:580) ~[na:na]
	at org.springframework.boot.devtools.restart.RestartLauncher.run(RestartLauncher.java:50) ~[spring-boot-devtools-3.2.0.jar:3.2.0]


  .   ____          _            __ _ _
 /\\ / ___'_ __ _ _(_)_ __  __ _ \ \ \ \
( ( )\___ | '_ | '_| | '_ \/ _` | \ \ \ \
 \\/  ___)| |_)| | | | | || (_| |  ) ) ) )
  '  |____| .__|_| |_|_| |_\__, | / / / /
 =========|_|==============|___/=/_/_/_/
 :: Spring Boot ::                (v3.2.0)

2026-09-25T18:04:47.162+07:00  INFO 36788 --- [CNJ70 Ecommerce] [  restartedMain] c.e.cnj70.config.DotenvInitializer       : DotenvInitializer: Loaded 86 environment variables from .env
2026-09-25T18:04:47.164+07:00  INFO 36788 --- [CNJ70 Ecommerce] [  restartedMain] c.e.cnj70.Cnj70EcommerceApplication      : Starting Cnj70EcommerceApplication using Java 21.0.12 with PID 36788 (D:\Code Full\Java\BTL_E_commerce\Ecommerce_Java\target\classes started by Asus in D:\Code Full\Java\BTL_E_commerce\Ecommerce_Java)
2026-09-25T18:04:47.164+07:00 DEBUG 36788 --- [CNJ70 Ecommerce] [  restartedMain] c.e.cnj70.Cnj70EcommerceApplication      : Running with Spring Boot v3.2.0, Spring v6.1.1
2026-09-25T18:04:47.165+07:00  INFO 36788 --- [CNJ70 Ecommerce] [  restartedMain] c.e.cnj70.Cnj70EcommerceApplication      : No active profile set, falling back to 1 default profile: "default"
2026-09-25T18:04:48.019+07:00  INFO 36788 --- [CNJ70 Ecommerce] [  restartedMain] .s.d.r.c.RepositoryConfigurationDelegate : Bootstrapping Spring Data MongoDB repositories in DEFAULT mode.
2026-09-25T18:04:48.314+07:00  INFO 36788 --- [CNJ70 Ecommerce] [  restartedMain] .s.d.r.c.RepositoryConfigurationDelegate : Finished Spring Data repository scanning in 291 ms. Found 22 MongoDB repository interfaces.
2026-09-25T18:04:48.673+07:00  INFO 36788 --- [CNJ70 Ecommerce] [  restartedMain] o.s.b.w.embedded.tomcat.TomcatWebServer  : Tomcat initialized with port 8081 (http)
2026-09-25T18:04:48.676+07:00  INFO 36788 --- [CNJ70 Ecommerce] [  restartedMain] o.apache.catalina.core.StandardService   : Starting service [Tomcat]
2026-09-25T18:04:48.677+07:00  INFO 36788 --- [CNJ70 Ecommerce] [  restartedMain] o.apache.catalina.core.StandardEngine    : Starting Servlet engine: [Apache Tomcat/10.1.16]
2026-09-25T18:04:48.719+07:00  INFO 36788 --- [CNJ70 Ecommerce] [  restartedMain] o.a.c.c.C.[Tomcat-1].[localhost].[/]     : Initializing Spring embedded WebApplicationContext
2026-09-25T18:04:48.719+07:00  INFO 36788 --- [CNJ70 Ecommerce] [  restartedMain] w.s.c.ServletWebServerApplicationContext : Root WebApplicationContext: initialization completed in 1550 ms
2026-09-25T18:04:48.815+07:00  INFO 36788 --- [CNJ70 Ecommerce] [  restartedMain] org.mongodb.driver.client                : MongoClient with metadata {"driver": {"name": "mongo-java-driver|sync|spring-boot", "version": "4.11.1"}, "os": {"type": "Windows", "name": "Windows 11", "architecture": "amd64", "version": "10.0"}, "platform": "Java/Oracle Corporation/21.0.12+7-LTS-205"} created with settings MongoClientSettings{readPreference=primary, writeConcern=WriteConcern{w=null, wTimeout=null ms, journal=null}, retryWrites=true, retryReads=true, readConcern=ReadConcern{level=null}, credential=MongoCredential{mechanism=null, userName='nguyenquocanh170205_db_user', source='admin', password=<hidden>, mechanismProperties=<hidden>}, transportSettings=null, streamFactoryFactory=null, commandListeners=[], codecRegistry=ProvidersCodecRegistry{codecProviders=[ValueCodecProvider{}, BsonValueCodecProvider{}, DBRefCodecProvider{}, DBObjectCodecProvider{}, DocumentCodecProvider{}, CollectionCodecProvider{}, IterableCodecProvider{}, MapCodecProvider{}, GeoJsonCodecProvider{}, GridFSFileCodecProvider{}, Jsr310CodecProvider{}, JsonObjectCodecProvider{}, BsonCodecProvider{}, EnumCodecProvider{}, com.mongodb.client.model.mql.ExpressionCodecProvider@6464b69b, com.mongodb.Jep395RecordCodecProvider@f1449e, com.mongodb.KotlinCodecProvider@301dc2f0]}, loggerSettings=LoggerSettings{maxDocumentLength=1000}, clusterSettings={hosts=[127.0.0.1:27017], srvHost=cluster0.2pu37z6.mongodb.net, srvServiceName=mongodb, mode=MULTIPLE, requiredClusterType=REPLICA_SET, requiredReplicaSetName='atlas-i9pmeb-shard-0', serverSelector='null', clusterListeners='[]', serverSelectionTimeout='30000 ms', localThreshold='15 ms'}, socketSettings=SocketSettings{connectTimeoutMS=10000, readTimeoutMS=0, receiveBufferSize=0, proxySettings=ProxySettings{host=null, port=null, username=null, password=null}}, heartbeatSocketSettings=SocketSettings{connectTimeoutMS=10000, readTimeoutMS=10000, receiveBufferSize=0, proxySettings=ProxySettings{host=null, port=null, username=null, password=null}}, connectionPoolSettings=ConnectionPoolSettings{maxSize=100, minSize=0, maxWaitTimeMS=120000, maxConnectionLifeTimeMS=0, maxConnectionIdleTimeMS=0, maintenanceInitialDelayMS=0, maintenanceFrequencyMS=60000, connectionPoolListeners=[], maxConnecting=2}, serverSettings=ServerSettings{heartbeatFrequencyMS=10000, minHeartbeatFrequencyMS=500, serverListeners='[]', serverMonitorListeners='[]'}, sslSettings=SslSettings{enabled=true, invalidHostNameAllowed=false, context=null}, applicationName='null', compressorList=[], uuidRepresentation=JAVA_LEGACY, serverApi=null, autoEncryptionSettings=null, dnsClient=null, inetAddressResolver=null, contextProvider=null}
2026-09-25T18:04:48.844+07:00  INFO 36788 --- [CNJ70 Ecommerce] [7z6.mongodb.net] org.mongodb.driver.cluster               : Adding discovered server ac-i3gkoj7-shard-00-00.2pu37z6.mongodb.net:27017 to client view of cluster
2026-09-25T18:04:48.846+07:00  INFO 36788 --- [CNJ70 Ecommerce] [7z6.mongodb.net] org.mongodb.driver.cluster               : Adding discovered server ac-i3gkoj7-shard-00-01.2pu37z6.mongodb.net:27017 to client view of cluster
2026-09-25T18:04:48.849+07:00  INFO 36788 --- [CNJ70 Ecommerce] [7z6.mongodb.net] org.mongodb.driver.cluster               : Adding discovered server ac-i3gkoj7-shard-00-02.2pu37z6.mongodb.net:27017 to client view of cluster
2026-09-25T18:04:49.096+07:00  INFO 36788 --- [CNJ70 Ecommerce] [ngodb.net:27017] org.mongodb.driver.cluster               : Monitor thread successfully connected to server with description ServerDescription{address=ac-i3gkoj7-shard-00-00.2pu37z6.mongodb.net:27017, type=REPLICA_SET_SECONDARY, state=CONNECTED, ok=true, minWireVersion=0, maxWireVersion=25, maxDocumentSize=16777216, logicalSessionTimeoutMinutes=30, roundTripTimeNanos=184373700, setName='atlas-i9pmeb-shard-0', canonicalAddress=ac-i3gkoj7-shard-00-00.2pu37z6.mongodb.net:27017, hosts=[ac-i3gkoj7-shard-00-00.2pu37z6.mongodb.net:27017, ac-i3gkoj7-shard-00-01.2pu37z6.mongodb.net:27017, ac-i3gkoj7-shard-00-02.2pu37z6.mongodb.net:27017], passives=[], arbiters=[], primary='ac-i3gkoj7-shard-00-02.2pu37z6.mongodb.net:27017', tagSet=TagSet{[Tag{name='availabilityZone', value='apse1-az1'}, Tag{name='cacheState', value='READY'}, Tag{name='diskState', value='READY'}, Tag{name='nodeType', value='ELECTABLE'}, Tag{name='provider', value='AWS'}, Tag{name='region', value='AP_SOUTHEAST_1'}, Tag{name='workloadType', value='OPERATIONAL'}]}, electionId=null, setVersion=65, topologyVersion=TopologyVersion{processId=6aa571ca69bd1640bfc04f00, counter=10}, lastWriteDate=Fri Sep 25 18:04:50 ICT 2026, lastUpdateTimeNanos=643619939659900}
2026-09-25T18:04:49.097+07:00  INFO 36788 --- [CNJ70 Ecommerce] [ngodb.net:27017] org.mongodb.driver.cluster               : Monitor thread successfully connected to server with description ServerDescription{address=ac-i3gkoj7-shard-00-01.2pu37z6.mongodb.net:27017, type=REPLICA_SET_SECONDARY, state=CONNECTED, ok=true, minWireVersion=0, maxWireVersion=25, maxDocumentSize=16777216, logicalSessionTimeoutMinutes=30, roundTripTimeNanos=183914800, setName='atlas-i9pmeb-shard-0', canonicalAddress=ac-i3gkoj7-shard-00-01.2pu37z6.mongodb.net:27017, hosts=[ac-i3gkoj7-shard-00-00.2pu37z6.mongodb.net:27017, ac-i3gkoj7-shard-00-01.2pu37z6.mongodb.net:27017, ac-i3gkoj7-shard-00-02.2pu37z6.mongodb.net:27017], passives=[], arbiters=[], primary='ac-i3gkoj7-shard-00-02.2pu37z6.mongodb.net:27017', tagSet=TagSet{[Tag{name='availabilityZone', value='apse1-az2'}, Tag{name='cacheState', value='READY'}, Tag{name='diskState', value='READY'}, Tag{name='nodeType', value='ELECTABLE'}, Tag{name='provider', value='AWS'}, Tag{name='region', value='AP_SOUTHEAST_1'}, Tag{name='workloadType', value='OPERATIONAL'}]}, electionId=null, setVersion=65, topologyVersion=TopologyVersion{processId=6aa573647c864f06dabc38b1, counter=9}, lastWriteDate=Fri Sep 25 18:04:50 ICT 2026, lastUpdateTimeNanos=643619940979000}
2026-09-25T18:04:49.103+07:00  INFO 36788 --- [CNJ70 Ecommerce] [ngodb.net:27017] org.mongodb.driver.cluster               : Monitor thread successfully connected to server with description ServerDescription{address=ac-i3gkoj7-shard-00-02.2pu37z6.mongodb.net:27017, type=REPLICA_SET_PRIMARY, state=CONNECTED, ok=true, minWireVersion=0, maxWireVersion=25, maxDocumentSize=16777216, logicalSessionTimeoutMinutes=30, roundTripTimeNanos=177960400, setName='atlas-i9pmeb-shard-0', canonicalAddress=ac-i3gkoj7-shard-00-02.2pu37z6.mongodb.net:27017, hosts=[ac-i3gkoj7-shard-00-00.2pu37z6.mongodb.net:27017, ac-i3gkoj7-shard-00-01.2pu37z6.mongodb.net:27017, ac-i3gkoj7-shard-00-02.2pu37z6.mongodb.net:27017], passives=[], arbiters=[], primary='ac-i3gkoj7-shard-00-02.2pu37z6.mongodb.net:27017', tagSet=TagSet{[Tag{name='availabilityZone', value='apse1-az3'}, Tag{name='cacheState', value='READY'}, Tag{name='diskState', value='READY'}, Tag{name='nodeType', value='ELECTABLE'}, Tag{name='provider', value='AWS'}, Tag{name='region', value='AP_SOUTHEAST_1'}, Tag{name='workloadType', value='OPERATIONAL'}]}, electionId=7fffffff000000000000006b, setVersion=65, topologyVersion=TopologyVersion{processId=6aa57074fe73bbb10be7cb83, counter=12}, lastWriteDate=Fri Sep 25 18:04:50 ICT 2026, lastUpdateTimeNanos=643619946219500}
2026-09-25T18:04:49.104+07:00  INFO 36788 --- [CNJ70 Ecommerce] [ngodb.net:27017] org.mongodb.driver.cluster               : Discovered replica set primary ac-i3gkoj7-shard-00-02.2pu37z6.mongodb.net:27017 with max election id 7fffffff000000000000006b and max set version 65
2026-09-25T18:04:49.222+07:00 DEBUG 36788 --- [CNJ70 Ecommerce] [  restartedMain] .m.c.i.MongoPersistentEntityIndexCreator : Analyzing class class com.ecommerce.cnj70.document.Product for index information
2026-09-25T18:04:49.690+07:00 DEBUG 36788 --- [CNJ70 Ecommerce] [  restartedMain] .m.c.i.MongoPersistentEntityIndexCreator : Analyzing class class com.ecommerce.cnj70.document.User for index information
2026-09-25T18:04:49.766+07:00 DEBUG 36788 --- [CNJ70 Ecommerce] [  restartedMain] .m.c.i.MongoPersistentEntityIndexCreator : Analyzing class class com.ecommerce.cnj70.document.Order$SubOrderShipping for index information
2026-09-25T18:04:49.767+07:00 DEBUG 36788 --- [CNJ70 Ecommerce] [  restartedMain] .m.c.i.MongoPersistentEntityIndexCreator : Analyzing class class com.ecommerce.cnj70.document.Escalation for index information
2026-09-25T18:04:49.996+07:00 DEBUG 36788 --- [CNJ70 Ecommerce] [  restartedMain] .m.c.i.MongoPersistentEntityIndexCreator : Analyzing class class com.ecommerce.cnj70.document.ProductVariant for index information
2026-09-25T18:04:49.999+07:00 DEBUG 36788 --- [CNJ70 Ecommerce] [  restartedMain] .m.c.i.MongoPersistentEntityIndexCreator : Analyzing class class com.ecommerce.cnj70.document.Complaint for index information
2026-09-25T18:04:50.426+07:00 DEBUG 36788 --- [CNJ70 Ecommerce] [  restartedMain] .m.c.i.MongoPersistentEntityIndexCreator : Analyzing class class com.ecommerce.cnj70.document.Cart for index information
2026-09-25T18:04:50.498+07:00 DEBUG 36788 --- [CNJ70 Ecommerce] [  restartedMain] .m.c.i.MongoPersistentEntityIndexCreator : Analyzing class class com.ecommerce.cnj70.document.AuditLog for index information
2026-09-25T18:04:50.989+07:00 DEBUG 36788 --- [CNJ70 Ecommerce] [  restartedMain] .m.c.i.MongoPersistentEntityIndexCreator : Analyzing class class com.ecommerce.cnj70.document.ReportCase for index information
2026-09-25T18:04:51.558+07:00 DEBUG 36788 --- [CNJ70 Ecommerce] [  restartedMain] .m.c.i.MongoPersistentEntityIndexCreator : Analyzing class class com.ecommerce.cnj70.document.Violation for index information
2026-09-25T18:04:51.864+07:00 DEBUG 36788 --- [CNJ70 Ecommerce] [  restartedMain] .m.c.i.MongoPersistentEntityIndexCreator : Analyzing class class com.ecommerce.cnj70.document.Cart$CartItem for index information
2026-09-25T18:04:51.865+07:00 DEBUG 36788 --- [CNJ70 Ecommerce] [  restartedMain] .m.c.i.MongoPersistentEntityIndexCreator : Analyzing class class com.ecommerce.cnj70.document.Category for index information
2026-09-25T18:04:51.933+07:00 DEBUG 36788 --- [CNJ70 Ecommerce] [  restartedMain] .m.c.i.MongoPersistentEntityIndexCreator : Analyzing class class com.ecommerce.cnj70.document.SchedulerIdempotencyRecord for index information
2026-09-25T18:04:52.448+07:00 DEBUG 36788 --- [CNJ70 Ecommerce] [  restartedMain] .m.c.i.MongoPersistentEntityIndexCreator : Analyzing class class com.ecommerce.cnj70.document.LegalDocument for index information
2026-09-25T18:04:52.546+07:00 DEBUG 36788 --- [CNJ70 Ecommerce] [  restartedMain] .m.c.i.MongoPersistentEntityIndexCreator : Analyzing class class com.ecommerce.cnj70.document.Shop for index information
2026-09-25T18:04:52.638+07:00 DEBUG 36788 --- [CNJ70 Ecommerce] [  restartedMain] .m.c.i.MongoPersistentEntityIndexCreator : Analyzing class class com.ecommerce.cnj70.document.Banner for index information
2026-09-25T18:04:52.868+07:00 DEBUG 36788 --- [CNJ70 Ecommerce] [  restartedMain] .m.c.i.MongoPersistentEntityIndexCreator : Analyzing class class com.ecommerce.cnj70.document.Voucher for index information
2026-09-25T18:04:52.958+07:00 DEBUG 36788 --- [CNJ70 Ecommerce] [  restartedMain] .m.c.i.MongoPersistentEntityIndexCreator : Analyzing class class com.ecommerce.cnj70.document.Order for index information
2026-09-25T18:04:53.050+07:00 DEBUG 36788 --- [CNJ70 Ecommerce] [  restartedMain] .m.c.i.MongoPersistentEntityIndexCreator : Analyzing class class com.ecommerce.cnj70.document.AuditLogEntry for index information
2026-09-25T18:04:53.595+07:00 DEBUG 36788 --- [CNJ70 Ecommerce] [  restartedMain] .m.c.i.MongoPersistentEntityIndexCreator : Analyzing class class com.ecommerce.cnj70.document.Order$OrderItem for index information
2026-09-25T18:04:53.596+07:00 DEBUG 36788 --- [CNJ70 Ecommerce] [  restartedMain] .m.c.i.MongoPersistentEntityIndexCreator : Analyzing class class com.ecommerce.cnj70.document.ProductSpecification for index information
2026-09-25T18:04:53.597+07:00 DEBUG 36788 --- [CNJ70 Ecommerce] [  restartedMain] .m.c.i.MongoPersistentEntityIndexCreator : Analyzing class class com.ecommerce.cnj70.document.ModerationHistory for index information
2026-09-25T18:04:53.731+07:00 DEBUG 36788 --- [CNJ70 Ecommerce] [  restartedMain] .m.c.i.MongoPersistentEntityIndexCreator : Analyzing class class com.ecommerce.cnj70.document.KycProfile for index information
2026-09-25T18:04:53.801+07:00 DEBUG 36788 --- [CNJ70 Ecommerce] [  restartedMain] .m.c.i.MongoPersistentEntityIndexCreator : Analyzing class class com.ecommerce.cnj70.document.ReturnRequest for index information
2026-09-25T18:04:54.234+07:00 DEBUG 36788 --- [CNJ70 Ecommerce] [  restartedMain] .m.c.i.MongoPersistentEntityIndexCreator : Analyzing class class com.ecommerce.cnj70.document.Review for index information
2026-09-25T18:04:54.514+07:00 DEBUG 36788 --- [CNJ70 Ecommerce] [  restartedMain] .m.c.i.MongoPersistentEntityIndexCreator : Analyzing class class com.ecommerce.cnj70.document.RefundRequest for index information
2026-09-25T18:04:55.144+07:00 DEBUG 36788 --- [CNJ70 Ecommerce] [  restartedMain] c.e.c.security.JwtAuthenticationFilter   : Filter 'jwtAuthenticationFilter' configured for use
2026-09-25T18:04:55.152+07:00  INFO 36788 --- [CNJ70 Ecommerce] [  restartedMain] o.s.b.d.a.OptionalLiveReloadServer       : LiveReload server is running on port 35729
2026-09-25T18:04:55.421+07:00  INFO 36788 --- [CNJ70 Ecommerce] [  restartedMain] c.ecommerce.cnj70.config.DotenvConfig    : Loaded environment variables from .env file
2026-09-25T18:04:56.568+07:00  INFO 36788 --- [CNJ70 Ecommerce] [  restartedMain] com.ecommerce.cnj70.util.CryptoUtil      : ENCRYPTION_KEY resolved from JVM system property
2026-09-25T18:04:56.581+07:00  INFO 36788 --- [CNJ70 Ecommerce] [  restartedMain] e.c.s.i.NoopAutoModerationResultProvider : NoopAutoModerationResultProvider active — Auto Moderation backend not wired in. Phase 2A UI will display 'Auto Moderation Result: not available'.
2026-09-25T18:04:56.606+07:00  INFO 36788 --- [CNJ70 Ecommerce] [  restartedMain] c.e.c.s.impl.LoggingEscalationWriter     : LoggingEscalationWriter active — Phase 3A Admin Escalation consumer not wired in. Escalations will be persisted to the 'escalations' collection only (no Admin notification).
2026-09-25T18:04:56.619+07:00  INFO 36788 --- [CNJ70 Ecommerce] [  restartedMain] c.e.c.s.i.NoopVerifiedPurchaseGateway    : NoopVerifiedPurchaseGateway active — Verified Purchase integration not wired in. Phase 2B UI will display 'Verified Purchase: not available'.
2026-09-25T18:04:56.621+07:00  INFO 36788 --- [CNJ70 Ecommerce] [  restartedMain] c.e.c.s.impl.NoopReviewReportGateway     : NoopReviewReportGateway active — ReportCase backend not wired in. Phase 2B UI will display 'Report Count: not available'.
2026-09-25T18:04:56.625+07:00  INFO 36788 --- [CNJ70 Ecommerce] [  restartedMain] c.s.i.NoopReviewViolationContextProvider : NoopReviewViolationContextProvider active — Review Violation backend not wired in. Phase 2B UI will display 'Auto Moderation Result: not available'.
2026-09-25T18:04:57.089+07:00  INFO 36788 --- [CNJ70 Ecommerce] [  restartedMain] o.s.s.web.DefaultSecurityFilterChain     : Will secure any request with [org.springframework.security.web.session.DisableEncodeUrlFilter@11419019, org.springframework.security.web.context.request.async.WebAsyncManagerIntegrationFilter@37cf369c, org.springframework.security.web.context.SecurityContextHolderFilter@250d5e75, org.springframework.security.web.header.HeaderWriterFilter@34bff5c8, org.springframework.web.filter.CorsFilter@7fd10eac, org.springframework.security.web.authentication.logout.LogoutFilter@6e891431, com.ecommerce.cnj70.security.JwtAuthenticationFilter@1ba06729, org.springframework.security.web.savedrequest.RequestCacheAwareFilter@3251f6cf, org.springframework.security.web.servletapi.SecurityContextHolderAwareRequestFilter@790b44f8, org.springframework.security.web.authentication.AnonymousAuthenticationFilter@690e228b, org.springframework.security.web.session.SessionManagementFilter@1c288874, org.springframework.security.web.access.ExceptionTranslationFilter@33f497ec, org.springframework.security.web.access.intercept.AuthorizationFilter@70dcd2b7]
2026-09-25T18:04:57.317+07:00  INFO 36788 --- [CNJ70 Ecommerce] [  restartedMain] o.s.b.w.embedded.tomcat.TomcatWebServer  : Tomcat started on port 8081 (http) with context path ''
2026-09-25T18:04:57.325+07:00  INFO 36788 --- [CNJ70 Ecommerce] [  restartedMain] c.e.cnj70.Cnj70EcommerceApplication      : Started Cnj70EcommerceApplication in 10.256 seconds (process running for 1410.066)
2026-09-25T18:04:57.327+07:00 DEBUG 36788 --- [CNJ70 Ecommerce] [  restartedMain] o.s.data.mongodb.core.MongoTemplate      : Executing count: {} in collection: legal_documents
2026-09-25T18:04:57.384+07:00  INFO 36788 --- [CNJ70 Ecommerce] [  restartedMain] c.e.cnj70.config.LegalDocumentSeeder     : [LegalDocumentSeeder] Legal documents already exist, skipping
2026-09-25T18:04:57.386+07:00 DEBUG 36788 --- [CNJ70 Ecommerce] [  restartedMain] o.s.data.mongodb.core.MongoTemplate      : find using query: {} fields: Document{{}} for class: class com.ecommerce.cnj70.document.Product in collection: products
2026-09-25T18:04:57.551+07:00 DEBUG 36788 --- [CNJ70 Ecommerce] [  restartedMain] o.s.data.mongodb.core.MongoTemplate      : Saving Document containing fields: [_id, shopId, shopName, name, description, price, stock, specifications, variants, status, moderationStatus, moderationActorId, moderationReason, moderationAt, rating, reviewCount, sold, createdAt, updatedAt, _class]
2026-09-25T18:04:57.613+07:00 DEBUG 36788 --- [CNJ70 Ecommerce] [  restartedMain] o.s.data.mongodb.core.MongoTemplate      : Saving Document containing fields: [_id, shopId, shopName, name, description, price, stock, specifications, variants, status, moderationStatus, moderationActorId, moderationAt, rating, reviewCount, sold, createdAt, updatedAt, _class]
2026-09-25T18:04:57.673+07:00 DEBUG 36788 --- [CNJ70 Ecommerce] [  restartedMain] o.s.data.mongodb.core.MongoTemplate      : Saving Document containing fields: [_id, shopId, shopName, name, description, price, stock, specifications, variants, status, moderationStatus, rating, reviewCount, sold, createdAt, updatedAt, _class]
2026-09-25T18:04:57.734+07:00  INFO 36788 --- [CNJ70 Ecommerce] [  restartedMain] c.e.cnj70.config.SoldCountSeeder         : Đã seed số 'Đã bán' cho 3 sản phẩm.
2026-09-25T18:04:57.741+07:00  INFO 36788 --- [CNJ70 Ecommerce] [  restartedMain] .ConditionEvaluationDeltaLoggingListener : Condition evaluation unchanged
